ID,collection_date,location
H-1,2023-05-24,KHM
M-1,2023-05-07,VNM
M-2,2023-05-06,VNM
M-3,2023-05-18,VNM
M-4,2023-05-17,VNM
M-5,2023-05-12,VNM
M-6,2023-05-10,VNM
M-7,2023-05-17,VNM
M-8,2023-05-12,VNM
H-2,2023-06-09,VNM
M-9,2023-05-13,VNM
H-3,2023-06-06,VNM
H-4,2023-06-05,VNM
M-10,2023-05-17,VNM
M-11,2023-05-24,VNM
M-12,2023-05-19,VNM
M-13,2023-05-22,VNM
M-14,2023-05-19,VNM
M-15,2023-05-21,VNM
M-16,2023-05-25,VNM
M-17,2023-05-22,VNM
M-18,2023-05-21,VNM
M-19,2023-05-22,VNM
M-20,2023-05-29,VNM
M-21,2023-05-23,VNM
M-22,2023-05-23,VNM
M-23,2023-05-22,VNM
M-24,2023-05-29,VNM
M-25,2023-06-04,VNM
M-26,2023-06-11,VNM
H-5,2023-06-19,VNM
H-6,2023-06-22,VNM
H-7,2023-06-23,VNM
H-8,2023-06-22,VNM
H-9,2023-06-22,VNM
M-27,2023-06-02,VNM
M-28,2023-06-05,VNM
M-29,2023-06-05,VNM
M-30,2023-06-04,VNM
M-31,2023-06-04,VNM
H-10,2023-06-27,VNM
M-32,2023-06-09,VNM
M-33,2023-06-16,VNM
H-11,2023-06-30,VNM
M-34,2023-06-06,VNM
M-35,2023-06-23,VNM
M-36,2023-06-08,VNM
M-37,2023-06-08,VNM
M-38,2023-06-08,VNM
M-39,2023-06-06,VNM
M-40,2023-06-14,VNM
M-41,2023-06-13,VNM
H-12,2023-07-03,VNM
M-42,2023-06-09,VNM
M-43,2023-06-09,VNM
M-44,2023-06-10,VNM
M-45,2023-06-09,VNM
M-46,2023-06-16,VNM
M-47,2023-06-09,VNM
H-13,2023-07-04,VNM
H-14,2023-07-04,VNM
M-48,2023-06-23,VNM
H-15,2023-07-03,CHN
H-16,2023-07-02,THA
M-49,2023-06-13,VNM
M-50,2023-06-10,VNM
M-51,2023-06-15,VNM
M-52,2023-06-17,VNM
M-53,2023-06-21,VNM
M-54,2023-06-21,VNM
M-55,2023-06-19,VNM
H-17,2023-07-08,VNM
H-18,2023-07-06,VNM
M-56,2023-06-16,VNM
M-57,2023-06-13,VNM
M-58,2023-06-13,VNM
M-59,2023-06-23,VNM
M-60,2023-06-19,VNM
M-61,2023-06-19,VNM
M-62,2023-06-16,VNM
M-63,2023-06-21,VNM
M-64,2023-06-20,VNM
M-65,2023-06-26,VNM
M-66,2023-06-17,VNM
H-19,2023-07-09,VNM
M-67,2023-06-23,VNM
M-68,2023-06-15,VNM
M-69,2023-06-30,VNM
M-70,2023-06-21,VNM
M-71,2023-06-22,VNM
H-20,2023-07-12,VNM
M-72,2023-06-26,VNM
M-73,2023-06-16,VNM
M-74,2023-06-22,VNM
M-75,2023-06-21,VNM
M-76,2023-06-15,VNM
M-77,2023-06-15,VNM
M-78,2023-06-17,VNM
M-79,2023-06-19,VNM
H-21,2023-07-14,VNM
H-22,2023-07-09,VNM
H-23,2023-07-12,VNM
H-24,2023-07-12,VNM
H-25,2023-07-09,VNM
M-80,2023-06-26,VNM
M-81,2023-06-16,VNM
M-82,2023-06-19,VNM
M-83,2023-07-07,VNM
M-84,2023-06-17,VNM
M-85,2023-06-20,VNM
H-26,2023-07-14,VNM
H-27,2023-07-12,VNM
H-28,2023-07-09,VNM
H-29,2023-07-12,VNM
H-30,2023-07-10,VNM
M-86,2023-06-19,VNM
M-87,2023-06-17,VNM
M-88,2023-07-04,VNM
M-89,2023-06-23,VNM
M-90,2023-06-28,VNM
M-91,2023-06-25,VNM
M-92,2023-06-20,VNM
M-93,2023-06-19,VNM
M-94,2023-06-21,VNM
H-31,2023-07-12,VNM
M-95,2023-06-26,VNM
M-96,2023-06-20,VNM
M-97,2023-07-04,VNM
M-98,2023-06-26,VNM
M-99,2023-06-21,VNM
H-32,2023-07-15,KHM
H-33,2023-07-15,VNM
H-34,2023-07-14,THA
M-100,2023-07-02,VNM
M-101,2023-06-23,VNM
M-102,2023-06-25,VNM
M-103,2023-06-21,VNM
M-104,2023-06-21,VNM
M-105,2023-06-20,VNM
M-106,2023-06-21,VNM
M-107,2023-06-26,VNM
M-108,2023-06-22,VNM
M-109,2023-06-21,VNM
H-35,2023-07-17,VNM
H-36,2023-07-14,VNM
H-37,2023-07-15,VNM
H-38,2023-07-18,VNM
M-110,2023-07-01,VNM
M-111,2023-06-23,CHN
M-112,2023-06-21,VNM
M-113,2023-06-21,VNM
M-114,2023-07-02,VNM
M-115,2023-06-21,VNM
M-116,2023-07-01,VNM
M-117,2023-06-28,VNM
M-118,2023-06-22,VNM
M-119,2023-06-23,VNM
M-120,2023-06-25,VNM
M-121,2023-07-02,VNM
H-39,2023-07-18,VNM
H-40,2023-07-15,THA
M-122,2023-07-08,VNM
M-123,2023-06-25,VNM
M-124,2023-06-22,CHN
M-125,2023-06-22,VNM
M-126,2023-06-23,VNM
M-127,2023-06-22,VNM
M-128,2023-06-21,VNM
M-129,2023-06-21,VNM
M-130,2023-06-26,VNM
M-131,2023-06-25,VNM
M-132,2023-06-22,VNM
M-133,2023-06-25,VNM
M-134,2023-06-23,VNM
M-135,2023-06-28,VNM
M-136,2023-06-21,VNM
H-41,2023-07-19,KHM
H-42,2023-07-18,VNM
H-43,2023-07-17,VNM
H-44,2023-07-17,THA
H-45,2023-07-19,VNM
M-137,2023-06-30,CHN
M-138,2023-06-28,VNM
M-139,2023-06-23,VNM
M-140,2023-06-26,VNM
M-141,2023-06-27,VNM
M-142,2023-06-26,VNM
M-143,2023-06-27,VNM
M-144,2023-07-03,VNM
M-145,2023-06-27,VNM
M-146,2023-07-04,VNM
M-147,2023-06-27,VNM
M-148,2023-07-07,VNM
M-149,2023-06-22,VNM
H-46,2023-07-17,VNM
H-47,2023-07-17,VNM
H-48,2023-07-19,VNM
H-49,2023-07-19,CHN
H-50,2023-07-17,KHM
H-51,2023-07-17,VNM
H-52,2023-07-21,VNM
M-150,2023-06-25,VNM
M-151,2023-07-01,VNM
M-152,2023-06-23,VNM
M-153,2023-07-01,VNM
M-154,2023-07-12,VNM
M-155,2023-06-25,VNM
M-156,2023-06-30,VNM
M-157,2023-06-26,VNM
M-158,2023-06-25,VNM
M-159,2023-06-28,VNM
M-160,2023-06-26,VNM
M-161,2023-06-25,VNM
M-162,2023-06-25,VNM
H-53,2023-07-18,CHN
H-54,2023-07-20,VNM
H-55,2023-07-19,VNM
M-163,2023-07-02,VNM
M-164,2023-07-07,VNM
M-165,2023-06-30,VNM
M-166,2023-07-04,VNM
M-167,2023-06-28,VNM
M-168,2023-06-26,VNM
M-169,2023-06-28,VNM
M-170,2023-06-30,VNM
M-171,2023-06-26,VNM
M-172,2023-07-08,VNM
M-173,2023-07-01,VNM
M-174,2023-07-08,VNM
M-175,2023-07-02,VNM
M-176,2023-07-01,VNM
M-177,2023-07-02,VNM
M-178,2023-07-04,VNM
M-179,2023-07-08,VNM
M-180,2023-07-19,VNM
H-56,2023-07-24,THA
H-57,2023-07-19,VNM
H-58,2023-07-18,VNM
H-59,2023-07-19,CHN
H-60,2023-07-19,LAO
M-181,2023-07-19,VNM
M-182,2023-06-30,VNM
M-183,2023-07-02,VNM
M-184,2023-07-03,VNM
M-185,2023-06-26,VNM
M-186,2023-06-27,VNM
M-187,2023-07-14,VNM
M-188,2023-06-26,VNM
M-189,2023-06-30,VNM
M-190,2023-07-01,VNM
M-191,2023-06-30,VNM
M-192,2023-06-26,VNM
M-193,2023-06-26,VNM
M-194,2023-06-27,VNM
M-195,2023-06-30,VNM
H-61,2023-07-19,VNM
H-62,2023-07-19,VNM
H-63,2023-07-19,VNM
H-64,2023-07-20,VNM
M-196,2023-07-04,VNM
M-197,2023-06-30,VNM
M-198,2023-07-03,VNM
M-199,2023-06-26,VNM
M-200,2023-06-30,VNM
M-201,2023-07-27,VNM
M-202,2023-07-08,VNM
M-203,2023-06-26,VNM
M-204,2023-07-02,VNM
M-205,2023-07-07,VNM
M-206,2023-06-26,VNM
M-207,2023-07-02,VNM
M-208,2023-07-04,VNM
H-65,2023-07-21,THA
H-66,2023-07-21,VNM
M-209,2023-06-27,VNM
M-210,2023-06-28,VNM
M-211,2023-07-03,VNM
M-212,2023-07-02,VNM
M-213,2023-06-28,VNM
M-214,2023-07-06,VNM
M-215,2023-07-03,VNM
M-216,2023-07-07,VNM
M-217,2023-07-02,VNM
M-218,2023-06-28,VNM
M-219,2023-07-10,VNM
M-220,2023-08-05,VNM
M-221,2023-06-28,VNM
M-222,2023-07-01,VNM
M-223,2023-06-28,VNM
M-224,2023-07-09,VNM
M-225,2023-06-28,VNM
M-226,2023-06-27,VNM
M-227,2023-07-13,VNM
M-228,2023-06-28,VNM
M-229,2023-07-02,VNM
M-230,2023-07-02,VNM
M-231,2023-07-02,VNM
M-232,2023-07-02,VNM
M-233,2023-07-04,VNM
H-67,2023-07-20,VNM
H-68,2023-07-25,VNM
H-69,2023-07-23,VNM
H-70,2023-07-23,CHN
H-71,2023-07-23,VNM
H-72,2023-07-20,KHM
M-234,2023-07-03,VNM
M-235,2023-07-01,VNM
M-236,2023-07-01,VNM
M-237,2023-06-28,VNM
M-238,2023-06-30,VNM
M-239,2023-07-10,VNM
M-240,2023-07-02,VNM
M-241,2023-06-28,VNM
M-242,2023-07-09,VNM
M-243,2023-07-02,VNM
M-244,2023-06-30,VNM
M-245,2023-07-02,VNM
M-246,2023-07-01,VNM
M-247,2023-07-13,VNM
M-248,2023-06-30,VNM
M-249,2023-07-08,VNM
M-250,2023-06-30,VNM
M-251,2023-07-02,VNM
M-252,2023-06-28,VNM
M-253,2023-07-14,VNM
M-254,2023-07-06,VNM
M-255,2023-07-02,VNM
M-256,2023-06-28,VNM
M-257,2023-06-30,VNM
M-258,2023-07-03,VNM
H-73,2023-07-23,VNM
H-74,2023-07-25,VNM
H-75,2023-07-25,THA
H-76,2023-07-24,CHN
H-77,2023-07-26,VNM
H-78,2023-07-25,VNM
H-79,2023-07-23,VNM
H-80,2023-07-25,THA
H-81,2023-07-26,KHM
M-259,2023-07-08,VNM
M-260,2023-07-03,VNM
M-261,2023-06-30,VNM
M-262,2023-07-02,VNM
M-263,2023-06-30,VNM
M-264,2023-07-03,VNM
M-265,2023-06-30,VNM
M-266,2023-07-02,VNM
M-267,2023-07-02,VNM
M-268,2023-07-09,VNM
M-269,2023-06-30,VNM
M-270,2023-07-01,VNM
M-271,2023-07-03,VNM
M-272,2023-07-09,VNM
M-273,2023-06-30,VNM
M-274,2023-07-03,VNM
M-275,2023-07-08,VNM
M-276,2023-07-01,VNM
M-277,2023-07-02,VNM
M-278,2023-07-01,VNM
M-279,2023-07-15,VNM
M-280,2023-06-30,VNM
M-281,2023-07-14,VNM
M-282,2023-07-01,VNM
M-283,2023-07-06,VNM
M-284,2023-07-02,VNM
H-82,2023-07-25,VNM
H-83,2023-07-25,VNM
H-84,2023-07-25,VNM
H-85,2023-07-25,VNM
H-86,2023-07-25,VNM
H-87,2023-07-26,VNM
H-88,2023-07-25,VNM
H-89,2023-07-26,VNM
H-90,2023-07-25,VNM
M-285,2023-07-07,VNM
M-286,2023-07-08,VNM
M-287,2023-07-02,VNM
M-288,2023-07-08,VNM
M-289,2023-07-02,VNM
M-290,2023-07-02,VNM
M-291,2023-07-02,VNM
M-292,2023-07-06,VNM
M-293,2023-07-01,VNM
M-294,2023-07-07,VNM
M-295,2023-07-02,VNM
M-296,2023-07-09,VNM
M-297,2023-07-13,VNM
M-298,2023-07-08,VNM
M-299,2023-07-03,VNM
M-300,2023-07-01,VNM
M-301,2023-07-02,VNM
M-302,2023-07-15,VNM
M-303,2023-07-23,VNM
M-304,2023-07-08,VNM
H-100,2023-07-25,VNM
H-91,2023-07-27,THA
H-92,2023-07-29,LAO
H-93,2023-07-26,VNM
H-94,2023-07-25,VNM
H-95,2023-07-25,VNM
H-96,2023-07-27,VNM
H-97,2023-07-25,VNM
H-98,2023-07-27,VNM
H-99,2023-07-25,VNM
M-305,2023-07-02,VNM
M-306,2023-07-14,VNM
M-307,2023-07-19,VNM
M-308,2023-07-09,VNM
M-309,2023-07-07,VNM
M-310,2023-07-03,VNM
M-311,2023-07-07,VNM
M-312,2023-07-08,VNM
M-313,2023-07-08,VNM
M-314,2023-07-03,VNM
M-315,2023-07-02,VNM
M-316,2023-07-10,VNM
M-317,2023-07-17,VNM
M-318,2023-07-02,VNM
M-319,2023-07-13,VNM
M-320,2023-07-04,VNM
M-321,2023-07-02,VNM
M-322,2023-07-02,VNM
M-323,2023-07-02,VNM
M-324,2023-07-09,VNM
M-325,2023-07-02,VNM
M-326,2023-07-02,VNM
M-327,2023-07-06,VNM
M-328,2023-07-08,VNM
M-329,2023-07-06,VNM
M-330,2023-07-08,VNM
M-331,2023-07-09,VNM
M-332,2023-07-02,VNM
M-333,2023-07-02,VNM
H-101,2023-07-26,VNM
H-102,2023-07-25,VNM
H-103,2023-07-26,VNM
H-104,2023-07-26,VNM
H-105,2023-07-29,VNM
H-106,2023-07-25,VNM
H-107,2023-07-25,VNM
H-108,2023-07-26,VNM
H-109,2023-07-26,VNM
H-110,2023-07-27,VNM
H-111,2023-07-29,VNM
H-112,2023-07-30,VNM
H-113,2023-07-29,VNM
M-334,2023-07-03,VNM
M-335,2023-07-09,VNM
M-336,2023-07-04,VNM
M-337,2023-07-03,VNM
M-338,2023-07-08,VNM
M-339,2023-07-08,VNM
M-340,2023-07-03,VNM
M-341,2023-07-02,VNM
M-342,2023-07-02,VNM
M-343,2023-07-02,VNM
M-344,2023-07-08,VNM
M-345,2023-07-08,VNM
M-346,2023-07-03,VNM
M-347,2023-07-14,VNM
M-348,2023-07-03,VNM
M-349,2023-07-07,VNM
M-350,2023-07-09,VNM
M-351,2023-07-06,VNM
M-352,2023-07-10,VNM
M-353,2023-07-07,VNM
M-354,2023-07-03,VNM
M-355,2023-07-08,VNM
M-356,2023-07-02,VNM
M-357,2023-07-10,VNM
M-358,2023-07-27,VNM
M-359,2023-07-04,VNM
M-360,2023-07-13,VNM
M-361,2023-07-09,VNM
M-362,2023-07-08,VNM
M-363,2023-07-06,VNM
M-364,2023-07-08,VNM
M-365,2023-07-24,VNM
M-366,2023-07-09,VNM
M-367,2023-07-02,VNM
M-368,2023-07-08,VNM
M-369,2023-07-19,VNM
M-370,2023-07-15,VNM
M-371,2023-07-13,VNM
M-372,2023-07-08,VNM
M-373,2023-07-08,VNM
M-374,2023-07-08,VNM
M-375,2023-07-04,VNM
H-114,2023-07-25,VNM
H-115,2023-07-31,VNM
H-116,2023-07-27,VNM
H-117,2023-07-29,VNM
H-118,2023-07-30,VNM
H-119,2023-07-27,VNM
H-120,2023-07-30,VNM
H-121,2023-07-27,VNM
M-376,2023-07-04,VNM
M-377,2023-07-09,VNM
M-378,2023-07-10,VNM
M-379,2023-07-08,VNM
M-380,2023-07-04,VNM
M-381,2023-07-06,VNM
M-382,2023-07-04,VNM
M-383,2023-07-06,VNM
M-384,2023-07-12,VNM
M-385,2023-07-08,VNM
M-386,2023-07-15,VNM
M-387,2023-07-07,VNM
M-388,2023-07-15,VNM
M-389,2023-07-13,VNM
M-390,2023-07-12,VNM
M-391,2023-07-03,VNM
M-392,2023-07-08,VNM
M-393,2023-07-08,VNM
M-394,2023-07-08,VNM
M-395,2023-07-08,VNM
M-396,2023-07-04,VNM
M-397,2023-07-27,VNM
M-398,2023-07-08,CHN
M-399,2023-07-19,VNM
M-400,2023-07-03,VNM
M-401,2023-07-15,VNM
M-402,2023-07-12,VNM
M-403,2023-07-19,VNM
M-404,2023-07-30,VNM
M-405,2023-07-07,VNM
M-406,2023-07-04,VNM
H-122,2023-07-31,CHN
H-123,2023-07-30,VNM
H-124,2023-07-30,CHN
H-125,2023-07-25,VNM
H-126,2023-07-30,VNM
H-127,2023-07-30,KHM
H-128,2023-07-29,KHM
H-129,2023-07-29,VNM
H-130,2023-07-29,VNM
H-131,2023-07-27,VNM
H-132,2023-07-31,VNM
M-407,2023-07-08,VNM
M-408,2023-07-07,VNM
M-409,2023-07-19,VNM
M-410,2023-07-12,VNM
M-411,2023-07-04,VNM
M-412,2023-07-14,VNM
M-413,2023-07-23,VNM
M-414,2023-07-08,VNM
M-415,2023-07-27,VNM
M-416,2023-07-20,VNM
M-417,2023-07-09,VNM
M-418,2023-07-17,VNM
M-419,2023-07-12,VNM
M-420,2023-07-08,VNM
M-421,2023-07-06,VNM
M-422,2023-07-04,VNM
M-423,2023-07-08,VNM
M-424,2023-07-25,VNM
M-425,2023-07-04,VNM
M-426,2023-07-06,VNM
M-427,2023-07-06,VNM
M-428,2023-07-08,VNM
M-429,2023-07-04,VNM
M-430,2023-07-20,THA
M-431,2023-07-06,THA
M-432,2023-07-06,VNM
M-433,2023-07-21,VNM
M-434,2023-07-07,VNM
M-435,2023-07-10,VNM
M-436,2023-07-14,VNM
M-437,2023-07-20,VNM
M-438,2023-07-13,VNM
M-439,2023-07-08,VNM
H-133,2023-07-31,VNM
H-134,2023-07-31,VNM
H-135,2023-08-01,CHN
H-136,2023-07-27,VNM
H-137,2023-07-31,VNM
H-138,2023-07-31,THA
H-139,2023-07-31,VNM
H-140,2023-07-31,VNM
H-141,2023-07-30,VNM
H-142,2023-08-01,VNM
H-143,2023-07-31,VNM
H-144,2023-07-31,KHM
M-440,2023-07-08,VNM
M-441,2023-07-10,VNM
M-442,2023-08-01,CHN
M-443,2023-07-07,VNM
M-444,2023-07-09,VNM
M-445,2023-07-06,VNM
M-446,2023-07-06,VNM
M-447,2023-07-08,VNM
M-448,2023-07-15,VNM
M-449,2023-07-25,VNM
M-450,2023-07-25,CHN
M-451,2023-07-12,VNM
M-452,2023-07-08,VNM
M-453,2023-07-06,VNM
M-454,2023-07-17,VNM
M-455,2023-07-07,VNM
M-456,2023-07-19,THA
M-457,2023-07-07,THA
M-458,2023-07-10,VNM
M-459,2023-07-12,VNM
M-460,2023-07-15,VNM
M-461,2023-07-07,VNM
M-462,2023-07-06,VNM
M-463,2023-07-07,VNM
M-464,2023-07-13,VNM
H-145,2023-08-01,VNM
H-146,2023-08-01,VNM
H-147,2023-07-30,THA
H-148,2023-07-27,VNM
H-149,2023-07-29,VNM
H-150,2023-07-29,VNM
H-151,2023-08-01,VNM
H-152,2023-08-02,VNM
H-153,2023-07-30,VNM
H-154,2023-07-30,THA
H-155,2023-07-31,VNM
H-156,2023-08-01,VNM
H-157,2023-07-31,CHN
M-465,2023-07-07,VNM
M-466,2023-07-14,VNM
M-467,2023-07-07,VNM
M-468,2023-07-31,VNM
M-469,2023-07-08,VNM
M-470,2023-07-08,VNM
M-471,2023-07-09,VNM
M-472,2023-07-07,CHN
M-473,2023-07-08,VNM
M-474,2023-07-31,VNM
M-475,2023-07-08,VNM
M-476,2023-07-07,VNM
M-477,2023-07-19,VNM
M-478,2023-07-31,VNM
M-479,2023-07-08,VNM
M-480,2023-07-07,VNM
M-481,2023-07-15,VNM
M-482,2023-07-14,VNM
M-483,2023-07-12,VNM
M-484,2023-07-25,VNM
M-485,2023-07-08,VNM
M-486,2023-07-09,VNM
M-487,2023-07-08,CHN
M-488,2023-07-10,VNM
M-489,2023-07-14,VNM
M-490,2023-07-08,VNM
M-491,2023-07-13,VNM
M-492,2023-07-14,VNM
M-493,2023-07-13,VNM
M-494,2023-07-08,VNM
M-495,2023-07-09,VNM
M-496,2023-07-14,VNM
M-497,2023-07-26,THA
M-498,2023-07-12,THA
M-499,2023-07-14,THA
M-500,2023-07-08,VNM
M-501,2023-07-13,VNM
M-502,2023-07-14,VNM
M-503,2023-07-31,VNM
M-504,2023-07-10,VNM
M-505,2023-07-07,VNM
M-506,2023-07-09,VNM
M-507,2023-07-07,VNM
M-508,2023-07-07,VNM
M-509,2023-07-12,VNM
M-510,2023-07-08,VNM
M-511,2023-07-07,LAO
M-512,2023-07-13,VNM
M-513,2023-07-10,VNM
M-514,2023-07-19,VNM
M-515,2023-07-29,VNM
M-516,2023-07-12,VNM
M-517,2023-07-12,VNM
H-158,2023-08-01,VNM
H-159,2023-08-01,VNM
H-160,2023-07-31,VNM
H-161,2023-07-31,VNM
H-162,2023-08-01,VNM
H-163,2023-07-31,VNM
H-164,2023-08-01,CHN
H-165,2023-07-31,VNM
H-166,2023-07-31,VNM
H-167,2023-08-01,VNM
M-518,2023-07-09,VNM
M-519,2023-07-20,VNM
M-520,2023-07-21,VNM
M-521,2023-07-09,VNM
M-522,2023-07-23,VNM
M-523,2023-07-08,VNM
M-524,2023-07-19,VNM
M-525,2023-07-10,VNM
M-526,2023-07-08,VNM
M-527,2023-07-12,VNM
M-528,2023-07-14,VNM
M-529,2023-07-08,VNM
M-530,2023-07-08,VNM
M-531,2023-07-10,VNM
M-532,2023-07-08,VNM
M-533,2023-07-25,VNM
M-534,2023-07-13,VNM
M-535,2023-07-08,VNM
M-536,2023-07-10,VNM
M-537,2023-07-14,VNM
M-538,2023-07-08,VNM
M-539,2023-07-13,VNM
M-540,2023-07-08,VNM
M-541,2023-07-08,THA
M-542,2023-07-08,THA
M-543,2023-07-21,KHM
M-544,2023-07-17,KHM
M-545,2023-07-13,VNM
M-546,2023-07-18,VNM
M-547,2023-08-11,VNM
M-548,2023-07-08,VNM
M-549,2023-07-13,VNM
M-550,2023-07-18,VNM
M-551,2023-07-14,VNM
M-552,2023-07-23,VNM
M-553,2023-07-20,LAO
M-554,2023-07-31,VNM
M-555,2023-07-10,VNM
M-556,2023-07-08,VNM
M-557,2023-07-15,VNM
M-558,2023-07-08,VNM
M-559,2023-07-09,VNM
H-168,2023-08-04,VNM
H-169,2023-08-02,VNM
H-170,2023-08-02,VNM
H-171,2023-07-31,VNM
H-172,2023-08-02,VNM
H-173,2023-08-02,VNM
H-174,2023-08-04,VNM
H-175,2023-08-02,VNM
H-176,2023-07-31,VNM
H-177,2023-08-02,VNM
H-178,2023-07-30,THA
H-179,2023-08-05,VNM
H-180,2023-08-05,CHN
H-181,2023-08-02,VNM
H-182,2023-08-05,VNM
H-183,2023-08-04,VNM
H-184,2023-08-05,VNM
M-560,2023-07-19,VNM
M-561,2023-07-21,VNM
M-562,2023-07-09,VNM
M-563,2023-07-10,VNM
M-564,2023-07-09,VNM
M-565,2023-07-19,VNM
M-566,2023-07-08,VNM
M-567,2023-07-10,VNM
M-568,2023-07-13,VNM
M-569,2023-07-14,VNM
M-570,2023-07-15,VNM
M-571,2023-07-14,VNM
M-572,2023-07-14,VNM
M-573,2023-07-12,VNM
M-574,2023-07-13,VNM
M-575,2023-07-13,VNM
M-576,2023-07-14,VNM
M-577,2023-07-17,VNM
M-578,2023-07-09,VNM
M-579,2023-07-17,VNM
M-580,2023-07-09,VNM
M-581,2023-07-14,KHM
M-582,2023-07-14,VNM
M-583,2023-07-29,VNM
M-584,2023-07-08,VNM
M-585,2023-07-14,VNM
M-586,2023-07-09,VNM
M-587,2023-07-08,VNM
M-588,2023-07-12,VNM
M-589,2023-07-12,VNM
M-590,2023-07-08,VNM
M-591,2023-07-19,VNM
M-592,2023-07-08,VNM
M-593,2023-07-23,VNM
M-594,2023-07-18,VNM
M-595,2023-07-15,THA
M-596,2023-07-08,KHM
M-597,2023-07-09,KHM
M-598,2023-07-09,VNM
M-599,2023-07-14,VNM
M-600,2023-08-01,VNM
M-601,2023-07-15,VNM
M-602,2023-07-15,VNM
M-603,2023-07-17,VNM
M-604,2023-07-29,VNM
M-605,2023-07-21,VNM
M-606,2023-07-14,LAO
M-607,2023-07-08,LAO
M-608,2023-07-08,VNM
M-609,2023-07-08,VNM
M-610,2023-07-08,VNM
M-611,2023-07-20,VNM
M-612,2023-07-10,VNM
M-613,2023-07-12,VNM
H-185,2023-08-04,VNM
H-186,2023-08-05,VNM
H-187,2023-07-31,VNM
H-188,2023-08-05,KHM
H-189,2023-08-02,VNM
H-190,2023-08-04,VNM
H-191,2023-08-02,VNM
H-192,2023-08-01,VNM
H-193,2023-08-01,VNM
H-194,2023-08-02,CHN
H-195,2023-08-05,THA
H-196,2023-08-05,VNM
H-197,2023-08-05,VNM
H-198,2023-08-02,CHN
H-199,2023-08-02,VNM
M-614,2023-07-09,VNM
M-615,2023-07-14,VNM
M-616,2023-07-09,VNM
M-617,2023-07-13,VNM
M-618,2023-07-09,VNM
M-619,2023-07-19,VNM
M-620,2023-07-09,VNM
M-621,2023-07-09,VNM
M-622,2023-07-21,VNM
M-623,2023-07-09,VNM
M-624,2023-07-12,VNM
M-625,2023-07-10,VNM
M-626,2023-07-14,VNM
M-627,2023-07-14,VNM
M-628,2023-07-19,VNM
M-629,2023-07-18,VNM
M-630,2023-07-19,VNM
M-631,2023-07-10,VNM
M-632,2023-07-12,KHM
M-633,2023-07-17,VNM
M-634,2023-07-14,VNM
M-635,2023-07-10,VNM
M-636,2023-07-09,VNM
M-637,2023-07-21,VNM
M-638,2023-07-14,VNM
M-639,2023-07-10,VNM
M-640,2023-07-20,VNM
M-641,2023-07-14,VNM
M-642,2023-07-12,VNM
M-643,2023-07-10,VNM
M-644,2023-07-14,VNM
M-645,2023-07-18,VNM
M-646,2023-07-10,VNM
M-647,2023-07-14,VNM
M-648,2023-07-15,VNM
M-649,2023-07-18,VNM
M-650,2023-07-14,VNM
M-651,2023-07-14,VNM
M-652,2023-07-09,VNM
M-653,2023-07-12,VNM
M-654,2023-07-17,VNM
M-655,2023-07-09,VNM
M-656,2023-07-13,VNM
M-657,2023-07-15,VNM
M-658,2023-07-12,VNM
M-659,2023-07-17,VNM
M-660,2023-07-18,KHM
M-661,2023-07-12,VNM
M-662,2023-07-18,VNM
M-663,2023-07-14,VNM
M-664,2023-07-14,VNM
M-665,2023-07-14,VNM
M-666,2023-07-14,VNM
M-667,2023-07-14,VNM
M-668,2023-07-18,VNM
M-669,2023-07-15,VNM
M-670,2023-07-15,LAO
M-671,2023-07-25,VNM
M-672,2023-07-14,VNM
H-200,2023-08-01,KHM
H-201,2023-07-31,KHM
H-202,2023-08-04,VNM
H-203,2023-08-05,VNM
H-204,2023-08-02,VNM
H-205,2023-08-04,VNM
H-206,2023-08-09,THA
H-207,2023-08-02,VNM
H-208,2023-08-05,VNM
H-209,2023-08-05,VNM
H-210,2023-08-05,VNM
H-211,2023-08-05,VNM
H-212,2023-08-04,VNM
H-213,2023-07-31,VNM
H-214,2023-08-05,VNM
H-215,2023-08-04,CHN
H-216,2023-08-05,VNM
H-217,2023-08-05,VNM
H-218,2023-08-04,CHN
H-219,2023-08-04,VNM
H-220,2023-08-02,VNM
H-221,2023-08-05,VNM
H-222,2023-08-05,VNM
H-223,2023-08-04,THA
H-224,2023-07-30,VNM
H-225,2023-08-02,VNM
H-226,2023-08-05,CHN
M-673,2023-07-17,VNM
M-674,2023-07-15,VNM
M-675,2023-07-12,VNM
M-676,2023-07-17,VNM
M-677,2023-07-14,VNM
M-678,2023-07-19,VNM
M-679,2023-07-25,VNM
M-680,2023-07-12,VNM
M-681,2023-07-21,VNM
M-682,2023-07-10,VNM
M-683,2023-07-18,VNM
M-684,2023-07-19,VNM
M-685,2023-07-10,VNM
M-686,2023-07-12,VNM
M-687,2023-07-30,VNM
M-688,2023-07-12,VNM
M-689,2023-07-15,VNM
M-690,2023-07-13,VNM
M-691,2023-07-14,VNM
M-692,2023-07-13,VNM
M-693,2023-07-21,VNM
M-694,2023-07-17,VNM
M-695,2023-07-14,VNM
M-696,2023-07-10,VNM
M-697,2023-07-17,VNM
M-698,2023-07-10,VNM
M-699,2023-07-10,VNM
M-700,2023-07-12,VNM
M-701,2023-07-15,VNM
M-702,2023-07-19,VNM
M-703,2023-07-10,VNM
M-704,2023-07-14,VNM
M-705,2023-07-12,VNM
M-706,2023-07-24,VNM
M-707,2023-07-27,VNM
M-708,2023-07-12,VNM
M-709,2023-07-14,VNM
M-710,2023-07-18,VNM
M-711,2023-07-10,VNM
M-712,2023-07-12,VNM
M-713,2023-08-05,THA
M-714,2023-07-12,VNM
M-715,2023-07-10,VNM
M-716,2023-08-05,VNM
M-717,2023-07-10,VNM
M-718,2023-07-19,VNM
M-719,2023-07-24,VNM
M-720,2023-07-15,VNM
M-721,2023-07-18,VNM
M-722,2023-07-15,VNM
M-723,2023-07-13,VNM
M-724,2023-07-30,VNM
M-725,2023-07-18,VNM
M-726,2023-07-10,VNM
M-727,2023-07-20,VNM
M-728,2023-08-11,VNM
M-729,2023-07-10,VNM
M-730,2023-07-17,LAO
M-731,2023-08-05,LAO
M-732,2023-07-14,VNM
M-733,2023-07-18,VNM
M-734,2023-07-29,VNM
M-735,2023-07-10,VNM
H-227,2023-08-06,VNM
H-228,2023-08-05,VNM
H-229,2023-08-05,VNM
H-230,2023-08-04,VNM
H-231,2023-08-05,VNM
H-232,2023-08-05,CHN
H-233,2023-08-05,VNM
H-234,2023-08-01,VNM
H-235,2023-08-07,VNM
H-236,2023-08-06,VNM
H-237,2023-08-06,VNM
H-238,2023-08-06,THA
H-239,2023-08-06,VNM
H-240,2023-08-02,CHN
H-241,2023-08-05,THA
H-242,2023-08-05,CHN
H-243,2023-08-02,VNM
H-244,2023-08-09,VNM
H-245,2023-08-05,VNM
H-246,2023-08-05,VNM
H-247,2023-08-02,VNM
M-736,2023-07-29,VNM
M-737,2023-07-12,VNM
M-738,2023-08-06,VNM
M-739,2023-07-23,VNM
M-740,2023-07-24,VNM
M-741,2023-07-12,VNM
M-742,2023-07-30,VNM
M-743,2023-07-14,VNM
M-744,2023-07-17,VNM
M-745,2023-08-05,VNM
M-746,2023-07-14,VNM
M-747,2023-07-14,VNM
M-748,2023-07-26,VNM
M-749,2023-07-25,VNM
M-750,2023-08-06,VNM
M-751,2023-07-14,VNM
M-752,2023-07-13,VNM
M-753,2023-07-14,VNM
M-754,2023-07-12,VNM
M-755,2023-08-02,VNM
M-756,2023-07-14,VNM
M-757,2023-07-24,VNM
M-758,2023-07-20,VNM
M-759,2023-07-17,VNM
M-760,2023-07-30,VNM
M-761,2023-08-11,VNM
M-762,2023-07-12,VNM
M-763,2023-07-17,VNM
M-764,2023-07-18,VNM
M-765,2023-07-13,VNM
M-766,2023-07-12,VNM
M-767,2023-07-12,VNM
M-768,2023-07-15,VNM
M-769,2023-07-12,VNM
M-770,2023-07-19,VNM
M-771,2023-07-13,VNM
M-772,2023-07-19,KHM
M-773,2023-07-12,KHM
M-774,2023-07-18,KHM
M-775,2023-07-18,VNM
M-776,2023-07-14,VNM
M-777,2023-07-25,VNM
M-778,2023-07-13,VNM
M-779,2023-07-23,VNM
M-780,2023-07-14,VNM
M-781,2023-07-12,VNM
M-782,2023-07-20,VNM
M-783,2023-07-13,VNM
M-784,2023-07-17,VNM
M-785,2023-07-13,VNM
M-786,2023-07-12,VNM
M-787,2023-07-15,CHN
M-788,2023-07-19,VNM
M-789,2023-07-14,VNM
M-790,2023-07-17,VNM
M-791,2023-07-19,VNM
M-792,2023-07-15,VNM
M-793,2023-07-25,LAO
M-794,2023-07-15,LAO
M-795,2023-07-14,VNM
M-796,2023-07-12,VNM
M-797,2023-07-12,VNM
M-798,2023-07-14,VNM
H-248,2023-08-05,KHM
H-249,2023-08-06,VNM
H-250,2023-08-02,VNM
H-251,2023-08-05,LAO
H-252,2023-08-05,VNM
H-253,2023-08-05,VNM
H-254,2023-08-05,VNM
H-255,2023-08-05,VNM
H-256,2023-08-07,VNM
H-257,2023-08-05,VNM
H-258,2023-08-05,VNM
H-259,2023-08-07,VNM
H-260,2023-08-06,VNM
H-261,2023-08-05,VNM
H-262,2023-08-06,VNM
M-799,2023-07-14,VNM
M-800,2023-07-13,VNM
M-801,2023-07-26,VNM
M-802,2023-07-13,VNM
M-803,2023-08-01,VNM
M-804,2023-07-26,VNM
M-805,2023-07-20,VNM
M-806,2023-07-19,VNM
M-807,2023-07-15,VNM
M-808,2023-07-13,VNM
M-809,2023-07-17,VNM
M-810,2023-07-14,VNM
M-811,2023-07-18,VNM
M-812,2023-07-14,VNM
M-813,2023-07-19,VNM
M-814,2023-07-19,VNM
M-815,2023-07-21,VNM
M-816,2023-07-26,KHM
M-817,2023-07-13,KHM
M-818,2023-07-19,KHM
M-819,2023-07-19,KHM
M-820,2023-07-14,VNM
M-821,2023-07-17,VNM
M-822,2023-07-14,VNM
M-823,2023-07-20,VNM
M-824,2023-07-26,VNM
M-825,2023-07-19,VNM
M-826,2023-07-14,VNM
M-827,2023-07-13,VNM
M-828,2023-07-18,VNM
M-829,2023-07-20,VNM
M-830,2023-07-13,VNM
M-831,2023-07-15,KHM
M-832,2023-07-20,KHM
M-833,2023-07-21,VNM
M-834,2023-07-13,VNM
M-835,2023-07-14,VNM
M-836,2023-07-27,VNM
M-837,2023-07-15,VNM
M-838,2023-07-19,VNM
M-839,2023-07-15,VNM
M-840,2023-07-18,VNM
M-841,2023-07-13,VNM
M-842,2023-07-13,VNM
M-843,2023-07-14,VNM
M-844,2023-07-31,VNM
M-845,2023-07-19,VNM
M-846,2023-07-15,VNM
M-847,2023-07-13,VNM
M-848,2023-07-18,VNM
M-849,2023-07-29,VNM
M-850,2023-07-13,VNM
M-851,2023-07-21,VNM
M-852,2023-07-29,VNM
M-853,2023-07-13,VNM
M-854,2023-07-13,VNM
M-855,2023-07-14,VNM
M-856,2023-07-17,VNM
M-857,2023-07-19,VNM
M-858,2023-07-25,VNM
M-859,2023-07-13,VNM
M-860,2023-07-21,VNM
M-861,2023-07-14,VNM
M-862,2023-07-25,VNM
M-863,2023-07-17,VNM
M-864,2023-07-15,VNM
M-865,2023-07-13,VNM
M-866,2023-07-19,VNM
M-867,2023-07-15,VNM
M-868,2023-07-14,VNM
M-869,2023-08-05,VNM
H-263,2023-08-06,VNM
H-264,2023-08-05,VNM
H-265,2023-08-11,VNM
H-266,2023-08-09,KHM
H-267,2023-08-07,CHN
H-268,2023-08-05,VNM
H-269,2023-08-06,VNM
H-270,2023-08-07,VNM
H-271,2023-08-09,VNM
H-272,2023-08-05,VNM
H-273,2023-08-09,VNM
H-274,2023-08-09,VNM
H-275,2023-08-07,CHN
H-276,2023-08-07,CHN
H-277,2023-08-06,LAO
H-278,2023-08-07,THA
H-279,2023-08-09,VNM
H-280,2023-08-05,CHN
H-281,2023-08-09,KHM
H-282,2023-08-06,VNM
H-283,2023-08-06,VNM
H-284,2023-08-10,VNM
H-285,2023-08-05,VNM
H-286,2023-08-09,VNM
H-287,2023-08-06,KHM
H-288,2023-08-09,VNM
H-289,2023-08-10,VNM
H-290,2023-08-05,VNM
H-291,2023-08-05,LAO
H-292,2023-08-09,VNM
H-293,2023-08-07,VNM
H-294,2023-08-05,VNM
H-295,2023-08-07,CHN
H-296,2023-08-05,VNM
H-297,2023-08-10,VNM
M-870,2023-07-21,VNM
M-871,2023-07-21,VNM
M-872,2023-07-18,VNM
M-873,2023-07-19,VNM
M-874,2023-07-18,VNM
M-875,2023-07-14,VNM
M-876,2023-07-17,VNM
M-877,2023-07-19,VNM
M-878,2023-07-20,VNM
M-879,2023-07-20,VNM
M-880,2023-07-30,VNM
M-881,2023-07-25,VNM
M-882,2023-07-19,VNM
M-883,2023-07-17,VNM
M-884,2023-07-14,VNM
M-885,2023-07-19,KHM
M-886,2023-07-14,VNM
M-887,2023-07-18,VNM
M-888,2023-07-14,VNM
M-889,2023-07-18,VNM
M-890,2023-07-15,VNM
M-891,2023-07-20,VNM
M-892,2023-07-15,VNM
M-893,2023-07-17,VNM
M-894,2023-07-15,VNM
M-895,2023-07-19,VNM
M-896,2023-07-19,THA
M-897,2023-07-14,VNM
M-898,2023-07-23,VNM
M-899,2023-08-06,VNM
M-900,2023-07-20,VNM
M-901,2023-07-21,VNM
M-902,2023-07-31,VNM
M-903,2023-07-14,VNM
M-904,2023-07-20,VNM
M-905,2023-07-24,VNM
M-906,2023-07-18,VNM
M-907,2023-08-09,VNM
M-908,2023-07-14,VNM
M-909,2023-07-19,VNM
M-910,2023-07-18,VNM
M-911,2023-07-20,VNM
M-912,2023-07-17,VNM
M-913,2023-07-21,VNM
M-914,2023-07-14,VNM
M-915,2023-07-14,CHN
M-916,2023-07-14,VNM
M-917,2023-07-15,VNM
M-918,2023-07-17,VNM
M-919,2023-07-18,VNM
M-920,2023-07-14,VNM
M-921,2023-07-14,VNM
M-922,2023-07-15,VNM
M-923,2023-07-19,VNM
M-924,2023-08-11,VNM
M-925,2023-07-18,VNM
M-926,2023-07-23,VNM
M-927,2023-07-25,VNM
M-928,2023-07-24,VNM
M-929,2023-07-14,VNM
M-930,2023-07-24,VNM
M-931,2023-07-25,VNM
M-932,2023-07-14,VNM
M-933,2023-07-17,VNM
M-934,2023-07-27,VNM
M-935,2023-07-15,VNM
M-936,2023-07-17,VNM
M-937,2023-07-14,VNM
M-938,2023-07-14,VNM
M-939,2023-07-25,VNM
M-940,2023-07-24,VNM
M-941,2023-07-18,VNM
M-942,2023-08-05,VNM
M-943,2023-07-14,KHM
M-944,2023-07-14,VNM
M-945,2023-07-20,VNM
M-946,2023-07-14,VNM
M-947,2023-07-18,VNM
M-948,2023-07-18,VNM
M-949,2023-07-14,VNM
M-950,2023-07-19,VNM
M-951,2023-07-18,VNM
M-952,2023-07-18,VNM
M-953,2023-07-14,VNM
M-954,2023-08-06,VNM
M-955,2023-08-07,VNM
M-956,2023-07-19,VNM
M-957,2023-07-25,VNM
M-958,2023-07-14,VNM
H-298,2023-08-07,VNM
H-299,2023-08-11,VNM
H-300,2023-08-07,VNM
H-301,2023-08-09,VNM
H-302,2023-08-07,VNM
H-303,2023-08-09,VNM
H-304,2023-08-10,VNM
H-305,2023-08-11,VNM
H-306,2023-08-09,CHN
H-307,2023-08-06,KHM
H-308,2023-08-06,VNM
H-309,2023-08-09,VNM
H-310,2023-08-09,VNM
H-311,2023-08-07,THA
H-312,2023-08-09,LAO
H-313,2023-08-07,CHN
H-314,2023-08-11,VNM
H-315,2023-08-07,VNM
H-316,2023-08-11,VNM
H-317,2023-08-06,KHM
H-318,2023-08-09,VNM
H-319,2023-08-07,VNM
H-320,2023-08-07,VNM
H-321,2023-08-07,THA
H-322,2023-08-07,VNM
H-323,2023-08-09,VNM
H-324,2023-08-10,VNM
H-325,2023-08-09,VNM
H-326,2023-08-10,VNM
M-1000,2023-07-15,VNM
M-1001,2023-07-20,VNM
M-1002,2023-08-01,VNM
M-1003,2023-07-14,VNM
M-1004,2023-07-14,VNM
M-1005,2023-07-15,VNM
M-1006,2023-07-21,VNM
M-1007,2023-07-21,VNM
M-1008,2023-07-17,VNM
M-1009,2023-07-17,VNM
M-1010,2023-07-17,VNM
M-1011,2023-07-19,VNM
M-1012,2023-07-14,VNM
M-1013,2023-07-15,VNM
M-1014,2023-07-14,VNM
M-1015,2023-08-05,VNM
M-1016,2023-07-14,VNM
M-1017,2023-07-23,VNM
M-1018,2023-07-19,VNM
M-1019,2023-07-25,VNM
M-1020,2023-07-18,VNM
M-1021,2023-07-17,VNM
M-1022,2023-07-14,VNM
M-1023,2023-07-19,VNM
M-1024,2023-07-15,VNM
M-1025,2023-07-18,VNM
M-1026,2023-07-14,VNM
M-1027,2023-07-17,VNM
M-1028,2023-07-17,VNM
M-1029,2023-07-14,VNM
M-1030,2023-07-14,VNM
M-1031,2023-07-14,VNM
M-1032,2023-07-19,VNM
M-1033,2023-07-17,THA
M-1034,2023-07-19,THA
M-1035,2023-07-25,THA
M-1036,2023-07-18,VNM
M-1037,2023-07-14,VNM
M-1038,2023-07-25,VNM
M-1039,2023-07-18,VNM
M-1040,2023-07-27,VNM
M-1041,2023-07-19,VNM
M-1042,2023-07-14,VNM
M-1043,2023-07-15,VNM
M-1044,2023-08-07,KHM
M-1045,2023-07-17,VNM
M-1046,2023-07-19,VNM
M-1047,2023-07-14,VNM
M-959,2023-07-15,VNM
M-960,2023-07-14,VNM
M-961,2023-07-25,VNM
M-962,2023-07-14,VNM
M-963,2023-07-15,VNM
M-964,2023-07-25,VNM
M-965,2023-07-15,VNM
M-966,2023-07-20,VNM
M-967,2023-07-17,KHM
M-968,2023-07-14,VNM
M-969,2023-07-31,VNM
M-970,2023-07-29,VNM
M-971,2023-07-18,VNM
M-972,2023-07-24,VNM
M-973,2023-08-05,VNM
M-974,2023-08-01,VNM
M-975,2023-07-26,THA
M-976,2023-07-14,VNM
M-977,2023-07-14,VNM
M-978,2023-07-18,VNM
M-979,2023-07-20,KHM
M-980,2023-07-20,VNM
M-981,2023-07-20,VNM
M-982,2023-07-19,VNM
M-983,2023-07-19,VNM
M-984,2023-07-19,VNM
M-985,2023-07-24,VNM
M-986,2023-07-14,CHN
M-987,2023-07-21,VNM
M-988,2023-07-18,VNM
M-989,2023-07-19,VNM
M-990,2023-07-19,VNM
M-991,2023-07-15,VNM
M-992,2023-07-18,VNM
M-993,2023-07-26,VNM
M-994,2023-07-19,VNM
M-995,2023-07-14,VNM
M-996,2023-07-17,VNM
M-997,2023-07-24,VNM
M-998,2023-07-15,VNM
M-999,2023-07-18,VNM
H-327,2023-08-10,VNM
H-328,2023-08-11,VNM
H-329,2023-08-11,THA
H-330,2023-08-09,VNM
H-331,2023-08-09,VNM
H-332,2023-08-07,VNM
H-333,2023-08-06,THA
H-334,2023-08-09,VNM
H-335,2023-08-09,CHN
H-336,2023-08-11,THA
H-337,2023-08-10,VNM
H-338,2023-08-10,KHM
H-339,2023-08-07,KHM
H-340,2023-08-10,THA
H-341,2023-08-10,VNM
H-342,2023-08-11,VNM
H-343,2023-08-09,VNM
H-344,2023-08-11,VNM
H-345,2023-08-10,CHN
H-346,2023-08-09,KHM
H-347,2023-08-09,KHM
H-348,2023-08-07,VNM
H-349,2023-08-09,THA
H-350,2023-08-07,VNM
H-351,2023-08-11,THA
H-352,2023-08-10,VNM
H-353,2023-08-10,LAO
H-354,2023-08-09,VNM
H-355,2023-08-09,VNM
H-356,2023-08-07,VNM
H-357,2023-08-11,VNM
H-358,2023-08-07,VNM
H-359,2023-08-09,VNM
H-360,2023-08-09,CHN
H-361,2023-08-06,VNM
H-362,2023-08-07,LAO
H-363,2023-08-10,KHM
H-364,2023-08-06,VNM
H-365,2023-08-10,KHM
H-366,2023-08-10,VNM
M-1048,2023-07-18,VNM
M-1049,2023-07-20,VNM
M-1050,2023-07-19,VNM
M-1051,2023-07-19,VNM
M-1052,2023-07-15,VNM
M-1053,2023-07-19,THA
M-1054,2023-07-20,KHM
M-1055,2023-07-21,VNM
M-1056,2023-07-19,VNM
M-1057,2023-07-17,VNM
M-1058,2023-07-20,VNM
M-1059,2023-07-15,VNM
M-1060,2023-07-24,VNM
M-1061,2023-07-21,VNM
M-1062,2023-07-30,VNM
M-1063,2023-07-17,VNM
M-1064,2023-07-19,VNM
M-1065,2023-07-23,VNM
M-1066,2023-07-15,VNM
M-1067,2023-07-27,VNM
M-1068,2023-07-18,VNM
M-1069,2023-07-24,VNM
M-1070,2023-07-25,VNM
M-1071,2023-07-19,VNM
M-1072,2023-07-17,VNM
M-1073,2023-07-15,VNM
M-1074,2023-07-18,VNM
M-1075,2023-07-19,VNM
M-1076,2023-07-23,VNM
M-1077,2023-07-17,VNM
M-1078,2023-07-19,VNM
M-1079,2023-07-17,VNM
M-1080,2023-07-23,VNM
M-1081,2023-07-19,VNM
M-1082,2023-07-19,VNM
M-1083,2023-07-25,VNM
M-1084,2023-07-18,VNM
M-1085,2023-07-20,VNM
M-1086,2023-07-25,VNM
M-1087,2023-07-30,VNM
M-1088,2023-07-15,VNM
M-1089,2023-07-25,VNM
M-1090,2023-07-25,VNM
M-1091,2023-07-19,VNM
M-1092,2023-07-17,VNM
M-1093,2023-07-15,VNM
M-1094,2023-07-19,VNM
M-1095,2023-07-17,VNM
M-1096,2023-07-31,VNM
M-1097,2023-07-15,VNM
M-1098,2023-07-17,VNM
M-1099,2023-07-18,VNM
M-1100,2023-07-31,VNM
M-1101,2023-07-27,VNM
M-1102,2023-07-25,VNM
M-1103,2023-07-15,VNM
M-1104,2023-07-15,VNM
M-1105,2023-07-19,VNM
M-1106,2023-07-19,VNM
M-1107,2023-07-17,KHM
M-1108,2023-07-19,KHM
M-1109,2023-07-17,KHM
M-1110,2023-07-18,VNM
M-1111,2023-07-15,VNM
M-1112,2023-07-25,VNM
M-1113,2023-07-18,VNM
M-1114,2023-07-17,VNM
M-1115,2023-07-17,VNM
M-1116,2023-07-23,VNM
M-1117,2023-07-18,VNM
M-1118,2023-07-15,VNM
M-1119,2023-07-15,VNM
M-1120,2023-07-15,VNM
M-1121,2023-07-27,VNM
M-1122,2023-07-17,VNM
M-1123,2023-07-15,VNM
M-1124,2023-07-20,VNM
M-1125,2023-07-15,THA
M-1126,2023-07-21,THA
M-1127,2023-07-19,VNM
M-1128,2023-07-17,VNM
M-1129,2023-07-15,VNM
M-1130,2023-07-15,THA
M-1131,2023-07-15,VNM
M-1132,2023-07-24,VNM
M-1133,2023-07-19,VNM
M-1134,2023-07-17,VNM
M-1135,2023-07-19,VNM
M-1136,2023-07-19,VNM
M-1137,2023-07-15,VNM
M-1138,2023-07-18,VNM
M-1139,2023-07-15,VNM
M-1140,2023-07-20,VNM
M-1141,2023-07-18,VNM
M-1142,2023-07-19,VNM
M-1143,2023-07-31,VNM
M-1144,2023-07-18,VNM
M-1145,2023-07-23,VNM
M-1146,2023-07-25,KHM
M-1147,2023-07-15,VNM
M-1148,2023-07-21,VNM
M-1149,2023-07-19,VNM
H-367,2023-08-09,VNM
H-368,2023-08-10,VNM
H-369,2023-08-10,VNM
H-370,2023-08-11,CHN
H-371,2023-08-09,CHN
H-372,2023-08-10,VNM
H-373,2023-08-07,VNM
H-374,2023-08-09,THA
H-375,2023-08-11,THA
H-376,2023-08-10,KHM
H-377,2023-08-11,VNM
H-378,2023-08-11,VNM
H-379,2023-08-10,LAO
H-380,2023-08-11,LAO
H-381,2023-08-10,THA
H-382,2023-08-07,VNM
H-383,2023-08-11,VNM
H-384,2023-08-11,VNM
H-385,2023-08-11,KHM
H-386,2023-08-11,VNM
H-387,2023-08-10,VNM
H-388,2023-08-11,VNM
H-389,2023-08-11,VNM
H-390,2023-08-11,VNM
H-391,2023-08-11,CHN
H-392,2023-08-11,VNM
H-393,2023-08-11,VNM
H-394,2023-08-10,THA
H-395,2023-08-11,VNM
H-396,2023-08-11,CHN
H-397,2023-08-11,KHM
H-398,2023-08-09,KHM
H-399,2023-08-11,VNM
H-400,2023-08-11,VNM
H-401,2023-08-10,VNM
M-1150,2023-07-19,VNM
M-1151,2023-07-17,VNM
M-1152,2023-07-19,VNM
M-1153,2023-07-17,THA
M-1154,2023-07-20,THA
M-1155,2023-07-27,VNM
M-1156,2023-07-19,VNM
M-1157,2023-07-18,VNM
M-1158,2023-07-18,VNM
M-1159,2023-08-04,VNM
M-1160,2023-07-20,VNM
M-1161,2023-07-26,CHN
M-1162,2023-07-19,VNM
M-1163,2023-07-17,VNM
M-1164,2023-07-19,VNM
M-1165,2023-07-18,VNM
M-1166,2023-07-25,VNM
M-1167,2023-07-20,VNM
M-1168,2023-07-17,VNM
M-1169,2023-07-18,VNM
M-1170,2023-08-04,VNM
M-1171,2023-07-19,VNM
M-1172,2023-07-19,VNM
M-1173,2023-08-04,VNM
M-1174,2023-07-21,VNM
M-1175,2023-07-17,VNM
M-1176,2023-07-17,VNM
M-1177,2023-07-19,VNM
M-1178,2023-07-19,VNM
M-1179,2023-07-19,VNM
M-1180,2023-07-18,VNM
M-1181,2023-07-18,VNM
M-1182,2023-07-25,VNM
M-1183,2023-07-19,VNM
M-1184,2023-07-19,VNM
M-1185,2023-07-19,VNM
M-1186,2023-07-29,VNM
M-1187,2023-07-31,VNM
M-1188,2023-08-10,VNM
M-1189,2023-07-29,VNM
M-1190,2023-07-27,VNM
M-1191,2023-07-31,VNM
M-1192,2023-07-30,VNM
M-1193,2023-07-19,VNM
M-1194,2023-07-25,VNM
M-1195,2023-07-20,VNM
M-1196,2023-08-01,VNM
M-1197,2023-07-24,KHM
M-1198,2023-07-20,KHM
M-1199,2023-07-18,VNM
M-1200,2023-07-19,VNM
M-1201,2023-07-19,VNM
M-1202,2023-07-19,KHM
M-1203,2023-08-01,VNM
M-1204,2023-07-20,VNM
M-1205,2023-07-21,VNM
M-1206,2023-07-17,VNM
M-1207,2023-07-29,VNM
M-1208,2023-07-19,VNM
M-1209,2023-07-25,VNM
M-1210,2023-07-19,VNM
M-1211,2023-08-04,VNM
M-1212,2023-07-19,VNM
M-1213,2023-07-17,VNM
M-1214,2023-07-18,VNM
M-1215,2023-07-26,CHN
M-1216,2023-07-18,VNM
M-1217,2023-07-17,VNM
M-1218,2023-07-23,VNM
M-1219,2023-07-18,VNM
M-1220,2023-07-18,VNM
M-1221,2023-08-05,VNM
M-1222,2023-07-20,VNM
M-1223,2023-08-11,VNM
M-1224,2023-07-17,THA
M-1225,2023-07-20,VNM
M-1226,2023-07-18,VNM
M-1227,2023-07-19,VNM
M-1228,2023-07-31,VNM
M-1229,2023-07-29,THA
M-1230,2023-07-25,VNM
M-1231,2023-07-17,VNM
M-1232,2023-07-20,VNM
M-1233,2023-07-18,VNM
M-1234,2023-07-23,VNM
M-1235,2023-07-23,VNM
M-1236,2023-07-26,THA
M-1237,2023-07-17,VNM
M-1238,2023-07-19,VNM
M-1239,2023-07-17,VNM
M-1240,2023-07-25,VNM
M-1241,2023-07-26,VNM
M-1242,2023-07-21,VNM
M-1243,2023-07-17,VNM
M-1244,2023-07-26,VNM
M-1245,2023-07-17,VNM
M-1246,2023-07-31,VNM
M-1247,2023-07-21,VNM
M-1248,2023-07-18,VNM
M-1249,2023-07-17,VNM
M-1250,2023-07-27,THA
M-1251,2023-07-19,VNM
M-1252,2023-07-17,VNM
M-1253,2023-07-17,VNM
M-1254,2023-07-18,LAO
M-1255,2023-07-26,VNM
M-1256,2023-08-10,VNM
M-1257,2023-07-25,VNM
M-1258,2023-07-26,LAO
M-1259,2023-07-27,VNM
M-1260,2023-07-17,VNM
M-1261,2023-07-17,VNM
M-1262,2023-07-19,VNM
M-1263,2023-07-30,VNM
M-1264,2023-07-19,VNM
M-1265,2023-07-18,VNM
H-402,2023-08-11,VNM
H-403,2023-08-11,LAO
H-404,2023-08-11,LAO
H-405,2023-08-11,THA
H-406,2023-08-11,LAO
H-407,2023-08-11,VNM
H-408,2023-08-11,VNM
H-409,2023-08-11,VNM
H-410,2023-08-10,VNM
H-411,2023-08-11,KHM
H-412,2023-08-11,VNM
H-413,2023-08-09,LAO
H-414,2023-08-11,LAO
H-415,2023-08-11,VNM
H-416,2023-08-11,VNM
H-417,2023-08-11,VNM
H-418,2023-08-11,VNM
H-419,2023-08-11,VNM
H-420,2023-08-11,CHN
H-421,2023-08-11,VNM
H-422,2023-08-10,VNM
H-423,2023-08-11,VNM
H-424,2023-08-11,VNM
H-425,2023-08-11,VNM
H-426,2023-08-10,VNM
H-427,2023-08-11,VNM
H-428,2023-08-10,VNM
H-429,2023-08-10,VNM
H-430,2023-08-11,VNM
H-431,2023-08-11,VNM
H-432,2023-08-11,VNM
H-433,2023-08-10,VNM
H-434,2023-08-10,KHM
H-435,2023-08-11,VNM
H-436,2023-08-11,LAO
H-437,2023-08-11,VNM
H-438,2023-08-11,VNM
H-439,2023-08-11,VNM
H-440,2023-08-09,KHM
M-1266,2023-07-19,VNM
M-1267,2023-07-24,VNM
M-1268,2023-07-26,VNM
M-1269,2023-07-31,VNM
M-1270,2023-07-21,VNM
M-1271,2023-07-19,VNM
M-1272,2023-07-25,VNM
M-1273,2023-07-18,KHM
M-1274,2023-07-27,VNM
M-1275,2023-07-21,VNM
M-1276,2023-07-23,VNM
M-1277,2023-07-21,VNM
M-1278,2023-07-18,VNM
M-1279,2023-07-19,VNM
M-1280,2023-07-19,VNM
M-1281,2023-07-31,VNM
M-1282,2023-08-11,VNM
M-1283,2023-07-19,CHN
M-1284,2023-08-07,VNM
M-1285,2023-07-19,VNM
M-1286,2023-07-19,VNM
M-1287,2023-07-19,VNM
M-1288,2023-07-19,VNM
M-1289,2023-07-19,VNM
M-1290,2023-07-19,VNM
M-1291,2023-07-18,VNM
M-1292,2023-08-09,VNM
M-1293,2023-07-18,VNM
M-1294,2023-07-23,VNM
M-1295,2023-08-11,VNM
M-1296,2023-08-05,VNM
M-1297,2023-07-21,VNM
M-1298,2023-07-19,THA
M-1299,2023-07-19,VNM
M-1300,2023-07-20,VNM
M-1301,2023-07-25,VNM
M-1302,2023-07-27,VNM
M-1303,2023-07-20,VNM
M-1304,2023-07-19,VNM
M-1305,2023-07-24,VNM
M-1306,2023-07-25,KHM
M-1307,2023-07-18,KHM
M-1308,2023-07-18,KHM
M-1309,2023-07-26,VNM
M-1310,2023-07-30,VNM
M-1311,2023-07-20,VNM
M-1312,2023-07-18,KHM
M-1313,2023-07-19,KHM
M-1314,2023-07-24,VNM
M-1315,2023-07-18,VNM
M-1316,2023-07-23,KHM
M-1317,2023-07-25,KHM
M-1318,2023-07-31,VNM
M-1319,2023-07-19,VNM
M-1320,2023-07-27,VNM
M-1321,2023-07-26,VNM
M-1322,2023-07-20,VNM
M-1323,2023-07-25,VNM
M-1324,2023-08-06,VNM
M-1325,2023-07-29,VNM
M-1326,2023-07-21,VNM
M-1327,2023-07-19,VNM
M-1328,2023-07-21,VNM
M-1329,2023-07-25,VNM
M-1330,2023-07-19,CHN
M-1331,2023-07-21,VNM
M-1332,2023-07-24,VNM
M-1333,2023-07-19,VNM
M-1334,2023-07-18,VNM
M-1335,2023-07-20,VNM
M-1336,2023-07-31,THA
M-1337,2023-07-19,VNM
M-1338,2023-07-21,VNM
M-1339,2023-07-31,VNM
M-1340,2023-08-11,VNM
M-1341,2023-07-26,VNM
M-1342,2023-07-18,VNM
M-1343,2023-07-23,VNM
M-1344,2023-07-26,VNM
M-1345,2023-07-18,VNM
M-1346,2023-07-19,VNM
M-1347,2023-07-18,VNM
M-1348,2023-07-19,VNM
M-1349,2023-07-27,VNM
M-1350,2023-07-20,VNM
M-1351,2023-07-19,THA
M-1352,2023-07-18,VNM
M-1353,2023-07-25,VNM
M-1354,2023-07-25,VNM
M-1355,2023-07-25,VNM
M-1356,2023-07-23,VNM
M-1357,2023-07-19,VNM
M-1358,2023-07-19,VNM
M-1359,2023-07-18,LAO
M-1360,2023-07-19,VNM
M-1361,2023-07-31,VNM
M-1362,2023-07-24,VNM
M-1363,2023-07-19,VNM
M-1364,2023-07-18,VNM
M-1365,2023-07-21,VNM
M-1366,2023-07-25,VNM
M-1367,2023-07-20,VNM
M-1368,2023-07-24,VNM
M-1369,2023-07-21,VNM
M-1370,2023-07-27,VNM
M-1371,2023-07-25,VNM
M-1372,2023-07-19,VNM
M-1373,2023-07-21,VNM
M-1374,2023-07-19,VNM
M-1375,2023-07-20,CHN
M-1376,2023-07-18,CHN
M-1377,2023-07-31,VNM
M-1378,2023-07-20,VNM
M-1379,2023-07-23,VNM
M-1380,2023-08-04,VNM
M-1381,2023-07-21,VNM
M-1382,2023-07-20,VNM
M-1383,2023-08-01,LAO
M-1384,2023-07-29,VNM
M-1385,2023-07-18,VNM
M-1386,2023-07-25,VNM
M-1387,2023-07-19,VNM
M-1388,2023-07-20,VNM
M-1389,2023-07-25,VNM
M-1390,2023-08-04,VNM
M-1391,2023-07-19,VNM
M-1392,2023-07-19,VNM
M-1393,2023-07-31,VNM
M-1394,2023-07-19,VNM
M-1395,2023-07-25,VNM
M-1396,2023-07-31,VNM
M-1397,2023-07-20,VNM
M-1398,2023-07-21,KHM
M-1399,2023-08-01,VNM
H-441,2023-08-10,CHN
H-442,2023-08-11,VNM
H-443,2023-08-11,VNM
H-444,2023-08-11,VNM
H-445,2023-08-11,VNM
H-446,2023-08-10,VNM
H-447,2023-08-10,VNM
H-448,2023-08-11,VNM
H-449,2023-08-11,THA
H-450,2023-08-11,VNM
H-451,2023-08-11,CHN
H-452,2023-08-10,VNM
H-453,2023-08-11,VNM
H-454,2023-08-11,VNM
H-455,2023-08-11,VNM
H-456,2023-08-11,VNM
H-457,2023-08-11,VNM
H-458,2023-08-11,THA
H-459,2023-08-11,VNM
H-460,2023-08-11,KHM
H-461,2023-08-11,VNM
H-462,2023-08-11,VNM
H-463,2023-08-11,VNM
H-464,2023-08-11,VNM
H-465,2023-08-11,LAO
H-466,2023-08-07,VNM
H-467,2023-08-11,LAO
H-468,2023-08-11,VNM
H-469,2023-08-11,VNM
H-470,2023-08-11,VNM
H-471,2023-08-11,KHM
H-472,2023-08-11,VNM
H-473,2023-08-11,VNM
H-474,2023-08-11,VNM
H-475,2023-08-11,VNM
H-476,2023-08-11,VNM
H-477,2023-08-11,VNM
H-478,2023-08-11,VNM
H-479,2023-08-10,LAO
H-480,2023-08-10,VNM
H-481,2023-08-11,VNM
H-482,2023-08-11,VNM
M-1400,2023-07-25,VNM
M-1401,2023-07-20,VNM
M-1402,2023-07-23,VNM
M-1403,2023-08-01,VNM
M-1404,2023-07-27,VNM
M-1405,2023-07-19,VNM
M-1406,2023-07-19,VNM
M-1407,2023-07-23,CHN
M-1408,2023-07-19,VNM
M-1409,2023-08-04,VNM
M-1410,2023-07-31,VNM
M-1411,2023-07-24,VNM
M-1412,2023-07-30,VNM
M-1413,2023-07-19,VNM
M-1414,2023-07-23,VNM
M-1415,2023-08-11,VNM
M-1416,2023-07-21,VNM
M-1417,2023-07-30,VNM
M-1418,2023-07-30,VNM
M-1419,2023-07-19,VNM
M-1420,2023-08-04,VNM
M-1421,2023-07-25,VNM
M-1422,2023-07-21,VNM
M-1423,2023-07-20,VNM
M-1424,2023-07-25,VNM
M-1425,2023-07-21,VNM
M-1426,2023-07-19,KHM
M-1427,2023-07-19,VNM
M-1428,2023-07-25,VNM
M-1429,2023-07-20,VNM
M-1430,2023-08-01,VNM
M-1431,2023-07-23,VNM
M-1432,2023-07-20,KHM
M-1433,2023-07-19,VNM
M-1434,2023-07-19,VNM
M-1435,2023-07-21,VNM
M-1436,2023-07-23,VNM
M-1437,2023-07-20,VNM
M-1438,2023-07-21,VNM
M-1439,2023-08-01,VNM
M-1440,2023-07-19,VNM
M-1441,2023-07-19,VNM
M-1442,2023-07-25,CHN
M-1443,2023-07-19,VNM
M-1444,2023-07-20,VNM
M-1445,2023-07-25,VNM
M-1446,2023-07-26,VNM
M-1447,2023-07-21,VNM
M-1448,2023-07-21,VNM
M-1449,2023-08-04,VNM
M-1450,2023-07-21,VNM
M-1451,2023-07-20,VNM
M-1452,2023-07-23,VNM
M-1453,2023-07-31,VNM
M-1454,2023-07-21,VNM
M-1455,2023-07-25,VNM
M-1456,2023-07-25,VNM
M-1457,2023-07-19,VNM
M-1458,2023-07-19,THA
M-1459,2023-07-19,THA
M-1460,2023-07-23,VNM
M-1461,2023-07-19,VNM
M-1462,2023-07-25,THA
M-1463,2023-07-26,THA
M-1464,2023-07-20,VNM
M-1465,2023-08-05,VNM
M-1466,2023-07-19,VNM
M-1467,2023-07-25,VNM
M-1468,2023-07-20,VNM
M-1469,2023-07-20,VNM
M-1470,2023-07-19,VNM
M-1471,2023-07-30,VNM
M-1472,2023-07-19,VNM
M-1473,2023-07-20,LAO
M-1474,2023-07-19,VNM
M-1475,2023-07-25,VNM
M-1476,2023-07-23,VNM
M-1477,2023-07-19,VNM
M-1478,2023-07-19,VNM
M-1479,2023-07-26,VNM
M-1480,2023-07-25,VNM
M-1481,2023-07-23,KHM
M-1482,2023-08-11,VNM
M-1483,2023-07-25,VNM
M-1484,2023-07-19,VNM
M-1485,2023-07-19,THA
M-1486,2023-07-27,KHM
M-1487,2023-07-21,VNM
M-1488,2023-07-29,VNM
M-1489,2023-07-25,VNM
M-1490,2023-07-25,VNM
M-1491,2023-07-19,VNM
M-1492,2023-07-19,VNM
M-1493,2023-07-19,VNM
M-1494,2023-07-21,LAO
M-1495,2023-07-20,LAO
M-1496,2023-07-19,VNM
M-1497,2023-07-25,VNM
M-1498,2023-07-23,VNM
M-1499,2023-07-25,VNM
M-1500,2023-07-25,VNM
M-1501,2023-08-01,VNM
M-1502,2023-07-20,VNM
M-1503,2023-07-21,VNM
M-1504,2023-07-19,KHM
M-1505,2023-07-19,VNM
M-1506,2023-07-23,VNM
M-1507,2023-07-30,VNM
M-1508,2023-07-19,VNM
M-1509,2023-07-29,LAO
M-1510,2023-07-19,LAO
M-1511,2023-08-09,VNM
M-1512,2023-07-25,VNM
M-1513,2023-07-19,VNM
M-1514,2023-07-30,VNM
M-1515,2023-07-20,VNM
M-1516,2023-07-19,VNM
M-1517,2023-07-26,CHN
M-1518,2023-07-19,VNM
M-1519,2023-07-31,VNM
M-1520,2023-07-24,THA
M-1521,2023-07-25,VNM
M-1522,2023-07-23,VNM
M-1523,2023-07-21,VNM
M-1524,2023-07-24,VNM
H-483,2023-08-11,VNM
H-484,2023-08-11,VNM
H-485,2023-08-11,VNM
H-486,2023-08-11,VNM
H-487,2023-08-11,VNM
H-488,2023-08-11,VNM
H-489,2023-08-11,VNM
H-490,2023-08-11,VNM
H-491,2023-08-11,VNM
H-492,2023-08-11,VNM
H-493,2023-08-11,VNM
H-494,2023-08-11,THA
H-495,2023-08-11,VNM
H-496,2023-08-11,VNM
H-497,2023-08-11,THA
H-498,2023-08-11,CHN
H-499,2023-08-11,VNM
H-500,2023-08-11,LAO
H-501,2023-08-11,THA
H-502,2023-08-11,VNM
H-503,2023-08-11,KHM
H-504,2023-08-11,VNM
H-505,2023-08-11,VNM
H-506,2023-08-11,LAO
H-507,2023-08-11,VNM
H-508,2023-08-11,VNM
H-509,2023-08-11,KHM
H-510,2023-08-10,VNM
H-511,2023-08-11,VNM
H-512,2023-08-11,VNM
H-513,2023-08-11,KHM
H-514,2023-08-11,LAO
H-515,2023-08-11,VNM
H-516,2023-08-11,VNM
H-517,2023-08-11,VNM
H-518,2023-08-11,VNM
H-519,2023-08-11,VNM
H-520,2023-08-11,VNM
H-521,2023-08-11,LAO
H-522,2023-08-11,VNM
H-523,2023-08-11,VNM
H-524,2023-08-11,VNM
H-525,2023-08-11,VNM
H-526,2023-08-11,VNM
H-527,2023-08-11,VNM
H-528,2023-08-11,KHM
H-529,2023-08-11,KHM
H-530,2023-08-11,VNM
H-531,2023-08-11,VNM
H-532,2023-08-11,VNM
M-1525,2023-07-27,VNM
M-1526,2023-08-11,KHM
M-1527,2023-07-21,VNM
M-1528,2023-07-19,VNM
M-1529,2023-07-20,VNM
M-1530,2023-07-27,VNM
M-1531,2023-07-20,VNM
M-1532,2023-07-20,KHM
M-1533,2023-07-30,VNM
M-1534,2023-07-20,VNM
M-1535,2023-07-19,VNM
M-1536,2023-07-21,VNM
M-1537,2023-07-21,VNM
M-1538,2023-07-26,KHM
M-1539,2023-07-19,KHM
M-1540,2023-07-27,KHM
M-1541,2023-07-25,VNM
M-1542,2023-07-19,VNM
M-1543,2023-07-20,VNM
M-1544,2023-07-19,VNM
M-1545,2023-07-23,VNM
M-1546,2023-08-10,VNM
M-1547,2023-08-06,VNM
M-1548,2023-07-25,VNM
M-1549,2023-07-21,VNM
M-1550,2023-07-19,VNM
M-1551,2023-07-24,VNM
M-1552,2023-07-20,VNM
M-1553,2023-07-25,VNM
M-1554,2023-08-05,VNM
M-1555,2023-07-19,CHN
M-1556,2023-07-21,VNM
M-1557,2023-07-19,VNM
M-1558,2023-07-19,VNM
M-1559,2023-07-31,VNM
M-1560,2023-07-20,VNM
M-1561,2023-07-23,VNM
M-1562,2023-07-30,VNM
M-1563,2023-07-24,VNM
M-1564,2023-07-25,VNM
M-1565,2023-07-21,VNM
M-1566,2023-07-21,VNM
M-1567,2023-07-30,VNM
M-1568,2023-07-19,VNM
M-1569,2023-08-11,VNM
M-1570,2023-07-19,VNM
M-1571,2023-07-20,VNM
M-1572,2023-07-25,VNM
M-1573,2023-07-20,VNM
M-1574,2023-07-24,THA
M-1575,2023-07-19,VNM
M-1576,2023-07-23,VNM
M-1577,2023-07-19,VNM
M-1578,2023-07-27,VNM
M-1579,2023-07-30,VNM
M-1580,2023-08-09,VNM
M-1581,2023-07-23,VNM
M-1582,2023-07-20,VNM
M-1583,2023-07-27,VNM
M-1584,2023-07-25,VNM
M-1585,2023-07-25,VNM
M-1586,2023-07-20,VNM
M-1587,2023-07-20,VNM
M-1588,2023-07-19,VNM
M-1589,2023-07-31,VNM
M-1590,2023-08-01,VNM
M-1591,2023-08-09,VNM
M-1592,2023-07-23,VNM
M-1593,2023-08-01,VNM
M-1594,2023-07-26,VNM
M-1595,2023-08-11,VNM
M-1596,2023-07-21,VNM
M-1597,2023-07-24,VNM
M-1598,2023-07-24,KHM
M-1599,2023-07-25,KHM
M-1600,2023-07-29,VNM
M-1601,2023-07-23,VNM
M-1602,2023-08-11,VNM
M-1603,2023-07-19,VNM
M-1604,2023-07-27,VNM
M-1605,2023-07-27,VNM
M-1606,2023-07-20,VNM
M-1607,2023-08-07,VNM
M-1608,2023-07-23,VNM
M-1609,2023-07-25,VNM
M-1610,2023-07-19,VNM
M-1611,2023-07-19,THA
M-1612,2023-07-26,VNM
M-1613,2023-08-05,CHN
M-1614,2023-07-31,KHM
M-1615,2023-08-11,KHM
M-1616,2023-07-19,VNM
M-1617,2023-07-26,VNM
M-1618,2023-07-20,VNM
M-1619,2023-07-19,VNM
M-1620,2023-07-19,VNM
M-1621,2023-07-19,VNM
M-1622,2023-07-23,VNM
M-1623,2023-07-24,VNM
M-1624,2023-07-23,VNM
M-1625,2023-07-24,VNM
M-1626,2023-08-01,VNM
M-1627,2023-07-24,VNM
M-1628,2023-07-25,LAO
M-1629,2023-07-19,VNM
M-1630,2023-08-11,VNM
M-1631,2023-07-21,VNM
M-1632,2023-07-19,LAO
M-1633,2023-07-25,VNM
M-1634,2023-07-21,VNM
M-1635,2023-07-25,VNM
M-1636,2023-07-21,VNM
M-1637,2023-07-27,VNM
M-1638,2023-07-29,VNM
M-1639,2023-07-25,VNM
M-1640,2023-07-23,VNM
M-1641,2023-07-19,VNM
M-1642,2023-08-11,VNM
M-1643,2023-07-19,VNM
M-1644,2023-07-20,VNM
M-1645,2023-07-29,VNM
M-1646,2023-07-26,VNM
M-1647,2023-07-21,VNM
M-1648,2023-07-25,KHM
M-1649,2023-07-25,KHM
M-1650,2023-07-31,KHM
M-1651,2023-07-19,VNM
M-1652,2023-07-25,VNM
M-1653,2023-07-31,VNM
M-1654,2023-07-19,VNM
M-1655,2023-07-21,VNM
M-1656,2023-07-25,VNM
M-1657,2023-07-30,VNM
M-1658,2023-07-29,VNM
M-1659,2023-07-26,VNM
M-1660,2023-07-25,VNM
M-1661,2023-08-02,VNM
M-1662,2023-07-29,VNM
M-1663,2023-07-19,VNM
M-1664,2023-07-20,THA
M-1665,2023-07-19,VNM
M-1666,2023-07-25,VNM
M-1667,2023-07-20,VNM
M-1668,2023-07-26,VNM
M-1669,2023-07-31,VNM
M-1670,2023-07-26,KHM
M-1671,2023-07-19,KHM
M-1672,2023-07-19,VNM
M-1673,2023-07-24,VNM
M-1674,2023-07-24,VNM
M-1675,2023-07-23,VNM
M-1676,2023-07-25,THA
M-1677,2023-07-19,VNM
M-1678,2023-07-19,VNM
M-1679,2023-07-25,VNM
M-1680,2023-07-31,VNM
M-1681,2023-07-21,VNM
M-1682,2023-08-06,VNM
M-1683,2023-07-20,VNM
H-533,2023-08-11,VNM
H-534,2023-08-11,VNM
H-535,2023-08-11,VNM
H-536,2023-08-11,VNM
H-537,2023-08-11,KHM
H-538,2023-08-11,VNM
H-539,2023-08-11,KHM
H-540,2023-08-11,CHN
H-541,2023-08-11,VNM
H-542,2023-08-11,VNM
H-543,2023-08-11,VNM
H-544,2023-08-11,VNM
H-545,2023-08-11,VNM
H-546,2023-08-11,KHM
H-547,2023-08-11,VNM
H-548,2023-08-11,KHM
H-549,2023-08-11,THA
H-550,2023-08-11,CHN
H-551,2023-08-11,VNM
H-552,2023-08-11,VNM
H-553,2023-08-11,VNM
H-554,2023-08-11,VNM
H-555,2023-08-11,THA
H-556,2023-08-11,VNM
H-557,2023-08-11,VNM
H-558,2023-08-11,LAO
H-559,2023-08-11,CHN
H-560,2023-08-11,VNM
H-561,2023-08-11,VNM
H-562,2023-08-11,THA
H-563,2023-08-11,KHM
H-564,2023-08-11,VNM
H-565,2023-08-11,VNM
H-566,2023-08-11,VNM
H-567,2023-08-11,VNM
H-568,2023-08-11,VNM
H-569,2023-08-11,VNM
H-570,2023-08-11,LAO
H-571,2023-08-11,KHM
H-572,2023-08-11,VNM
H-573,2023-08-11,VNM
H-574,2023-08-11,VNM
H-575,2023-08-11,KHM
H-576,2023-08-11,VNM
H-577,2023-08-11,VNM
H-578,2023-08-11,VNM
H-579,2023-08-11,VNM
H-580,2023-08-11,LAO
H-581,2023-08-11,CHN
H-582,2023-08-11,VNM
H-583,2023-08-11,VNM
H-584,2023-08-11,VNM
H-585,2023-08-11,THA
H-586,2023-08-11,VNM
H-587,2023-08-11,VNM
H-588,2023-08-11,VNM
H-589,2023-08-11,KHM
H-590,2023-08-11,VNM
H-591,2023-08-11,VNM
H-592,2023-08-11,VNM
H-593,2023-08-11,VNM
H-594,2023-08-11,VNM
H-595,2023-08-11,LAO
H-596,2023-08-11,VNM
H-597,2023-08-11,VNM
H-598,2023-08-11,VNM
H-599,2023-08-11,VNM
H-600,2023-08-11,VNM
H-601,2023-08-11,VNM
H-602,2023-08-11,KHM
H-603,2023-08-11,VNM
M-1684,2023-07-30,VNM
M-1685,2023-07-31,VNM
M-1686,2023-07-24,VNM
M-1687,2023-07-25,VNM
M-1688,2023-07-26,THA
M-1689,2023-07-25,THA
M-1690,2023-07-21,CHN
M-1691,2023-07-20,VNM
M-1692,2023-07-25,VNM
M-1693,2023-08-11,VNM
M-1694,2023-08-11,VNM
M-1695,2023-07-20,VNM
M-1696,2023-07-26,VNM
M-1697,2023-07-20,VNM
M-1698,2023-07-25,VNM
M-1699,2023-07-23,KHM
M-1700,2023-07-25,VNM
M-1701,2023-07-23,VNM
M-1702,2023-07-21,VNM
M-1703,2023-07-30,VNM
M-1704,2023-07-21,VNM
M-1705,2023-07-23,VNM
M-1706,2023-08-05,VNM
M-1707,2023-08-07,VNM
M-1708,2023-07-25,VNM
M-1709,2023-07-31,VNM
M-1710,2023-07-24,VNM
M-1711,2023-08-09,VNM
M-1712,2023-07-21,VNM
M-1713,2023-07-23,VNM
M-1714,2023-07-26,VNM
M-1715,2023-07-20,VNM
M-1716,2023-07-25,VNM
M-1717,2023-07-23,CHN
M-1718,2023-07-23,VNM
M-1719,2023-07-20,VNM
M-1720,2023-07-27,VNM
M-1721,2023-07-20,VNM
M-1722,2023-07-25,VNM
M-1723,2023-07-23,VNM
M-1724,2023-07-21,VNM
M-1725,2023-07-20,VNM
M-1726,2023-08-01,VNM
M-1727,2023-07-21,VNM
M-1728,2023-07-20,VNM
M-1729,2023-07-31,VNM
M-1730,2023-07-20,VNM
M-1731,2023-07-21,VNM
M-1732,2023-07-21,VNM
M-1733,2023-07-25,VNM
M-1734,2023-07-21,VNM
M-1735,2023-07-23,VNM
M-1736,2023-07-24,VNM
M-1737,2023-07-25,VNM
M-1738,2023-07-26,VNM
M-1739,2023-07-27,VNM
M-1740,2023-07-25,VNM
M-1741,2023-07-21,VNM
M-1742,2023-07-20,VNM
M-1743,2023-07-21,KHM
M-1744,2023-07-27,VNM
M-1745,2023-07-21,VNM
M-1746,2023-07-23,VNM
M-1747,2023-07-30,CHN
M-1748,2023-07-21,VNM
M-1749,2023-07-25,THA
M-1750,2023-07-26,THA
M-1751,2023-07-23,THA
M-1752,2023-07-21,CHN
M-1753,2023-07-20,VNM
M-1754,2023-07-23,VNM
M-1755,2023-07-25,VNM
M-1756,2023-07-21,VNM
M-1757,2023-07-26,VNM
M-1758,2023-07-20,VNM
M-1759,2023-07-31,KHM
M-1760,2023-07-29,VNM
M-1761,2023-07-21,VNM
M-1762,2023-07-25,VNM
M-1763,2023-07-31,VNM
M-1764,2023-07-24,VNM
M-1765,2023-07-21,LAO
M-1766,2023-07-27,VNM
M-1767,2023-07-20,VNM
M-1768,2023-07-27,VNM
M-1769,2023-08-01,VNM
M-1770,2023-07-27,VNM
M-1771,2023-08-10,VNM
M-1772,2023-07-23,VNM
M-1773,2023-07-23,VNM
M-1774,2023-07-21,VNM
M-1775,2023-08-01,THA
M-1776,2023-07-21,VNM
M-1777,2023-07-29,VNM
M-1778,2023-08-05,VNM
M-1779,2023-07-25,VNM
M-1780,2023-08-01,VNM
M-1781,2023-07-25,THA
M-1782,2023-07-23,THA
M-1783,2023-07-26,THA
M-1784,2023-07-25,THA
M-1785,2023-07-27,VNM
M-1786,2023-07-26,VNM
M-1787,2023-07-24,VNM
M-1788,2023-07-20,VNM
M-1789,2023-07-25,VNM
M-1790,2023-07-23,THA
M-1791,2023-07-21,VNM
M-1792,2023-07-25,LAO
M-1793,2023-07-21,VNM
M-1794,2023-07-25,VNM
M-1795,2023-07-20,VNM
M-1796,2023-07-21,VNM
M-1797,2023-07-23,VNM
M-1798,2023-07-20,VNM
M-1799,2023-07-20,VNM
M-1800,2023-07-23,VNM
M-1801,2023-07-25,VNM
M-1802,2023-07-21,THA
M-1803,2023-07-20,KHM
M-1804,2023-07-20,VNM
M-1805,2023-07-20,THA
M-1806,2023-07-25,VNM
M-1807,2023-07-24,VNM
M-1808,2023-07-30,VNM
M-1809,2023-07-21,VNM
M-1810,2023-07-23,KHM
M-1811,2023-07-30,VNM
M-1812,2023-07-25,VNM
M-1813,2023-07-20,VNM
M-1814,2023-07-20,VNM
M-1815,2023-08-11,VNM
M-1816,2023-07-25,VNM
M-1817,2023-07-20,VNM
M-1818,2023-07-25,VNM
M-1819,2023-07-20,THA
M-1820,2023-08-02,THA
M-1821,2023-07-24,LAO
M-1822,2023-07-21,VNM
M-1823,2023-07-20,VNM
M-1824,2023-07-20,VNM
M-1825,2023-07-31,VNM
M-1826,2023-07-27,VNM
M-1827,2023-07-26,THA
M-1828,2023-07-24,THA
M-1829,2023-07-21,THA
M-1830,2023-07-21,KHM
M-1831,2023-08-07,KHM
M-1832,2023-07-20,VNM
M-1833,2023-07-31,VNM
M-1834,2023-07-29,VNM
M-1835,2023-07-27,VNM
M-1836,2023-08-07,VNM
M-1837,2023-07-23,VNM
M-1838,2023-07-20,VNM
M-1839,2023-07-25,THA
M-1840,2023-07-20,VNM
M-1841,2023-07-27,KHM
M-1842,2023-07-21,KHM
M-1843,2023-07-25,KHM
M-1844,2023-07-20,VNM
M-1845,2023-07-24,VNM
M-1846,2023-07-23,VNM
M-1847,2023-08-02,VNM
M-1848,2023-07-25,VNM
M-1849,2023-07-20,VNM
M-1850,2023-07-20,VNM
M-1851,2023-07-21,VNM
M-1852,2023-07-24,VNM
M-1853,2023-07-23,VNM
M-1854,2023-08-07,VNM
M-1855,2023-07-30,VNM
M-1856,2023-08-11,VNM
M-1857,2023-07-21,VNM
M-1858,2023-07-25,VNM
M-1859,2023-07-25,VNM
M-1860,2023-07-30,LAO
H-604,2023-08-11,VNM
H-605,2023-08-11,VNM
H-606,2023-08-11,VNM
H-607,2023-08-11,VNM
H-608,2023-08-11,CHN
H-609,2023-08-11,VNM
H-610,2023-08-11,VNM
H-611,2023-08-11,THA
H-612,2023-08-11,VNM
H-613,2023-08-11,CHN
H-614,2023-08-11,KHM
H-615,2023-08-11,VNM
H-616,2023-08-11,KHM
H-617,2023-08-11,CHN
H-618,2023-08-11,VNM
H-619,2023-08-11,THA
H-620,2023-08-11,VNM
H-621,2023-08-11,VNM
H-622,2023-08-11,VNM
H-623,2023-08-11,VNM
H-624,2023-08-11,THA
H-625,2023-08-11,VNM
H-626,2023-08-11,VNM
H-627,2023-08-11,THA
H-628,2023-08-11,VNM
H-629,2023-08-11,VNM
H-630,2023-08-11,VNM
H-631,2023-08-11,THA
H-632,2023-08-11,VNM
H-633,2023-08-11,VNM
H-634,2023-08-11,VNM
H-635,2023-08-11,VNM
H-636,2023-08-11,VNM
H-637,2023-08-11,CHN
H-638,2023-08-11,CHN
H-639,2023-08-11,CHN
H-640,2023-08-11,KHM
H-641,2023-08-11,VNM
H-642,2023-08-11,CHN
H-643,2023-08-11,VNM
H-644,2023-08-11,VNM
H-645,2023-08-11,VNM
H-646,2023-08-11,VNM
H-647,2023-08-11,THA
H-648,2023-08-11,VNM
H-649,2023-08-11,CHN
H-650,2023-08-11,VNM
H-651,2023-08-11,VNM
H-652,2023-08-11,VNM
H-653,2023-08-11,VNM
H-654,2023-08-11,VNM
H-655,2023-08-11,VNM
H-656,2023-08-11,VNM
H-657,2023-08-11,VNM
H-658,2023-08-11,THA
M-1861,2023-07-27,VNM
M-1862,2023-07-27,VNM
M-1863,2023-07-21,VNM
M-1864,2023-07-27,VNM
M-1865,2023-08-07,KHM
M-1866,2023-07-21,VNM
M-1867,2023-07-25,VNM
M-1868,2023-07-21,VNM
M-1869,2023-07-24,VNM
M-1870,2023-07-23,VNM
M-1871,2023-07-23,VNM
M-1872,2023-08-10,VNM
M-1873,2023-07-29,VNM
M-1874,2023-08-02,VNM
M-1875,2023-08-11,VNM
M-1876,2023-07-31,VNM
M-1877,2023-07-25,CHN
M-1878,2023-07-21,VNM
M-1879,2023-07-30,VNM
M-1880,2023-07-21,VNM
M-1881,2023-07-25,VNM
M-1882,2023-08-09,VNM
M-1883,2023-07-21,VNM
M-1884,2023-08-09,VNM
M-1885,2023-07-29,VNM
M-1886,2023-07-29,THA
M-1887,2023-07-31,VNM
M-1888,2023-07-21,THA
M-1889,2023-07-23,VNM
M-1890,2023-08-06,VNM
M-1891,2023-07-23,VNM
M-1892,2023-07-23,VNM
M-1893,2023-07-25,VNM
M-1894,2023-07-23,VNM
M-1895,2023-07-24,VNM
M-1896,2023-07-29,VNM
M-1897,2023-07-25,VNM
M-1898,2023-07-21,VNM
M-1899,2023-07-25,VNM
M-1900,2023-07-25,VNM
M-1901,2023-07-31,VNM
M-1902,2023-07-26,VNM
M-1903,2023-07-21,VNM
M-1904,2023-07-25,VNM
M-1905,2023-07-23,VNM
M-1906,2023-07-27,VNM
M-1907,2023-08-04,VNM
M-1908,2023-07-25,KHM
M-1909,2023-07-29,KHM
M-1910,2023-07-25,VNM
M-1911,2023-07-23,VNM
M-1912,2023-07-26,VNM
M-1913,2023-07-25,CHN
M-1914,2023-07-24,VNM
M-1915,2023-07-26,THA
M-1916,2023-07-21,VNM
M-1917,2023-07-21,VNM
M-1918,2023-08-07,VNM
M-1919,2023-07-21,VNM
M-1920,2023-07-27,KHM
M-1921,2023-07-23,KHM
M-1922,2023-07-26,VNM
M-1923,2023-07-24,VNM
M-1924,2023-07-29,VNM
M-1925,2023-07-21,VNM
M-1926,2023-07-25,VNM
M-1927,2023-07-25,VNM
M-1928,2023-07-25,VNM
M-1929,2023-07-29,VNM
M-1930,2023-08-01,VNM
M-1931,2023-07-23,VNM
M-1932,2023-07-25,VNM
M-1933,2023-07-25,VNM
M-1934,2023-07-25,VNM
M-1935,2023-07-25,VNM
M-1936,2023-08-01,VNM
M-1937,2023-07-31,VNM
M-1938,2023-07-25,VNM
M-1939,2023-07-24,VNM
M-1940,2023-07-24,VNM
M-1941,2023-07-23,VNM
M-1942,2023-08-11,VNM
M-1943,2023-07-24,THA
M-1944,2023-07-21,THA
M-1945,2023-07-23,VNM
M-1946,2023-07-27,VNM
M-1947,2023-07-25,VNM
M-1948,2023-07-21,THA
M-1949,2023-07-23,VNM
M-1950,2023-07-23,VNM
M-1951,2023-08-04,VNM
M-1952,2023-07-21,VNM
M-1953,2023-07-24,VNM
M-1954,2023-07-31,VNM
M-1955,2023-08-06,VNM
M-1956,2023-08-05,VNM
M-1957,2023-07-21,VNM
M-1958,2023-07-29,VNM
M-1959,2023-08-02,VNM
M-1960,2023-07-23,VNM
M-1961,2023-07-21,VNM
M-1962,2023-07-30,VNM
M-1963,2023-07-26,VNM
M-1964,2023-07-23,VNM
M-1965,2023-07-27,THA
M-1966,2023-08-05,VNM
M-1967,2023-08-09,CHN
M-1968,2023-07-25,CHN
M-1969,2023-07-26,KHM
M-1970,2023-08-11,VNM
M-1971,2023-08-02,VNM
M-1972,2023-07-24,VNM
M-1973,2023-08-01,VNM
M-1974,2023-07-26,THA
M-1975,2023-08-02,VNM
M-1976,2023-08-06,KHM
M-1977,2023-07-23,VNM
M-1978,2023-08-04,VNM
M-1979,2023-07-25,THA
M-1980,2023-08-11,THA
M-1981,2023-07-31,VNM
M-1982,2023-07-24,VNM
M-1983,2023-07-27,THA
M-1984,2023-07-25,VNM
M-1985,2023-07-21,LAO
M-1986,2023-07-24,VNM
M-1987,2023-07-24,VNM
M-1988,2023-07-24,VNM
M-1989,2023-07-25,CHN
M-1990,2023-07-26,VNM
M-1991,2023-08-06,VNM
M-1992,2023-07-25,VNM
M-1993,2023-07-21,THA
M-1994,2023-08-05,VNM
M-1995,2023-07-26,VNM
M-1996,2023-07-25,VNM
M-1997,2023-07-31,VNM
M-1998,2023-08-07,VNM
M-1999,2023-07-21,VNM
M-2000,2023-07-25,VNM
M-2001,2023-07-23,VNM
M-2002,2023-07-23,VNM
M-2003,2023-07-23,VNM
M-2004,2023-07-29,THA
M-2005,2023-07-24,THA
M-2006,2023-07-27,THA
M-2007,2023-07-31,THA
M-2008,2023-07-24,VNM
M-2009,2023-07-23,KHM
M-2010,2023-07-25,KHM
M-2011,2023-07-30,KHM
M-2012,2023-07-25,VNM
M-2013,2023-07-23,VNM
M-2014,2023-07-23,VNM
M-2015,2023-07-30,VNM
M-2016,2023-07-27,VNM
M-2017,2023-07-25,VNM
M-2018,2023-07-25,VNM
M-2019,2023-07-21,VNM
M-2020,2023-07-26,VNM
M-2021,2023-08-02,VNM
M-2022,2023-07-23,VNM
M-2023,2023-07-23,VNM
M-2024,2023-07-24,VNM
M-2025,2023-07-25,VNM
M-2026,2023-07-21,VNM
M-2027,2023-07-27,VNM
M-2028,2023-08-09,VNM
M-2029,2023-07-26,VNM
M-2030,2023-07-21,VNM
M-2031,2023-07-25,VNM
M-2032,2023-07-21,VNM
M-2033,2023-07-26,VNM
M-2034,2023-07-23,VNM
M-2035,2023-07-21,VNM
M-2036,2023-07-21,VNM
M-2037,2023-07-21,VNM
M-2038,2023-07-21,VNM
M-2039,2023-08-05,VNM
M-2040,2023-07-25,VNM
M-2041,2023-07-29,VNM
M-2042,2023-07-27,VNM
H-659,2023-08-11,KHM
H-660,2023-08-11,VNM
H-661,2023-08-11,VNM
H-662,2023-08-11,KHM
H-663,2023-08-11,THA
H-664,2023-08-11,KHM
H-665,2023-08-11,CHN
H-666,2023-08-11,THA
H-667,2023-08-11,VNM
H-668,2023-08-11,VNM
H-669,2023-08-11,VNM
H-670,2023-08-11,VNM
H-671,2023-08-11,THA
H-672,2023-08-11,VNM
H-673,2023-08-11,THA
H-674,2023-08-11,THA
H-675,2023-08-11,THA
H-676,2023-08-11,VNM
H-677,2023-08-11,KHM
H-678,2023-08-11,VNM
H-679,2023-08-11,VNM
H-680,2023-08-11,VNM
H-681,2023-08-11,KHM
H-682,2023-08-11,VNM
H-683,2023-08-11,VNM
H-684,2023-08-11,VNM
H-685,2023-08-11,VNM
H-686,2023-08-11,VNM
H-687,2023-08-11,KHM
H-688,2023-08-11,VNM
H-689,2023-08-11,VNM
H-690,2023-08-11,VNM
H-691,2023-08-11,KHM
H-692,2023-08-11,VNM
H-693,2023-08-11,VNM
H-694,2023-08-11,VNM
H-695,2023-08-11,VNM
H-696,2023-08-11,VNM
H-697,2023-08-11,VNM
H-698,2023-08-11,VNM
H-699,2023-08-11,VNM
H-700,2023-08-11,VNM
H-701,2023-08-11,VNM
H-702,2023-08-11,LAO
H-703,2023-08-11,VNM
H-704,2023-08-11,VNM
H-705,2023-08-11,VNM
H-706,2023-08-11,LAO
H-707,2023-08-11,KHM
H-708,2023-08-11,VNM
H-709,2023-08-11,VNM
H-710,2023-08-11,VNM
H-711,2023-08-11,VNM
H-712,2023-08-11,VNM
H-713,2023-08-11,VNM
H-714,2023-08-11,VNM
H-715,2023-08-11,VNM
M-2043,2023-08-11,VNM
M-2044,2023-07-23,VNM
M-2045,2023-07-25,KHM
M-2046,2023-07-25,VNM
M-2047,2023-07-26,VNM
M-2048,2023-07-26,KHM
M-2049,2023-08-06,VNM
M-2050,2023-07-31,VNM
M-2051,2023-07-26,VNM
M-2052,2023-07-25,VNM
M-2053,2023-07-27,VNM
M-2054,2023-07-29,VNM
M-2055,2023-08-05,VNM
M-2056,2023-07-26,THA
M-2057,2023-07-26,VNM
M-2058,2023-07-26,VNM
M-2059,2023-07-24,VNM
M-2060,2023-07-24,VNM
M-2061,2023-08-07,VNM
M-2062,2023-08-11,THA
M-2063,2023-07-23,VNM
M-2064,2023-07-24,VNM
M-2065,2023-08-07,THA
M-2066,2023-07-31,VNM
M-2067,2023-07-30,VNM
M-2068,2023-07-24,VNM
M-2069,2023-08-11,VNM
M-2070,2023-07-27,VNM
M-2071,2023-07-30,VNM
M-2072,2023-07-25,VNM
M-2073,2023-08-04,VNM
M-2074,2023-07-23,VNM
M-2075,2023-08-10,KHM
M-2076,2023-07-24,VNM
M-2077,2023-07-25,VNM
M-2078,2023-07-24,VNM
M-2079,2023-07-26,VNM
M-2080,2023-07-29,VNM
M-2081,2023-07-24,VNM
M-2082,2023-07-23,VNM
M-2083,2023-07-24,KHM
M-2084,2023-07-27,VNM
M-2085,2023-08-05,VNM
M-2086,2023-08-07,VNM
M-2087,2023-07-31,VNM
M-2088,2023-08-11,VNM
M-2089,2023-07-30,VNM
M-2090,2023-07-25,VNM
M-2091,2023-07-23,VNM
M-2092,2023-07-26,VNM
M-2093,2023-07-26,VNM
M-2094,2023-07-25,VNM
M-2095,2023-07-24,VNM
M-2096,2023-08-10,VNM
M-2097,2023-07-27,VNM
M-2098,2023-07-25,VNM
M-2099,2023-07-31,VNM
M-2100,2023-07-25,CHN
M-2101,2023-07-23,VNM
M-2102,2023-07-23,VNM
M-2103,2023-08-04,VNM
M-2104,2023-08-01,VNM
M-2105,2023-07-24,VNM
M-2106,2023-07-25,VNM
M-2107,2023-07-31,VNM
M-2108,2023-07-23,VNM
M-2109,2023-07-27,VNM
M-2110,2023-07-25,VNM
M-2111,2023-07-25,VNM
M-2112,2023-07-24,VNM
M-2113,2023-07-27,THA
M-2114,2023-07-23,VNM
M-2115,2023-07-27,THA
M-2116,2023-07-23,VNM
M-2117,2023-07-31,VNM
M-2118,2023-07-24,VNM
M-2119,2023-07-25,VNM
M-2120,2023-07-27,KHM
M-2121,2023-07-27,KHM
M-2122,2023-07-26,VNM
M-2123,2023-07-25,VNM
M-2124,2023-07-26,VNM
M-2125,2023-07-25,THA
M-2126,2023-07-23,VNM
M-2127,2023-07-23,VNM
M-2128,2023-08-01,LAO
M-2129,2023-07-30,VNM
M-2130,2023-07-25,VNM
M-2131,2023-07-29,VNM
M-2132,2023-07-25,VNM
M-2133,2023-07-23,VNM
M-2134,2023-07-26,VNM
M-2135,2023-07-31,VNM
M-2136,2023-08-11,VNM
M-2137,2023-07-25,VNM
M-2138,2023-07-30,CHN
M-2139,2023-07-24,THA
M-2140,2023-07-29,KHM
M-2141,2023-07-23,VNM
M-2142,2023-07-26,VNM
M-2143,2023-07-25,VNM
M-2144,2023-07-31,VNM
M-2145,2023-07-26,THA
M-2146,2023-07-25,THA
M-2147,2023-07-24,VNM
M-2148,2023-08-11,VNM
M-2149,2023-07-24,VNM
M-2150,2023-07-23,VNM
M-2151,2023-07-26,KHM
M-2152,2023-07-30,VNM
M-2153,2023-07-25,VNM
M-2154,2023-07-23,VNM
M-2155,2023-07-25,VNM
M-2156,2023-08-01,VNM
M-2157,2023-07-25,VNM
M-2158,2023-07-26,VNM
M-2159,2023-07-24,VNM
M-2160,2023-07-30,THA
M-2161,2023-07-26,THA
M-2162,2023-07-31,THA
M-2163,2023-07-25,THA
M-2164,2023-08-11,THA
M-2165,2023-07-25,VNM
M-2166,2023-07-24,VNM
M-2167,2023-07-25,VNM
M-2168,2023-07-31,VNM
M-2169,2023-08-11,VNM
M-2170,2023-07-29,THA
M-2171,2023-07-26,THA
M-2172,2023-08-05,VNM
M-2173,2023-07-23,VNM
M-2174,2023-08-01,VNM
M-2175,2023-07-27,VNM
M-2176,2023-07-25,VNM
M-2177,2023-07-25,VNM
M-2178,2023-07-25,VNM
M-2179,2023-07-23,VNM
M-2180,2023-08-01,CHN
M-2181,2023-07-31,VNM
M-2182,2023-07-30,VNM
M-2183,2023-07-23,VNM
M-2184,2023-07-26,THA
M-2185,2023-07-26,VNM
M-2186,2023-07-26,VNM
M-2187,2023-07-26,KHM
M-2188,2023-07-24,KHM
M-2189,2023-07-25,VNM
M-2190,2023-07-29,VNM
M-2191,2023-07-24,LAO
M-2192,2023-07-25,VNM
M-2193,2023-07-24,VNM
M-2194,2023-07-29,VNM
M-2195,2023-07-23,VNM
M-2196,2023-07-25,VNM
M-2197,2023-07-26,VNM
M-2198,2023-07-25,VNM
M-2199,2023-07-23,VNM
M-2200,2023-07-31,VNM
M-2201,2023-07-30,THA
M-2202,2023-07-31,THA
M-2203,2023-07-23,VNM
M-2204,2023-07-23,VNM
M-2205,2023-07-29,KHM
M-2206,2023-07-30,KHM
M-2207,2023-08-05,KHM
M-2208,2023-07-29,KHM
M-2209,2023-07-23,VNM
M-2210,2023-07-23,VNM
M-2211,2023-07-25,VNM
M-2212,2023-07-23,VNM
M-2213,2023-07-29,VNM
M-2214,2023-07-25,VNM
M-2215,2023-07-27,VNM
M-2216,2023-07-31,VNM
M-2217,2023-07-23,VNM
M-2218,2023-07-27,VNM
M-2219,2023-07-23,VNM
M-2220,2023-07-30,VNM
M-2221,2023-08-02,VNM
M-2222,2023-07-24,VNM
M-2223,2023-07-23,VNM
M-2224,2023-07-23,VNM
M-2225,2023-07-25,VNM
M-2226,2023-08-06,VNM
M-2227,2023-07-23,VNM
M-2228,2023-08-02,VNM
M-2229,2023-08-11,VNM
M-2230,2023-07-23,VNM
M-2231,2023-08-11,VNM
M-2232,2023-07-29,VNM
M-2233,2023-08-04,KHM
M-2234,2023-07-24,VNM
M-2235,2023-07-23,VNM
M-2236,2023-07-30,VNM
M-2237,2023-07-24,VNM
M-2238,2023-07-23,VNM
M-2239,2023-08-02,VNM
M-2240,2023-08-11,VNM
M-2241,2023-07-25,VNM
M-2242,2023-08-09,VNM
M-2243,2023-08-05,VNM
M-2244,2023-08-05,VNM
M-2245,2023-08-06,VNM
M-2246,2023-08-02,LAO
M-2247,2023-07-27,VNM
M-2248,2023-08-10,KHM
M-2249,2023-07-23,VNM
M-2250,2023-07-25,VNM
M-2251,2023-07-27,VNM
M-2252,2023-08-11,VNM
M-2253,2023-07-27,VNM
M-2254,2023-07-24,VNM
M-2255,2023-07-31,VNM
M-2256,2023-07-30,VNM
M-2257,2023-07-26,VNM
M-2258,2023-07-23,VNM
M-2259,2023-07-25,VNM
M-2260,2023-07-31,VNM
M-2261,2023-07-30,VNM
M-2262,2023-07-27,VNM
M-2263,2023-08-11,VNM
M-2264,2023-08-09,VNM
M-2265,2023-07-31,VNM
M-2266,2023-07-23,VNM
M-2267,2023-07-24,VNM
M-2268,2023-07-25,VNM
M-2269,2023-07-30,VNM
M-2270,2023-08-05,VNM
M-2271,2023-07-23,VNM
M-2272,2023-07-26,VNM
M-2273,2023-07-25,VNM
M-2274,2023-07-25,VNM
M-2275,2023-07-27,VNM
H-716,2023-08-11,THA
H-717,2023-08-11,VNM
H-718,2023-08-11,THA
H-719,2023-08-11,VNM
H-720,2023-08-11,VNM
H-721,2023-08-11,LAO
H-722,2023-08-11,VNM
H-723,2023-08-11,KHM
H-724,2023-08-11,VNM
H-725,2023-08-11,VNM
H-726,2023-08-11,VNM
H-727,2023-08-11,VNM
H-728,2023-08-11,VNM
H-729,2023-08-11,VNM
H-730,2023-08-11,VNM
H-731,2023-08-11,THA
H-732,2023-08-11,VNM
H-733,2023-08-11,LAO
H-734,2023-08-11,CHN
H-735,2023-08-11,VNM
H-736,2023-08-11,KHM
H-737,2023-08-11,VNM
H-738,2023-08-11,VNM
H-739,2023-08-11,VNM
H-740,2023-08-11,LAO
H-741,2023-08-11,VNM
H-742,2023-08-11,VNM
H-743,2023-08-11,VNM
H-744,2023-08-11,VNM
H-745,2023-08-11,VNM
H-746,2023-08-11,VNM
H-747,2023-08-11,VNM
H-748,2023-08-11,VNM
H-749,2023-08-11,VNM
H-750,2023-08-11,VNM
H-751,2023-08-11,KHM
H-752,2023-08-11,VNM
H-753,2023-08-11,THA
H-754,2023-08-11,VNM
H-755,2023-08-11,CHN
H-756,2023-08-11,THA
H-757,2023-08-11,VNM
H-758,2023-08-11,VNM
H-759,2023-08-11,THA
H-760,2023-08-11,THA
H-761,2023-08-11,THA
H-762,2023-08-11,LAO
H-763,2023-08-11,VNM
H-764,2023-08-11,KHM
H-765,2023-08-11,VNM
H-766,2023-08-11,LAO
H-767,2023-08-11,VNM
H-768,2023-08-11,LAO
H-769,2023-08-11,VNM
H-770,2023-08-11,VNM
H-771,2023-08-11,VNM
H-772,2023-08-11,VNM
H-773,2023-08-11,VNM
H-774,2023-08-11,VNM
H-775,2023-08-11,VNM
H-776,2023-08-11,VNM
H-777,2023-08-11,VNM
H-778,2023-08-11,CHN
H-779,2023-08-11,VNM
H-780,2023-08-11,VNM
M-2276,2023-07-24,VNM
M-2277,2023-08-10,VNM
M-2278,2023-07-30,VNM
M-2279,2023-08-04,KHM
M-2280,2023-07-30,VNM
M-2281,2023-08-10,VNM
M-2282,2023-08-11,VNM
M-2283,2023-07-29,VNM
M-2284,2023-07-25,VNM
M-2285,2023-07-29,VNM
M-2286,2023-07-25,VNM
M-2287,2023-07-25,VNM
M-2288,2023-07-31,VNM
M-2289,2023-08-11,VNM
M-2290,2023-07-26,LAO
M-2291,2023-08-05,VNM
M-2292,2023-07-25,VNM
M-2293,2023-07-25,VNM
M-2294,2023-08-11,VNM
M-2295,2023-07-25,VNM
M-2296,2023-07-27,VNM
M-2297,2023-07-24,VNM
M-2298,2023-07-30,VNM
M-2299,2023-07-26,VNM
M-2300,2023-07-24,VNM
M-2301,2023-07-30,VNM
M-2302,2023-07-25,VNM
M-2303,2023-07-30,VNM
M-2304,2023-07-24,VNM
M-2305,2023-07-27,VNM
M-2306,2023-07-24,VNM
M-2307,2023-07-31,VNM
M-2308,2023-07-25,VNM
M-2309,2023-07-31,VNM
M-2310,2023-07-25,VNM
M-2311,2023-07-31,VNM
M-2312,2023-07-27,VNM
M-2313,2023-07-25,VNM
M-2314,2023-07-25,CHN
M-2315,2023-08-04,CHN
M-2316,2023-07-24,VNM
M-2317,2023-07-25,VNM
M-2318,2023-07-31,VNM
M-2319,2023-08-05,VNM
M-2320,2023-07-25,VNM
M-2321,2023-07-26,THA
M-2322,2023-07-30,LAO
M-2323,2023-08-11,LAO
M-2324,2023-07-25,VNM
M-2325,2023-07-25,VNM
M-2326,2023-07-24,VNM
M-2327,2023-08-02,VNM
M-2328,2023-07-29,VNM
M-2329,2023-07-25,THA
M-2330,2023-07-27,VNM
M-2331,2023-07-25,VNM
M-2332,2023-07-27,LAO
M-2333,2023-07-30,VNM
M-2334,2023-07-24,VNM
M-2335,2023-07-30,VNM
M-2336,2023-07-24,VNM
M-2337,2023-07-29,VNM
M-2338,2023-08-02,THA
M-2339,2023-07-25,THA
M-2340,2023-07-25,VNM
M-2341,2023-08-06,VNM
M-2342,2023-08-05,VNM
M-2343,2023-07-30,THA
M-2344,2023-08-06,VNM
M-2345,2023-07-25,VNM
M-2346,2023-07-30,VNM
M-2347,2023-07-24,THA
M-2348,2023-07-31,THA
M-2349,2023-07-24,THA
M-2350,2023-08-09,KHM
M-2351,2023-07-25,VNM
M-2352,2023-07-25,THA
M-2353,2023-07-31,THA
M-2354,2023-07-31,VNM
M-2355,2023-07-29,VNM
M-2356,2023-07-25,KHM
M-2357,2023-07-26,VNM
M-2358,2023-08-01,THA
M-2359,2023-07-31,VNM
M-2360,2023-08-06,VNM
M-2361,2023-07-30,VNM
M-2362,2023-08-06,VNM
M-2363,2023-07-24,CHN
M-2364,2023-07-26,VNM
M-2365,2023-07-27,LAO
M-2366,2023-07-25,VNM
M-2367,2023-07-31,VNM
M-2368,2023-07-24,KHM
M-2369,2023-07-24,KHM
M-2370,2023-07-25,VNM
M-2371,2023-08-10,VNM
M-2372,2023-07-24,VNM
M-2373,2023-07-31,VNM
M-2374,2023-07-26,CHN
M-2375,2023-07-26,VNM
M-2376,2023-07-25,KHM
M-2377,2023-07-26,VNM
M-2378,2023-07-24,VNM
M-2379,2023-07-25,VNM
M-2380,2023-07-25,VNM
M-2381,2023-07-26,VNM
M-2382,2023-07-26,VNM
M-2383,2023-08-01,VNM
M-2384,2023-07-29,VNM
M-2385,2023-07-25,VNM
M-2386,2023-07-29,VNM
M-2387,2023-07-29,VNM
M-2388,2023-08-04,VNM
M-2389,2023-07-25,VNM
M-2390,2023-07-24,VNM
M-2391,2023-07-26,VNM
M-2392,2023-07-30,VNM
M-2393,2023-07-24,VNM
M-2394,2023-08-04,THA
M-2395,2023-07-25,THA
M-2396,2023-07-25,VNM
M-2397,2023-07-30,KHM
M-2398,2023-07-31,KHM
M-2399,2023-07-24,KHM
M-2400,2023-07-25,VNM
M-2401,2023-08-01,VNM
M-2402,2023-07-26,VNM
M-2403,2023-07-25,VNM
M-2404,2023-07-26,VNM
M-2405,2023-07-25,VNM
M-2406,2023-07-25,VNM
M-2407,2023-07-26,VNM
M-2408,2023-07-31,VNM
M-2409,2023-08-02,VNM
M-2410,2023-07-25,VNM
M-2411,2023-07-26,VNM
M-2412,2023-07-30,VNM
M-2413,2023-08-02,VNM
M-2414,2023-07-24,VNM
M-2415,2023-08-01,VNM
M-2416,2023-07-25,VNM
M-2417,2023-08-04,VNM
M-2418,2023-07-26,VNM
M-2419,2023-07-24,VNM
M-2420,2023-07-25,VNM
M-2421,2023-07-27,VNM
M-2422,2023-07-30,VNM
M-2423,2023-07-24,VNM
M-2424,2023-07-25,KHM
M-2425,2023-07-27,VNM
M-2426,2023-07-31,VNM
M-2427,2023-07-26,VNM
M-2428,2023-07-26,VNM
M-2429,2023-07-25,VNM
M-2430,2023-07-25,VNM
M-2431,2023-07-30,VNM
M-2432,2023-08-05,VNM
M-2433,2023-07-26,VNM
M-2434,2023-07-25,VNM
M-2435,2023-08-02,VNM
M-2436,2023-07-25,THA
M-2437,2023-07-25,VNM
M-2438,2023-07-25,VNM
M-2439,2023-07-31,VNM
M-2440,2023-08-07,VNM
M-2441,2023-07-25,VNM
M-2442,2023-07-27,VNM
M-2443,2023-08-06,VNM
M-2444,2023-07-24,VNM
M-2445,2023-07-25,VNM
M-2446,2023-07-29,VNM
M-2447,2023-07-25,VNM
M-2448,2023-07-24,VNM
M-2449,2023-07-25,KHM
M-2450,2023-07-26,VNM
M-2451,2023-07-24,VNM
M-2452,2023-07-27,VNM
M-2453,2023-07-26,VNM
M-2454,2023-07-25,VNM
M-2455,2023-07-25,VNM
M-2456,2023-07-31,VNM
M-2457,2023-08-05,VNM
M-2458,2023-07-24,VNM
M-2459,2023-08-02,VNM
M-2460,2023-07-25,VNM
M-2461,2023-07-25,VNM
M-2462,2023-07-25,VNM
M-2463,2023-07-24,VNM
M-2464,2023-08-11,VNM
M-2465,2023-08-07,VNM
M-2466,2023-07-26,VNM
M-2467,2023-07-25,VNM
M-2468,2023-08-06,VNM
M-2469,2023-08-11,THA
M-2470,2023-07-29,VNM
M-2471,2023-07-25,KHM
M-2472,2023-08-01,KHM
M-2473,2023-07-24,VNM
M-2474,2023-07-30,VNM
M-2475,2023-07-24,VNM
M-2476,2023-07-25,VNM
M-2477,2023-08-11,VNM
M-2478,2023-07-25,VNM
M-2479,2023-07-25,VNM
M-2480,2023-07-30,VNM
M-2481,2023-07-30,VNM
M-2482,2023-07-25,VNM
M-2483,2023-08-11,VNM
M-2484,2023-07-25,VNM
M-2485,2023-07-25,KHM
M-2486,2023-07-24,VNM
M-2487,2023-07-25,VNM
M-2488,2023-07-24,VNM
M-2489,2023-07-24,VNM
M-2490,2023-07-29,VNM
M-2491,2023-07-27,VNM
M-2492,2023-07-31,THA
M-2493,2023-07-25,VNM
M-2494,2023-08-11,VNM
M-2495,2023-07-26,THA
M-2496,2023-07-25,VNM
M-2497,2023-07-26,VNM
M-2498,2023-07-25,VNM
M-2499,2023-07-31,VNM
M-2500,2023-08-02,VNM
M-2501,2023-08-02,VNM
M-2502,2023-07-25,VNM
M-2503,2023-07-31,VNM
M-2504,2023-08-05,VNM
M-2505,2023-07-27,VNM
M-2506,2023-08-11,THA
M-2507,2023-07-25,VNM
M-2508,2023-07-26,VNM
H-781,2023-08-11,VNM
H-782,2023-08-11,KHM
H-783,2023-08-11,VNM
H-784,2023-08-11,VNM
H-785,2023-08-11,VNM
H-786,2023-08-11,VNM
H-787,2023-08-11,CHN
H-788,2023-08-11,VNM
H-789,2023-08-11,CHN
H-790,2023-08-11,VNM
H-791,2023-08-11,VNM
H-792,2023-08-11,VNM
H-793,2023-08-11,VNM
H-794,2023-08-11,VNM
H-795,2023-08-11,VNM
H-796,2023-08-11,THA
H-797,2023-08-11,CHN
H-798,2023-08-11,VNM
H-799,2023-08-11,KHM
H-800,2023-08-11,VNM
H-801,2023-08-11,VNM
H-802,2023-08-11,VNM
H-803,2023-08-11,VNM
H-804,2023-08-11,THA
H-805,2023-08-11,VNM
H-806,2023-08-11,VNM
H-807,2023-08-11,VNM
H-808,2023-08-11,LAO
H-809,2023-08-11,VNM
H-810,2023-08-11,KHM
H-811,2023-08-11,VNM
H-812,2023-08-11,VNM
H-813,2023-08-11,VNM
H-814,2023-08-11,VNM
H-815,2023-08-11,THA
H-816,2023-08-11,VNM
H-817,2023-08-11,VNM
H-818,2023-08-11,VNM
H-819,2023-08-11,VNM
H-820,2023-08-11,VNM
H-821,2023-08-11,VNM
H-822,2023-08-11,LAO
H-823,2023-08-11,KHM
H-824,2023-08-11,THA
H-825,2023-08-11,LAO
H-826,2023-08-11,VNM
H-827,2023-08-11,VNM
H-828,2023-08-11,VNM
H-829,2023-08-11,VNM
H-830,2023-08-11,THA
H-831,2023-08-11,VNM
H-832,2023-08-11,VNM
H-833,2023-08-11,VNM
H-834,2023-08-11,VNM
H-835,2023-08-11,VNM
H-836,2023-08-11,VNM
H-837,2023-08-11,VNM
H-838,2023-08-11,VNM
H-839,2023-08-11,KHM
H-840,2023-08-11,LAO
H-841,2023-08-11,VNM
H-842,2023-08-11,VNM
H-843,2023-08-11,THA
H-844,2023-08-11,VNM
H-845,2023-08-11,VNM
H-846,2023-08-11,VNM
H-847,2023-08-11,VNM
H-848,2023-08-11,LAO
H-849,2023-08-11,KHM
H-850,2023-08-11,VNM
H-851,2023-08-11,VNM
H-852,2023-08-11,VNM
H-853,2023-08-11,VNM
H-854,2023-08-11,VNM
H-855,2023-08-11,LAO
H-856,2023-08-11,VNM
H-857,2023-08-11,THA
H-858,2023-08-11,VNM
H-859,2023-08-11,VNM
H-860,2023-08-11,VNM
M-2509,2023-07-31,VNM
M-2510,2023-08-06,VNM
M-2511,2023-08-11,VNM
M-2512,2023-07-26,VNM
M-2513,2023-07-25,VNM
M-2514,2023-07-27,CHN
M-2515,2023-07-25,VNM
M-2516,2023-07-27,VNM
M-2517,2023-07-25,VNM
M-2518,2023-07-25,VNM
M-2519,2023-07-30,VNM
M-2520,2023-08-04,VNM
M-2521,2023-07-27,VNM
M-2522,2023-08-04,VNM
M-2523,2023-07-26,KHM
M-2524,2023-07-25,VNM
M-2525,2023-08-11,CHN
M-2526,2023-07-29,CHN
M-2527,2023-07-26,CHN
M-2528,2023-07-25,VNM
M-2529,2023-07-30,KHM
M-2530,2023-07-30,VNM
M-2531,2023-08-01,KHM
M-2532,2023-07-25,VNM
M-2533,2023-07-25,LAO
M-2534,2023-08-04,VNM
M-2535,2023-08-05,VNM
M-2536,2023-07-29,VNM
M-2537,2023-07-26,VNM
M-2538,2023-07-30,VNM
M-2539,2023-07-29,VNM
M-2540,2023-07-30,VNM
M-2541,2023-07-30,VNM
M-2542,2023-07-25,THA
M-2543,2023-08-05,VNM
M-2544,2023-07-30,LAO
M-2545,2023-07-25,THA
M-2546,2023-07-25,VNM
M-2547,2023-08-07,VNM
M-2548,2023-07-26,VNM
M-2549,2023-07-30,VNM
M-2550,2023-08-01,VNM
M-2551,2023-07-25,VNM
M-2552,2023-08-01,VNM
M-2553,2023-08-01,VNM
M-2554,2023-08-07,VNM
M-2555,2023-07-29,VNM
M-2556,2023-07-27,VNM
M-2557,2023-07-29,VNM
M-2558,2023-07-26,VNM
M-2559,2023-07-25,THA
M-2560,2023-08-04,KHM
M-2561,2023-08-06,KHM
M-2562,2023-07-31,VNM
M-2563,2023-07-25,VNM
M-2564,2023-08-02,VNM
M-2565,2023-07-25,VNM
M-2566,2023-07-26,KHM
M-2567,2023-07-25,VNM
M-2568,2023-07-25,THA
M-2569,2023-08-05,VNM
M-2570,2023-07-29,VNM
M-2571,2023-07-31,VNM
M-2572,2023-07-31,VNM
M-2573,2023-07-25,VNM
M-2574,2023-07-25,VNM
M-2575,2023-08-02,VNM
M-2576,2023-08-02,VNM
M-2577,2023-08-04,VNM
M-2578,2023-07-25,VNM
M-2579,2023-08-05,VNM
M-2580,2023-07-26,KHM
M-2581,2023-07-26,VNM
M-2582,2023-08-07,VNM
M-2583,2023-08-11,VNM
M-2584,2023-07-25,VNM
M-2585,2023-07-25,VNM
M-2586,2023-07-27,VNM
M-2587,2023-08-11,VNM
M-2588,2023-08-04,VNM
M-2589,2023-07-27,VNM
M-2590,2023-07-25,VNM
M-2591,2023-08-02,VNM
M-2592,2023-07-25,VNM
M-2593,2023-07-27,VNM
M-2594,2023-07-30,VNM
M-2595,2023-08-04,VNM
M-2596,2023-07-29,VNM
M-2597,2023-07-25,VNM
M-2598,2023-07-25,VNM
M-2599,2023-07-25,VNM
M-2600,2023-07-25,VNM
M-2601,2023-07-27,VNM
M-2602,2023-08-04,VNM
M-2603,2023-07-30,VNM
M-2604,2023-08-02,VNM
M-2605,2023-07-26,THA
M-2606,2023-07-25,THA
M-2607,2023-07-25,VNM
M-2608,2023-07-25,KHM
M-2609,2023-08-06,VNM
M-2610,2023-08-05,VNM
M-2611,2023-07-25,VNM
M-2612,2023-07-25,VNM
M-2613,2023-08-07,VNM
M-2614,2023-08-10,VNM
M-2615,2023-08-11,VNM
M-2616,2023-08-11,VNM
M-2617,2023-08-01,VNM
M-2618,2023-07-25,VNM
M-2619,2023-08-02,VNM
M-2620,2023-08-11,VNM
M-2621,2023-07-25,VNM
M-2622,2023-08-07,VNM
M-2623,2023-07-25,VNM
M-2624,2023-07-25,VNM
M-2625,2023-07-27,VNM
M-2626,2023-08-04,VNM
M-2627,2023-08-09,VNM
M-2628,2023-07-30,VNM
M-2629,2023-07-25,VNM
M-2630,2023-07-25,VNM
M-2631,2023-08-06,VNM
M-2632,2023-08-02,VNM
M-2633,2023-08-05,VNM
M-2634,2023-07-26,VNM
M-2635,2023-08-11,VNM
M-2636,2023-08-07,VNM
M-2637,2023-08-09,VNM
M-2638,2023-07-29,VNM
M-2639,2023-08-02,KHM
M-2640,2023-07-27,KHM
M-2641,2023-07-27,VNM
M-2642,2023-07-25,VNM
M-2643,2023-08-11,VNM
M-2644,2023-07-25,VNM
M-2645,2023-07-27,VNM
M-2646,2023-08-01,VNM
M-2647,2023-07-25,VNM
M-2648,2023-07-25,VNM
M-2649,2023-07-26,VNM
M-2650,2023-08-06,VNM
M-2651,2023-08-05,VNM
M-2652,2023-07-25,VNM
M-2653,2023-07-31,VNM
M-2654,2023-08-01,VNM
M-2655,2023-07-25,VNM
M-2656,2023-07-26,VNM
M-2657,2023-08-11,VNM
M-2658,2023-07-26,VNM
M-2659,2023-07-29,VNM
M-2660,2023-07-26,VNM
M-2661,2023-08-10,LAO
M-2662,2023-07-27,VNM
M-2663,2023-07-27,KHM
M-2664,2023-07-27,VNM
M-2665,2023-07-25,VNM
M-2666,2023-07-30,VNM
M-2667,2023-08-04,LAO
M-2668,2023-07-27,VNM
M-2669,2023-07-27,VNM
M-2670,2023-07-26,VNM
M-2671,2023-07-31,VNM
M-2672,2023-07-31,VNM
M-2673,2023-07-30,VNM
M-2674,2023-08-11,VNM
M-2675,2023-07-31,VNM
M-2676,2023-07-31,VNM
M-2677,2023-08-04,VNM
M-2678,2023-07-25,VNM
M-2679,2023-07-26,VNM
M-2680,2023-07-25,VNM
M-2681,2023-07-29,VNM
M-2682,2023-07-25,THA
M-2683,2023-08-05,KHM
M-2684,2023-07-25,VNM
M-2685,2023-07-25,VNM
M-2686,2023-07-25,VNM
M-2687,2023-07-29,VNM
M-2688,2023-07-25,VNM
M-2689,2023-07-26,VNM
M-2690,2023-08-05,VNM
M-2691,2023-08-02,VNM
M-2692,2023-07-29,VNM
M-2693,2023-08-10,VNM
M-2694,2023-08-05,VNM
M-2695,2023-07-27,VNM
M-2696,2023-08-05,VNM
M-2697,2023-08-04,VNM
M-2698,2023-07-25,VNM
M-2699,2023-07-25,VNM
M-2700,2023-08-10,VNM
M-2701,2023-08-09,VNM
M-2702,2023-08-01,VNM
M-2703,2023-07-31,KHM
M-2704,2023-07-30,VNM
M-2705,2023-07-27,VNM
M-2706,2023-07-26,VNM
M-2707,2023-07-30,VNM
M-2708,2023-07-25,VNM
M-2709,2023-07-25,VNM
M-2710,2023-07-25,VNM
M-2711,2023-07-25,VNM
M-2712,2023-07-25,VNM
M-2713,2023-08-05,VNM
M-2714,2023-07-26,VNM
M-2715,2023-07-25,THA
M-2716,2023-07-25,VNM
M-2717,2023-07-31,VNM
M-2718,2023-08-09,VNM
M-2719,2023-07-26,VNM
M-2720,2023-07-31,VNM
M-2721,2023-07-25,VNM
M-2722,2023-08-07,VNM
M-2723,2023-07-26,VNM
M-2724,2023-07-26,VNM
M-2725,2023-08-01,VNM
M-2726,2023-08-04,VNM
M-2727,2023-08-11,VNM
M-2728,2023-08-04,VNM
M-2729,2023-07-26,VNM
M-2730,2023-07-31,VNM
M-2731,2023-07-25,VNM
M-2732,2023-07-30,VNM
M-2733,2023-07-25,VNM
M-2734,2023-07-27,CHN
M-2735,2023-08-11,VNM
M-2736,2023-08-05,VNM
M-2737,2023-07-25,THA
M-2738,2023-07-26,VNM
M-2739,2023-07-26,THA
M-2740,2023-07-27,VNM
M-2741,2023-07-25,VNM
M-2742,2023-07-26,VNM
M-2743,2023-07-25,VNM
M-2744,2023-07-25,VNM
M-2745,2023-07-29,VNM
M-2746,2023-07-25,VNM
M-2747,2023-07-25,VNM
M-2748,2023-07-26,VNM
M-2749,2023-07-27,VNM
M-2750,2023-08-11,VNM
M-2751,2023-07-27,VNM
M-2752,2023-07-25,VNM
H-861,2023-08-11,VNM
H-862,2023-08-11,VNM
H-863,2023-08-11,VNM
H-864,2023-08-11,VNM
H-865,2023-08-11,VNM
H-866,2023-08-11,KHM
H-867,2023-08-11,VNM
H-868,2023-08-11,LAO
H-869,2023-08-11,VNM
H-870,2023-08-11,VNM
H-871,2023-08-11,VNM
H-872,2023-08-11,CHN
H-873,2023-08-11,VNM
H-874,2023-08-11,VNM
H-875,2023-08-11,THA
H-876,2023-08-11,CHN
H-877,2023-08-11,CHN
H-878,2023-08-11,LAO
H-879,2023-08-11,VNM
H-880,2023-08-11,THA
H-881,2023-08-11,VNM
H-882,2023-08-11,VNM
H-883,2023-08-11,VNM
H-884,2023-08-11,VNM
H-885,2023-08-11,VNM
H-886,2023-08-11,VNM
H-887,2023-08-11,VNM
H-888,2023-08-11,VNM
H-889,2023-08-11,VNM
H-890,2023-08-11,LAO
H-891,2023-08-11,VNM
H-892,2023-08-11,VNM
H-893,2023-08-11,VNM
H-894,2023-08-11,VNM
H-895,2023-08-11,VNM
H-896,2023-08-11,VNM
H-897,2023-08-11,VNM
H-898,2023-08-11,VNM
H-899,2023-08-11,CHN
H-900,2023-08-11,VNM
H-901,2023-08-11,VNM
H-902,2023-08-11,VNM
H-903,2023-08-11,LAO
H-904,2023-08-11,VNM
H-905,2023-08-11,VNM
H-906,2023-08-11,VNM
H-907,2023-08-11,VNM
H-908,2023-08-11,VNM
H-909,2023-08-11,VNM
H-910,2023-08-11,VNM
H-911,2023-08-11,VNM
H-912,2023-08-11,VNM
H-913,2023-08-11,KHM
H-914,2023-08-11,VNM
H-915,2023-08-11,THA
H-916,2023-08-11,VNM
H-917,2023-08-11,THA
H-918,2023-08-11,VNM
H-919,2023-08-11,VNM
H-920,2023-08-11,VNM
H-921,2023-08-11,VNM
H-922,2023-08-11,VNM
H-923,2023-08-11,VNM
H-924,2023-08-11,VNM
H-925,2023-08-11,THA
H-926,2023-08-11,VNM
H-927,2023-08-11,VNM
H-928,2023-08-11,VNM
H-929,2023-08-11,VNM
H-930,2023-08-11,VNM
H-931,2023-08-11,VNM
H-932,2023-08-11,VNM
H-933,2023-08-11,VNM
H-934,2023-08-11,VNM
H-935,2023-08-11,VNM
H-936,2023-08-11,CHN
H-937,2023-08-11,VNM
H-938,2023-08-11,VNM
H-939,2023-08-11,VNM
H-940,2023-08-11,VNM
H-941,2023-08-11,VNM
H-942,2023-08-11,VNM
H-943,2023-08-11,VNM
H-944,2023-08-11,VNM
H-945,2023-08-11,VNM
H-946,2023-08-11,VNM
H-947,2023-08-11,CHN
H-948,2023-08-11,VNM
M-2753,2023-07-27,VNM
M-2754,2023-07-25,VNM
M-2755,2023-07-31,THA
M-2756,2023-08-05,VNM
M-2757,2023-07-30,VNM
M-2758,2023-07-29,VNM
M-2759,2023-07-26,VNM
M-2760,2023-07-30,KHM
M-2761,2023-07-31,VNM
M-2762,2023-08-11,VNM
M-2763,2023-07-26,VNM
M-2764,2023-07-27,VNM
M-2765,2023-07-31,VNM
M-2766,2023-08-11,VNM
M-2767,2023-07-26,VNM
M-2768,2023-08-11,VNM
M-2769,2023-08-02,VNM
M-2770,2023-08-02,VNM
M-2771,2023-08-01,VNM
M-2772,2023-07-26,VNM
M-2773,2023-07-29,VNM
M-2774,2023-08-01,THA
M-2775,2023-08-01,THA
M-2776,2023-08-05,VNM
M-2777,2023-07-31,VNM
M-2778,2023-07-25,VNM
M-2779,2023-08-01,VNM
M-2780,2023-08-11,VNM
M-2781,2023-07-31,VNM
M-2782,2023-07-27,VNM
M-2783,2023-07-25,VNM
M-2784,2023-07-26,VNM
M-2785,2023-08-04,VNM
M-2786,2023-08-11,VNM
M-2787,2023-07-29,CHN
M-2788,2023-07-27,VNM
M-2789,2023-08-02,VNM
M-2790,2023-08-06,THA
M-2791,2023-07-25,VNM
M-2792,2023-08-02,VNM
M-2793,2023-07-26,VNM
M-2794,2023-07-25,KHM
M-2795,2023-07-26,VNM
M-2796,2023-07-27,VNM
M-2797,2023-07-29,VNM
M-2798,2023-07-25,VNM
M-2799,2023-08-02,VNM
M-2800,2023-07-27,VNM
M-2801,2023-08-01,VNM
M-2802,2023-08-06,VNM
M-2803,2023-07-25,VNM
M-2804,2023-07-25,VNM
M-2805,2023-07-26,VNM
M-2806,2023-07-26,VNM
M-2807,2023-07-25,THA
M-2808,2023-08-11,VNM
M-2809,2023-07-25,KHM
M-2810,2023-08-01,VNM
M-2811,2023-07-30,VNM
M-2812,2023-07-26,VNM
M-2813,2023-08-04,LAO
M-2814,2023-07-27,LAO
M-2815,2023-07-25,VNM
M-2816,2023-07-25,VNM
M-2817,2023-07-30,VNM
M-2818,2023-08-11,VNM
M-2819,2023-08-11,VNM
M-2820,2023-08-01,VNM
M-2821,2023-07-27,VNM
M-2822,2023-07-26,VNM
M-2823,2023-07-31,VNM
M-2824,2023-07-25,VNM
M-2825,2023-07-31,VNM
M-2826,2023-07-26,VNM
M-2827,2023-07-26,VNM
M-2828,2023-08-11,VNM
M-2829,2023-07-25,THA
M-2830,2023-07-30,THA
M-2831,2023-07-30,THA
M-2832,2023-08-11,KHM
M-2833,2023-08-02,KHM
M-2834,2023-08-05,VNM
M-2835,2023-07-26,VNM
M-2836,2023-08-01,VNM
M-2837,2023-08-02,VNM
M-2838,2023-07-25,VNM
M-2839,2023-07-26,VNM
M-2840,2023-07-30,VNM
M-2841,2023-07-31,VNM
M-2842,2023-08-06,VNM
M-2843,2023-08-07,VNM
M-2844,2023-07-26,VNM
M-2845,2023-07-26,VNM
M-2846,2023-08-10,VNM
M-2847,2023-07-27,VNM
M-2848,2023-07-27,VNM
M-2849,2023-07-30,VNM
M-2850,2023-07-30,VNM
M-2851,2023-07-27,VNM
M-2852,2023-07-30,VNM
M-2853,2023-08-07,VNM
M-2854,2023-07-25,VNM
M-2855,2023-08-11,VNM
M-2856,2023-07-27,VNM
M-2857,2023-07-27,VNM
M-2858,2023-07-31,VNM
M-2859,2023-07-29,VNM
M-2860,2023-07-26,VNM
M-2861,2023-08-01,KHM
M-2862,2023-07-30,VNM
M-2863,2023-07-25,VNM
M-2864,2023-08-02,VNM
M-2865,2023-08-11,CHN
M-2866,2023-07-25,VNM
M-2867,2023-08-05,VNM
M-2868,2023-07-26,VNM
M-2869,2023-07-25,THA
M-2870,2023-07-25,THA
M-2871,2023-07-26,VNM
M-2872,2023-07-25,VNM
M-2873,2023-08-06,VNM
M-2874,2023-08-05,VNM
M-2875,2023-07-31,VNM
M-2876,2023-07-27,VNM
M-2877,2023-07-29,VNM
M-2878,2023-07-26,VNM
M-2879,2023-07-27,VNM
M-2880,2023-07-30,VNM
M-2881,2023-07-25,VNM
M-2882,2023-07-27,VNM
M-2883,2023-08-02,VNM
M-2884,2023-08-05,VNM
M-2885,2023-07-31,LAO
M-2886,2023-08-02,LAO
M-2887,2023-07-27,LAO
M-2888,2023-07-25,LAO
M-2889,2023-07-26,VNM
M-2890,2023-08-06,VNM
M-2891,2023-07-31,VNM
M-2892,2023-08-04,VNM
M-2893,2023-07-26,KHM
M-2894,2023-07-25,VNM
M-2895,2023-08-10,VNM
M-2896,2023-08-11,VNM
M-2897,2023-07-25,VNM
M-2898,2023-07-26,VNM
M-2899,2023-07-31,LAO
M-2900,2023-07-31,VNM
M-2901,2023-08-01,VNM
M-2902,2023-08-07,VNM
M-2903,2023-07-31,VNM
M-2904,2023-07-27,VNM
M-2905,2023-07-27,VNM
M-2906,2023-08-11,VNM
M-2907,2023-07-25,VNM
M-2908,2023-08-02,VNM
M-2909,2023-07-25,VNM
M-2910,2023-07-27,VNM
M-2911,2023-07-27,VNM
M-2912,2023-07-29,VNM
M-2913,2023-07-25,VNM
M-2914,2023-08-05,VNM
M-2915,2023-08-07,VNM
M-2916,2023-08-05,VNM
M-2917,2023-08-01,VNM
M-2918,2023-07-27,VNM
M-2919,2023-07-27,VNM
M-2920,2023-07-30,VNM
M-2921,2023-07-29,VNM
M-2922,2023-07-26,VNM
M-2923,2023-07-27,VNM
M-2924,2023-07-25,VNM
M-2925,2023-08-01,VNM
M-2926,2023-08-01,VNM
M-2927,2023-07-27,VNM
M-2928,2023-07-29,VNM
M-2929,2023-07-27,VNM
M-2930,2023-08-11,KHM
M-2931,2023-07-30,KHM
M-2932,2023-07-25,LAO
M-2933,2023-07-26,VNM
M-2934,2023-07-29,VNM
M-2935,2023-08-11,VNM
M-2936,2023-07-31,VNM
M-2937,2023-07-26,VNM
M-2938,2023-07-26,VNM
M-2939,2023-07-30,VNM
M-2940,2023-08-01,VNM
M-2941,2023-07-26,VNM
M-2942,2023-08-07,VNM
M-2943,2023-08-01,VNM
M-2944,2023-07-29,VNM
M-2945,2023-07-31,VNM
M-2946,2023-08-11,VNM
M-2947,2023-07-30,VNM
M-2948,2023-07-31,VNM
M-2949,2023-07-29,VNM
M-2950,2023-07-31,VNM
M-2951,2023-08-04,VNM
M-2952,2023-07-26,VNM
M-2953,2023-07-29,VNM
M-2954,2023-07-27,VNM
M-2955,2023-08-02,KHM
M-2956,2023-07-26,KHM
M-2957,2023-07-29,KHM
M-2958,2023-07-26,VNM
M-2959,2023-07-31,VNM
M-2960,2023-07-25,VNM
M-2961,2023-07-25,VNM
M-2962,2023-07-26,VNM
M-2963,2023-07-27,KHM
M-2964,2023-07-25,VNM
M-2965,2023-07-25,VNM
M-2966,2023-07-31,VNM
M-2967,2023-08-01,THA
M-2968,2023-07-25,THA
M-2969,2023-07-26,VNM
M-2970,2023-07-27,VNM
M-2971,2023-08-01,VNM
M-2972,2023-08-01,VNM
M-2973,2023-07-26,THA
M-2974,2023-08-09,THA
M-2975,2023-07-30,VNM
M-2976,2023-07-25,VNM
M-2977,2023-07-31,THA
M-2978,2023-08-06,THA
M-2979,2023-07-25,VNM
M-2980,2023-08-05,VNM
M-2981,2023-07-27,VNM
M-2982,2023-07-30,LAO
M-2983,2023-07-26,VNM
M-2984,2023-07-25,VNM
M-2985,2023-07-27,VNM
M-2986,2023-08-11,VNM
M-2987,2023-07-26,VNM
M-2988,2023-07-31,VNM
M-2989,2023-07-31,VNM
M-2990,2023-08-02,VNM
M-2991,2023-08-09,VNM
M-2992,2023-08-06,VNM
M-2993,2023-07-25,VNM
M-2994,2023-07-30,VNM
M-2995,2023-07-27,VNM
M-2996,2023-07-25,VNM
M-2997,2023-07-29,VNM
M-2998,2023-07-29,VNM
M-2999,2023-07-26,VNM
M-3000,2023-07-27,VNM
M-3001,2023-07-26,VNM
M-3002,2023-08-11,VNM
M-3003,2023-08-02,VNM
M-3004,2023-07-31,VNM
M-3005,2023-07-30,VNM
M-3006,2023-08-10,VNM
M-3007,2023-07-25,KHM
M-3008,2023-07-31,KHM
M-3009,2023-07-27,VNM
M-3010,2023-07-25,VNM
M-3011,2023-07-27,VNM
M-3012,2023-08-07,VNM
M-3013,2023-07-29,VNM
M-3014,2023-07-27,VNM
M-3015,2023-08-02,VNM
M-3016,2023-07-31,VNM
M-3017,2023-07-27,VNM
M-3018,2023-08-05,VNM
M-3019,2023-07-25,VNM
M-3020,2023-07-30,VNM
M-3021,2023-08-02,VNM
M-3022,2023-08-02,VNM
M-3023,2023-08-04,KHM
M-3024,2023-08-06,VNM
M-3025,2023-08-01,VNM
M-3026,2023-08-05,VNM
M-3027,2023-07-25,VNM
M-3028,2023-07-27,VNM
M-3029,2023-08-07,VNM
M-3030,2023-07-26,KHM
M-3031,2023-07-29,VNM
M-3032,2023-07-30,THA
M-3033,2023-08-02,VNM
M-3034,2023-08-05,VNM
M-3035,2023-07-31,VNM
M-3036,2023-07-31,VNM
M-3037,2023-08-02,VNM
M-3038,2023-08-05,VNM
M-3039,2023-07-31,VNM
M-3040,2023-07-30,LAO
M-3041,2023-07-30,VNM
M-3042,2023-07-29,VNM
M-3043,2023-07-27,VNM
M-3044,2023-07-26,VNM
M-3045,2023-07-25,VNM
M-3046,2023-07-29,THA
M-3047,2023-07-27,VNM
M-3048,2023-08-10,VNM
M-3049,2023-08-11,LAO
M-3050,2023-07-30,LAO
M-3051,2023-08-05,VNM
M-3052,2023-07-26,VNM
M-3053,2023-07-26,VNM
M-3054,2023-08-04,VNM
M-3055,2023-08-09,VNM
H-1000,2023-08-11,VNM
H-1001,2023-08-11,VNM
H-1002,2023-08-11,VNM
H-1003,2023-08-11,LAO
H-1004,2023-08-11,VNM
H-1005,2023-08-11,VNM
H-1006,2023-08-11,VNM
H-1007,2023-08-11,VNM
H-1008,2023-08-11,VNM
H-1009,2023-08-11,VNM
H-1010,2023-08-11,CHN
H-1011,2023-08-11,CHN
H-1012,2023-08-11,VNM
H-1013,2023-08-11,THA
H-1014,2023-08-11,VNM
H-1015,2023-08-11,VNM
H-1016,2023-08-11,VNM
H-1017,2023-08-11,THA
H-1018,2023-08-11,CHN
H-1019,2023-08-11,THA
H-1020,2023-08-11,VNM
H-1021,2023-08-11,VNM
H-1022,2023-08-11,LAO
H-1023,2023-08-11,VNM
H-1024,2023-08-11,CHN
H-1025,2023-08-11,VNM
H-1026,2023-08-11,VNM
H-1027,2023-08-11,CHN
H-1028,2023-08-11,VNM
H-1029,2023-08-11,VNM
H-1030,2023-08-11,VNM
H-1031,2023-08-11,VNM
H-1032,2023-08-11,LAO
H-1033,2023-08-11,VNM
H-1034,2023-08-11,VNM
H-1035,2023-08-11,VNM
H-1036,2023-08-11,THA
H-1037,2023-08-11,VNM
H-1038,2023-08-11,VNM
H-1039,2023-08-11,VNM
H-1040,2023-08-11,VNM
H-1041,2023-08-11,VNM
H-1042,2023-08-11,VNM
H-1043,2023-08-11,VNM
H-949,2023-08-11,VNM
H-950,2023-08-11,VNM
H-951,2023-08-11,VNM
H-952,2023-08-11,VNM
H-953,2023-08-11,VNM
H-954,2023-08-11,VNM
H-955,2023-08-11,VNM
H-956,2023-08-11,VNM
H-957,2023-08-11,THA
H-958,2023-08-11,KHM
H-959,2023-08-11,VNM
H-960,2023-08-11,VNM
H-961,2023-08-11,LAO
H-962,2023-08-11,VNM
H-963,2023-08-11,VNM
H-964,2023-08-11,KHM
H-965,2023-08-11,VNM
H-966,2023-08-11,VNM
H-967,2023-08-11,VNM
H-968,2023-08-11,KHM
H-969,2023-08-11,VNM
H-970,2023-08-11,VNM
H-971,2023-08-11,VNM
H-972,2023-08-11,VNM
H-973,2023-08-11,VNM
H-974,2023-08-11,THA
H-975,2023-08-11,VNM
H-976,2023-08-11,VNM
H-977,2023-08-11,VNM
H-978,2023-08-11,VNM
H-979,2023-08-11,VNM
H-980,2023-08-11,VNM
H-981,2023-08-11,KHM
H-982,2023-08-11,VNM
H-983,2023-08-11,VNM
H-984,2023-08-11,VNM
H-985,2023-08-11,VNM
H-986,2023-08-11,VNM
H-987,2023-08-11,KHM
H-988,2023-08-11,VNM
H-989,2023-08-11,VNM
H-990,2023-08-11,LAO
H-991,2023-08-11,CHN
H-992,2023-08-11,CHN
H-993,2023-08-11,VNM
H-994,2023-08-11,VNM
H-995,2023-08-11,THA
H-996,2023-08-11,VNM
H-997,2023-08-11,THA
H-998,2023-08-11,VNM
H-999,2023-08-11,VNM
M-3056,2023-08-11,VNM
M-3057,2023-07-31,VNM
M-3058,2023-08-02,VNM
M-3059,2023-07-26,VNM
M-3060,2023-08-04,VNM
M-3061,2023-07-31,KHM
M-3062,2023-07-29,VNM
M-3063,2023-08-11,VNM
M-3064,2023-07-31,VNM
M-3065,2023-07-30,CHN
M-3066,2023-08-10,VNM
M-3067,2023-07-30,VNM
M-3068,2023-08-05,VNM
M-3069,2023-08-06,LAO
M-3070,2023-07-27,LAO
M-3071,2023-07-31,VNM
M-3072,2023-07-26,VNM
M-3073,2023-08-04,KHM
M-3074,2023-07-30,VNM
M-3075,2023-08-01,VNM
M-3076,2023-08-11,VNM
M-3077,2023-07-30,VNM
M-3078,2023-07-27,VNM
M-3079,2023-08-04,VNM
M-3080,2023-08-02,LAO
M-3081,2023-07-27,VNM
M-3082,2023-07-29,LAO
M-3083,2023-07-27,LAO
M-3084,2023-07-27,VNM
M-3085,2023-07-31,VNM
M-3086,2023-07-27,KHM
M-3087,2023-07-26,LAO
M-3088,2023-07-26,LAO
M-3089,2023-07-26,THA
M-3090,2023-08-11,VNM
M-3091,2023-08-02,VNM
M-3092,2023-07-31,VNM
M-3093,2023-07-27,VNM
M-3094,2023-07-30,VNM
M-3095,2023-07-29,VNM
M-3096,2023-08-11,VNM
M-3097,2023-08-09,KHM
M-3098,2023-07-27,KHM
M-3099,2023-08-02,VNM
M-3100,2023-07-30,VNM
M-3101,2023-08-02,VNM
M-3102,2023-07-29,VNM
M-3103,2023-08-04,VNM
M-3104,2023-08-05,THA
M-3105,2023-07-26,VNM
M-3106,2023-07-31,VNM
M-3107,2023-08-05,VNM
M-3108,2023-07-27,VNM
M-3109,2023-07-30,VNM
M-3110,2023-07-27,CHN
M-3111,2023-08-10,VNM
M-3112,2023-08-07,VNM
M-3113,2023-07-26,VNM
M-3114,2023-08-06,VNM
M-3115,2023-07-27,VNM
M-3116,2023-07-26,VNM
M-3117,2023-08-05,VNM
M-3118,2023-07-29,VNM
M-3119,2023-07-26,VNM
M-3120,2023-07-29,VNM
M-3121,2023-07-26,KHM
M-3122,2023-07-29,VNM
M-3123,2023-08-11,VNM
M-3124,2023-07-27,VNM
M-3125,2023-08-11,VNM
M-3126,2023-08-01,VNM
M-3127,2023-08-07,VNM
M-3128,2023-07-30,VNM
M-3129,2023-08-05,VNM
M-3130,2023-08-11,VNM
M-3131,2023-07-31,VNM
M-3132,2023-07-30,VNM
M-3133,2023-07-26,VNM
M-3134,2023-07-26,THA
M-3135,2023-07-26,THA
M-3136,2023-07-31,VNM
M-3137,2023-07-31,VNM
M-3138,2023-07-27,VNM
M-3139,2023-07-29,VNM
M-3140,2023-07-26,VNM
M-3141,2023-07-26,VNM
M-3142,2023-08-11,VNM
M-3143,2023-07-31,VNM
M-3144,2023-08-04,VNM
M-3145,2023-07-29,VNM
M-3146,2023-07-31,VNM
M-3147,2023-07-31,VNM
M-3148,2023-08-11,VNM
M-3149,2023-07-31,VNM
M-3150,2023-07-30,LAO
M-3151,2023-08-07,VNM
M-3152,2023-08-07,VNM
M-3153,2023-07-30,VNM
M-3154,2023-07-29,VNM
M-3155,2023-08-05,VNM
M-3156,2023-08-10,VNM
M-3157,2023-07-29,VNM
M-3158,2023-08-10,VNM
M-3159,2023-07-26,VNM
M-3160,2023-07-27,VNM
M-3161,2023-07-29,VNM
M-3162,2023-07-26,VNM
M-3163,2023-08-02,VNM
M-3164,2023-08-04,VNM
M-3165,2023-07-26,VNM
M-3166,2023-08-01,VNM
M-3167,2023-07-31,VNM
M-3168,2023-07-31,VNM
M-3169,2023-07-27,VNM
M-3170,2023-07-29,VNM
M-3171,2023-08-05,VNM
M-3172,2023-07-27,VNM
M-3173,2023-07-27,VNM
M-3174,2023-07-31,VNM
M-3175,2023-07-27,VNM
M-3176,2023-07-31,VNM
M-3177,2023-07-26,THA
M-3178,2023-08-09,VNM
M-3179,2023-08-01,VNM
M-3180,2023-08-05,KHM
M-3181,2023-08-11,VNM
M-3182,2023-08-05,VNM
M-3183,2023-07-27,VNM
M-3184,2023-08-01,VNM
M-3185,2023-08-04,VNM
M-3186,2023-07-27,VNM
M-3187,2023-07-29,VNM
M-3188,2023-08-06,VNM
M-3189,2023-08-06,VNM
M-3190,2023-07-29,VNM
M-3191,2023-07-26,KHM
M-3192,2023-08-01,VNM
M-3193,2023-08-11,VNM
M-3194,2023-08-05,VNM
M-3195,2023-08-11,VNM
M-3196,2023-07-29,VNM
M-3197,2023-07-30,VNM
M-3198,2023-07-31,VNM
M-3199,2023-07-31,VNM
M-3200,2023-07-29,VNM
M-3201,2023-08-11,VNM
M-3202,2023-08-01,VNM
M-3203,2023-07-31,KHM
M-3204,2023-08-07,KHM
M-3205,2023-08-06,VNM
M-3206,2023-07-27,VNM
M-3207,2023-07-26,VNM
M-3208,2023-08-02,VNM
M-3209,2023-07-27,KHM
M-3210,2023-08-02,VNM
M-3211,2023-08-01,VNM
M-3212,2023-08-06,KHM
M-3213,2023-07-26,VNM
M-3214,2023-07-30,VNM
M-3215,2023-07-31,VNM
M-3216,2023-07-29,VNM
M-3217,2023-07-26,VNM
M-3218,2023-07-27,VNM
M-3219,2023-07-27,VNM
M-3220,2023-07-31,VNM
M-3221,2023-07-30,VNM
M-3222,2023-07-30,VNM
M-3223,2023-07-27,KHM
M-3224,2023-07-26,KHM
M-3225,2023-08-10,KHM
M-3226,2023-08-11,VNM
M-3227,2023-07-31,THA
M-3228,2023-07-27,THA
M-3229,2023-07-27,VNM
M-3230,2023-07-26,VNM
M-3231,2023-07-26,VNM
M-3232,2023-08-02,VNM
M-3233,2023-08-05,VNM
M-3234,2023-07-27,VNM
M-3235,2023-07-31,VNM
M-3236,2023-08-11,VNM
M-3237,2023-07-29,VNM
M-3238,2023-07-26,VNM
M-3239,2023-07-27,VNM
M-3240,2023-08-07,THA
M-3241,2023-08-01,VNM
M-3242,2023-07-29,VNM
M-3243,2023-08-04,VNM
M-3244,2023-07-26,VNM
M-3245,2023-08-01,VNM
M-3246,2023-07-31,VNM
M-3247,2023-07-27,VNM
M-3248,2023-08-11,VNM
M-3249,2023-07-26,VNM
M-3250,2023-08-04,VNM
M-3251,2023-08-02,VNM
M-3252,2023-08-01,VNM
M-3253,2023-08-11,VNM
M-3254,2023-07-26,VNM
M-3255,2023-08-01,VNM
M-3256,2023-07-27,VNM
M-3257,2023-07-29,VNM
M-3258,2023-08-06,VNM
M-3259,2023-07-29,VNM
M-3260,2023-08-10,VNM
M-3261,2023-07-29,VNM
M-3262,2023-07-31,VNM
M-3263,2023-08-11,VNM
M-3264,2023-08-05,VNM
M-3265,2023-07-27,VNM
M-3266,2023-07-29,VNM
M-3267,2023-07-31,VNM
M-3268,2023-08-10,VNM
M-3269,2023-07-26,KHM
M-3270,2023-08-02,KHM
M-3271,2023-07-27,KHM
M-3272,2023-07-29,VNM
M-3273,2023-07-26,VNM
M-3274,2023-07-29,VNM
M-3275,2023-08-01,VNM
M-3276,2023-07-26,VNM
M-3277,2023-08-05,VNM
M-3278,2023-07-27,VNM
M-3279,2023-08-04,VNM
M-3280,2023-07-27,VNM
M-3281,2023-07-27,VNM
M-3282,2023-07-30,VNM
M-3283,2023-07-27,KHM
M-3284,2023-08-02,CHN
M-3285,2023-08-04,VNM
M-3286,2023-07-26,VNM
M-3287,2023-08-01,VNM
M-3288,2023-07-30,VNM
M-3289,2023-08-07,VNM
M-3290,2023-08-10,VNM
M-3291,2023-07-27,THA
M-3292,2023-07-31,VNM
M-3293,2023-07-29,VNM
M-3294,2023-07-31,VNM
M-3295,2023-07-30,VNM
M-3296,2023-07-30,THA
M-3297,2023-08-11,CHN
M-3298,2023-07-26,VNM
M-3299,2023-08-11,VNM
M-3300,2023-08-05,VNM
M-3301,2023-08-09,VNM
M-3302,2023-08-02,VNM
M-3303,2023-07-30,VNM
M-3304,2023-07-26,VNM
M-3305,2023-08-11,VNM
M-3306,2023-07-31,VNM
M-3307,2023-08-11,VNM
M-3308,2023-07-26,VNM
M-3309,2023-07-31,VNM
M-3310,2023-08-09,VNM
M-3311,2023-08-07,VNM
M-3312,2023-07-31,VNM
M-3313,2023-07-27,VNM
M-3314,2023-07-26,VNM
M-3315,2023-07-29,VNM
M-3316,2023-08-05,THA
M-3317,2023-07-30,THA
M-3318,2023-07-29,VNM
M-3319,2023-07-29,LAO
M-3320,2023-07-26,VNM
M-3321,2023-07-27,VNM
M-3322,2023-08-11,VNM
M-3323,2023-07-26,THA
M-3324,2023-08-11,THA
M-3325,2023-08-11,THA
M-3326,2023-07-30,VNM
M-3327,2023-08-04,VNM
M-3328,2023-08-01,VNM
M-3329,2023-07-31,VNM
M-3330,2023-07-27,VNM
M-3331,2023-07-30,VNM
M-3332,2023-08-01,VNM
M-3333,2023-08-07,VNM
M-3334,2023-07-26,VNM
M-3335,2023-07-29,LAO
M-3336,2023-08-06,VNM
M-3337,2023-08-06,VNM
M-3338,2023-07-29,VNM
M-3339,2023-08-04,VNM
M-3340,2023-07-27,VNM
M-3341,2023-07-31,VNM
M-3342,2023-08-10,THA
M-3343,2023-07-30,VNM
M-3344,2023-07-29,VNM
M-3345,2023-07-30,THA
M-3346,2023-07-26,LAO
M-3347,2023-07-26,VNM
M-3348,2023-07-29,VNM
M-3349,2023-08-04,VNM
M-3350,2023-07-31,VNM
M-3351,2023-08-06,VNM
M-3352,2023-07-30,LAO
M-3353,2023-07-29,VNM
M-3354,2023-07-26,VNM
M-3355,2023-07-30,VNM
M-3356,2023-08-05,VNM
M-3357,2023-07-26,VNM
M-3358,2023-07-26,CHN
M-3359,2023-07-29,VNM
M-3360,2023-07-26,VNM
M-3361,2023-07-31,THA
M-3362,2023-07-29,VNM
M-3363,2023-08-04,VNM
M-3364,2023-08-11,VNM
M-3365,2023-07-31,VNM
M-3366,2023-08-05,THA
M-3367,2023-07-27,VNM
M-3368,2023-07-31,VNM
M-3369,2023-07-27,VNM
H-1044,2023-08-11,VNM
H-1045,2023-08-11,CHN
H-1046,2023-08-11,VNM
H-1047,2023-08-11,VNM
H-1048,2023-08-11,VNM
H-1049,2023-08-11,VNM
H-1050,2023-08-11,VNM
H-1051,2023-08-11,VNM
H-1052,2023-08-11,VNM
H-1053,2023-08-11,VNM
H-1054,2023-08-11,VNM
H-1055,2023-08-11,VNM
H-1056,2023-08-11,VNM
H-1057,2023-08-11,VNM
H-1058,2023-08-11,VNM
H-1059,2023-08-11,VNM
H-1060,2023-08-11,VNM
H-1061,2023-08-11,VNM
H-1062,2023-08-11,VNM
H-1063,2023-08-11,VNM
H-1064,2023-08-11,VNM
H-1065,2023-08-11,VNM
H-1066,2023-08-11,LAO
H-1067,2023-08-11,THA
H-1068,2023-08-11,VNM
H-1069,2023-08-11,KHM
H-1070,2023-08-11,VNM
H-1071,2023-08-11,VNM
H-1072,2023-08-11,VNM
H-1073,2023-08-11,VNM
H-1074,2023-08-11,VNM
H-1075,2023-08-11,KHM
H-1076,2023-08-11,VNM
H-1077,2023-08-11,KHM
H-1078,2023-08-11,THA
H-1079,2023-08-11,VNM
H-1080,2023-08-11,VNM
H-1081,2023-08-11,VNM
H-1082,2023-08-11,KHM
H-1083,2023-08-11,THA
H-1084,2023-08-11,VNM
H-1085,2023-08-11,VNM
H-1086,2023-08-11,THA
H-1087,2023-08-11,VNM
H-1088,2023-08-11,VNM
H-1089,2023-08-11,KHM
H-1090,2023-08-11,CHN
H-1091,2023-08-11,VNM
H-1092,2023-08-11,VNM
H-1093,2023-08-11,VNM
H-1094,2023-08-11,VNM
H-1095,2023-08-11,VNM
H-1096,2023-08-11,VNM
H-1097,2023-08-11,THA
H-1098,2023-08-11,CHN
H-1099,2023-08-11,CHN
H-1100,2023-08-11,KHM
H-1101,2023-08-11,KHM
H-1102,2023-08-11,VNM
H-1103,2023-08-11,VNM
H-1104,2023-08-11,VNM
H-1105,2023-08-11,THA
H-1106,2023-08-11,KHM
H-1107,2023-08-11,THA
H-1108,2023-08-11,VNM
H-1109,2023-08-11,VNM
H-1110,2023-08-11,KHM
H-1111,2023-08-11,LAO
H-1112,2023-08-11,VNM
H-1113,2023-08-11,VNM
H-1114,2023-08-11,VNM
H-1115,2023-08-11,VNM
H-1116,2023-08-11,VNM
H-1117,2023-08-11,VNM
H-1118,2023-08-11,VNM
H-1119,2023-08-11,VNM
H-1120,2023-08-11,LAO
H-1121,2023-08-11,VNM
H-1122,2023-08-11,VNM
H-1123,2023-08-11,VNM
H-1124,2023-08-11,KHM
H-1125,2023-08-11,VNM
H-1126,2023-08-11,VNM
H-1127,2023-08-11,VNM
H-1128,2023-08-11,KHM
H-1129,2023-08-11,VNM
H-1130,2023-08-11,VNM
H-1131,2023-08-11,CHN
H-1132,2023-08-11,VNM
H-1133,2023-08-11,VNM
H-1134,2023-08-11,KHM
H-1135,2023-08-11,VNM
H-1136,2023-08-11,VNM
H-1137,2023-08-11,CHN
H-1138,2023-08-11,VNM
H-1139,2023-08-11,VNM
H-1140,2023-08-11,VNM
M-3370,2023-07-30,VNM
M-3371,2023-07-30,VNM
M-3372,2023-08-01,VNM
M-3373,2023-07-27,VNM
M-3374,2023-08-11,VNM
M-3375,2023-07-31,VNM
M-3376,2023-07-31,VNM
M-3377,2023-07-31,VNM
M-3378,2023-07-27,VNM
M-3379,2023-07-31,VNM
M-3380,2023-07-31,VNM
M-3381,2023-07-31,VNM
M-3382,2023-07-29,THA
M-3383,2023-07-30,THA
M-3384,2023-08-01,VNM
M-3385,2023-07-30,VNM
M-3386,2023-08-02,THA
M-3387,2023-07-31,THA
M-3388,2023-08-01,THA
M-3389,2023-07-31,VNM
M-3390,2023-07-30,VNM
M-3391,2023-08-11,VNM
M-3392,2023-08-01,KHM
M-3393,2023-07-29,THA
M-3394,2023-08-05,VNM
M-3395,2023-08-02,VNM
M-3396,2023-08-10,CHN
M-3397,2023-07-29,KHM
M-3398,2023-07-31,VNM
M-3399,2023-08-07,KHM
M-3400,2023-07-30,VNM
M-3401,2023-08-06,LAO
M-3402,2023-07-27,THA
M-3403,2023-08-05,VNM
M-3404,2023-07-27,VNM
M-3405,2023-07-31,VNM
M-3406,2023-07-31,VNM
M-3407,2023-07-29,THA
M-3408,2023-07-27,VNM
M-3409,2023-08-11,VNM
M-3410,2023-07-27,VNM
M-3411,2023-07-27,VNM
M-3412,2023-07-29,THA
M-3413,2023-08-11,VNM
M-3414,2023-08-11,VNM
M-3415,2023-08-01,VNM
M-3416,2023-08-01,VNM
M-3417,2023-07-30,VNM
M-3418,2023-08-05,VNM
M-3419,2023-08-02,VNM
M-3420,2023-08-09,VNM
M-3421,2023-07-31,VNM
M-3422,2023-07-31,VNM
M-3423,2023-07-27,VNM
M-3424,2023-08-11,VNM
M-3425,2023-08-05,VNM
M-3426,2023-07-30,VNM
M-3427,2023-08-07,VNM
M-3428,2023-07-27,VNM
M-3429,2023-07-27,VNM
M-3430,2023-07-31,VNM
M-3431,2023-07-31,VNM
M-3432,2023-07-29,KHM
M-3433,2023-07-31,VNM
M-3434,2023-07-30,VNM
M-3435,2023-08-01,VNM
M-3436,2023-08-10,VNM
M-3437,2023-07-30,VNM
M-3438,2023-07-30,VNM
M-3439,2023-07-31,VNM
M-3440,2023-08-02,VNM
M-3441,2023-07-27,VNM
M-3442,2023-07-27,THA
M-3443,2023-08-05,VNM
M-3444,2023-07-30,VNM
M-3445,2023-07-30,VNM
M-3446,2023-07-31,VNM
M-3447,2023-07-29,VNM
M-3448,2023-08-05,VNM
M-3449,2023-07-27,VNM
M-3450,2023-07-31,VNM
M-3451,2023-08-10,VNM
M-3452,2023-08-06,VNM
M-3453,2023-07-31,VNM
M-3454,2023-08-11,LAO
M-3455,2023-08-05,VNM
M-3456,2023-08-02,VNM
M-3457,2023-08-02,VNM
M-3458,2023-07-31,KHM
M-3459,2023-08-11,KHM
M-3460,2023-07-27,VNM
M-3461,2023-08-04,VNM
M-3462,2023-07-29,VNM
M-3463,2023-07-29,VNM
M-3464,2023-07-29,VNM
M-3465,2023-07-29,VNM
M-3466,2023-07-27,VNM
M-3467,2023-08-05,VNM
M-3468,2023-07-31,VNM
M-3469,2023-08-05,VNM
M-3470,2023-08-09,VNM
M-3471,2023-08-06,VNM
M-3472,2023-07-27,VNM
M-3473,2023-07-31,VNM
M-3474,2023-08-05,VNM
M-3475,2023-08-04,VNM
M-3476,2023-07-30,VNM
M-3477,2023-07-29,VNM
M-3478,2023-07-27,VNM
M-3479,2023-08-05,VNM
M-3480,2023-07-29,VNM
M-3481,2023-08-04,THA
M-3482,2023-08-11,THA
M-3483,2023-07-31,KHM
M-3484,2023-07-29,VNM
M-3485,2023-08-06,VNM
M-3486,2023-07-31,VNM
M-3487,2023-07-30,VNM
M-3488,2023-08-11,VNM
M-3489,2023-08-11,VNM
M-3490,2023-07-30,VNM
M-3491,2023-08-11,VNM
M-3492,2023-08-10,VNM
M-3493,2023-07-27,VNM
M-3494,2023-07-29,VNM
M-3495,2023-08-01,VNM
M-3496,2023-08-11,VNM
M-3497,2023-07-29,VNM
M-3498,2023-08-01,VNM
M-3499,2023-08-09,VNM
M-3500,2023-07-29,VNM
M-3501,2023-07-27,VNM
M-3502,2023-08-11,VNM
M-3503,2023-07-27,VNM
M-3504,2023-07-30,VNM
M-3505,2023-08-04,VNM
M-3506,2023-08-02,VNM
M-3507,2023-07-30,VNM
M-3508,2023-07-31,KHM
M-3509,2023-07-31,KHM
M-3510,2023-08-11,VNM
M-3511,2023-07-29,VNM
M-3512,2023-07-31,VNM
M-3513,2023-08-02,VNM
M-3514,2023-07-30,VNM
M-3515,2023-08-11,VNM
M-3516,2023-07-27,VNM
M-3517,2023-07-27,VNM
M-3518,2023-08-11,VNM
M-3519,2023-07-31,KHM
M-3520,2023-08-05,KHM
M-3521,2023-07-31,VNM
M-3522,2023-07-27,VNM
M-3523,2023-07-29,VNM
M-3524,2023-08-11,VNM
M-3525,2023-07-31,VNM
M-3526,2023-08-02,KHM
M-3527,2023-07-27,KHM
M-3528,2023-07-31,KHM
M-3529,2023-07-30,THA
M-3530,2023-07-31,THA
M-3531,2023-08-07,VNM
M-3532,2023-07-27,VNM
M-3533,2023-07-29,VNM
M-3534,2023-08-11,VNM
M-3535,2023-08-05,VNM
M-3536,2023-08-02,THA
M-3537,2023-08-11,VNM
M-3538,2023-08-05,VNM
M-3539,2023-08-11,VNM
M-3540,2023-07-27,THA
M-3541,2023-08-04,THA
M-3542,2023-08-04,VNM
M-3543,2023-07-31,VNM
M-3544,2023-08-05,VNM
M-3545,2023-08-05,VNM
M-3546,2023-07-27,VNM
M-3547,2023-08-05,LAO
M-3548,2023-07-27,VNM
M-3549,2023-07-31,VNM
M-3550,2023-08-06,VNM
M-3551,2023-07-31,VNM
M-3552,2023-08-05,VNM
M-3553,2023-07-29,VNM
M-3554,2023-07-31,VNM
M-3555,2023-07-31,VNM
M-3556,2023-07-29,VNM
M-3557,2023-08-06,VNM
M-3558,2023-08-04,VNM
M-3559,2023-07-27,VNM
M-3560,2023-08-11,VNM
M-3561,2023-08-02,VNM
M-3562,2023-08-02,VNM
M-3563,2023-07-31,VNM
M-3564,2023-07-27,VNM
M-3565,2023-07-30,VNM
M-3566,2023-08-10,VNM
M-3567,2023-08-01,VNM
M-3568,2023-07-29,VNM
M-3569,2023-08-11,LAO
M-3570,2023-08-01,VNM
M-3571,2023-07-30,VNM
M-3572,2023-07-29,VNM
M-3573,2023-07-31,VNM
M-3574,2023-07-27,VNM
M-3575,2023-08-01,VNM
M-3576,2023-08-10,VNM
M-3577,2023-07-31,VNM
M-3578,2023-08-05,VNM
M-3579,2023-08-04,VNM
M-3580,2023-07-30,VNM
M-3581,2023-07-29,VNM
M-3582,2023-08-05,VNM
M-3583,2023-08-11,VNM
M-3584,2023-07-27,VNM
M-3585,2023-08-05,CHN
M-3586,2023-08-05,THA
M-3587,2023-07-27,VNM
M-3588,2023-07-31,VNM
M-3589,2023-08-05,VNM
M-3590,2023-08-02,VNM
M-3591,2023-08-05,VNM
M-3592,2023-08-02,VNM
M-3593,2023-08-11,VNM
M-3594,2023-08-11,VNM
M-3595,2023-07-31,VNM
M-3596,2023-07-31,VNM
M-3597,2023-08-11,VNM
M-3598,2023-07-29,VNM
M-3599,2023-07-31,THA
M-3600,2023-07-29,KHM
M-3601,2023-07-31,KHM
M-3602,2023-07-31,VNM
M-3603,2023-07-29,VNM
M-3604,2023-07-31,VNM
M-3605,2023-07-29,VNM
M-3606,2023-07-29,VNM
M-3607,2023-08-11,VNM
M-3608,2023-08-11,VNM
M-3609,2023-07-27,VNM
M-3610,2023-07-30,VNM
M-3611,2023-08-11,VNM
M-3612,2023-08-05,VNM
M-3613,2023-08-06,VNM
M-3614,2023-07-27,VNM
M-3615,2023-08-02,THA
M-3616,2023-08-11,KHM
M-3617,2023-08-07,VNM
M-3618,2023-07-31,VNM
M-3619,2023-07-31,KHM
M-3620,2023-07-31,VNM
M-3621,2023-07-29,VNM
M-3622,2023-07-29,VNM
M-3623,2023-07-29,VNM
M-3624,2023-08-11,THA
M-3625,2023-08-02,THA
M-3626,2023-07-30,VNM
M-3627,2023-07-27,VNM
M-3628,2023-08-04,VNM
M-3629,2023-07-27,VNM
M-3630,2023-08-02,KHM
M-3631,2023-07-30,VNM
M-3632,2023-08-11,VNM
M-3633,2023-08-11,VNM
M-3634,2023-07-27,VNM
M-3635,2023-07-31,VNM
M-3636,2023-07-29,VNM
M-3637,2023-08-10,VNM
M-3638,2023-07-29,VNM
M-3639,2023-08-01,VNM
M-3640,2023-07-29,VNM
M-3641,2023-08-02,VNM
M-3642,2023-08-01,VNM
M-3643,2023-07-27,VNM
M-3644,2023-07-29,VNM
M-3645,2023-07-30,VNM
M-3646,2023-08-11,VNM
M-3647,2023-07-29,LAO
M-3648,2023-08-01,LAO
M-3649,2023-07-27,VNM
M-3650,2023-07-29,VNM
M-3651,2023-07-30,VNM
M-3652,2023-08-04,KHM
M-3653,2023-08-07,VNM
M-3654,2023-08-01,THA
M-3655,2023-07-31,LAO
M-3656,2023-07-27,VNM
M-3657,2023-08-10,VNM
M-3658,2023-08-02,VNM
M-3659,2023-07-30,VNM
M-3660,2023-08-11,VNM
M-3661,2023-08-05,VNM
M-3662,2023-08-02,CHN
M-3663,2023-07-27,VNM
M-3664,2023-08-05,VNM
M-3665,2023-08-09,VNM
M-3666,2023-07-29,THA
M-3667,2023-07-27,VNM
M-3668,2023-08-09,VNM
M-3669,2023-08-05,VNM
M-3670,2023-08-11,VNM
M-3671,2023-07-30,VNM
M-3672,2023-07-29,VNM
M-3673,2023-07-27,VNM
M-3674,2023-08-06,VNM
M-3675,2023-07-30,VNM
M-3676,2023-07-27,VNM
M-3677,2023-08-07,VNM
M-3678,2023-08-10,VNM
M-3679,2023-07-29,VNM
M-3680,2023-07-29,THA
M-3681,2023-07-27,VNM
M-3682,2023-08-01,KHM
M-3683,2023-08-07,VNM
M-3684,2023-08-07,VNM
M-3685,2023-07-27,VNM
M-3686,2023-08-01,VNM
M-3687,2023-08-11,VNM
M-3688,2023-07-27,VNM
M-3689,2023-07-27,VNM
M-3690,2023-08-05,LAO
M-3691,2023-08-05,VNM
M-3692,2023-07-29,KHM
M-3693,2023-08-11,VNM
M-3694,2023-08-05,VNM
M-3695,2023-08-05,THA
M-3696,2023-07-27,VNM
M-3697,2023-08-05,VNM
M-3698,2023-07-30,VNM
M-3699,2023-08-06,THA
M-3700,2023-07-30,VNM
M-3701,2023-08-01,VNM
H-1141,2023-08-11,VNM
H-1142,2023-08-11,KHM
H-1143,2023-08-11,VNM
H-1144,2023-08-11,VNM
H-1145,2023-08-11,VNM
H-1146,2023-08-11,VNM
H-1147,2023-08-11,VNM
H-1148,2023-08-11,VNM
H-1149,2023-08-11,VNM
H-1150,2023-08-11,VNM
H-1151,2023-08-11,VNM
H-1152,2023-08-11,VNM
H-1153,2023-08-11,VNM
H-1154,2023-08-11,VNM
H-1155,2023-08-11,VNM
H-1156,2023-08-11,VNM
H-1157,2023-08-11,KHM
H-1158,2023-08-11,VNM
H-1159,2023-08-11,LAO
H-1160,2023-08-11,VNM
H-1161,2023-08-11,VNM
H-1162,2023-08-11,VNM
H-1163,2023-08-11,VNM
H-1164,2023-08-11,VNM
H-1165,2023-08-11,VNM
H-1166,2023-08-11,KHM
H-1167,2023-08-11,VNM
H-1168,2023-08-11,VNM
H-1169,2023-08-11,VNM
H-1170,2023-08-11,VNM
H-1171,2023-08-11,VNM
H-1172,2023-08-11,CHN
H-1173,2023-08-11,KHM
H-1174,2023-08-11,VNM
H-1175,2023-08-11,THA
H-1176,2023-08-11,VNM
H-1177,2023-08-11,VNM
H-1178,2023-08-11,LAO
H-1179,2023-08-11,VNM
H-1180,2023-08-11,VNM
H-1181,2023-08-11,VNM
H-1182,2023-08-11,VNM
H-1183,2023-08-11,VNM
H-1184,2023-08-11,VNM
H-1185,2023-08-11,VNM
H-1186,2023-08-11,VNM
H-1187,2023-08-11,VNM
H-1188,2023-08-11,THA
H-1189,2023-08-11,KHM
H-1190,2023-08-11,VNM
H-1191,2023-08-11,THA
H-1192,2023-08-11,KHM
H-1193,2023-08-11,VNM
H-1194,2023-08-11,VNM
H-1195,2023-08-11,VNM
H-1196,2023-08-11,VNM
H-1197,2023-08-11,VNM
H-1198,2023-08-11,VNM
H-1199,2023-08-11,KHM
H-1200,2023-08-11,THA
H-1201,2023-08-11,LAO
H-1202,2023-08-11,VNM
H-1203,2023-08-11,VNM
H-1204,2023-08-11,KHM
H-1205,2023-08-11,VNM
H-1206,2023-08-11,VNM
H-1207,2023-08-11,KHM
H-1208,2023-08-11,VNM
H-1209,2023-08-11,VNM
H-1210,2023-08-11,LAO
H-1211,2023-08-11,VNM
H-1212,2023-08-11,VNM
H-1213,2023-08-11,VNM
H-1214,2023-08-11,THA
H-1215,2023-08-11,VNM
H-1216,2023-08-11,VNM
H-1217,2023-08-11,VNM
H-1218,2023-08-11,VNM
H-1219,2023-08-11,THA
H-1220,2023-08-11,KHM
H-1221,2023-08-11,VNM
H-1222,2023-08-11,VNM
H-1223,2023-08-11,KHM
H-1224,2023-08-11,VNM
H-1225,2023-08-11,VNM
H-1226,2023-08-11,KHM
H-1227,2023-08-11,VNM
H-1228,2023-08-11,VNM
H-1229,2023-08-11,VNM
H-1230,2023-08-11,THA
H-1231,2023-08-11,VNM
H-1232,2023-08-11,VNM
H-1233,2023-08-11,THA
H-1234,2023-08-11,VNM
H-1235,2023-08-11,VNM
H-1236,2023-08-11,CHN
H-1237,2023-08-11,THA
H-1238,2023-08-11,LAO
H-1239,2023-08-11,VNM
H-1240,2023-08-11,KHM
H-1241,2023-08-11,THA
H-1242,2023-08-11,VNM
H-1243,2023-08-11,VNM
H-1244,2023-08-11,LAO
H-1245,2023-08-11,VNM
H-1246,2023-08-11,VNM
H-1247,2023-08-11,VNM
H-1248,2023-08-11,VNM
H-1249,2023-08-11,VNM
H-1250,2023-08-11,VNM
H-1251,2023-08-11,VNM
H-1252,2023-08-11,CHN
M-3702,2023-08-01,VNM
M-3703,2023-07-30,CHN
M-3704,2023-08-05,KHM
M-3705,2023-07-30,VNM
M-3706,2023-07-31,VNM
M-3707,2023-08-06,VNM
M-3708,2023-08-11,VNM
M-3709,2023-08-11,VNM
M-3710,2023-07-31,VNM
M-3711,2023-08-11,VNM
M-3712,2023-08-11,THA
M-3713,2023-07-29,VNM
M-3714,2023-08-07,VNM
M-3715,2023-08-04,VNM
M-3716,2023-08-02,VNM
M-3717,2023-08-05,THA
M-3718,2023-07-29,VNM
M-3719,2023-07-31,VNM
M-3720,2023-08-01,KHM
M-3721,2023-07-31,VNM
M-3722,2023-08-06,KHM
M-3723,2023-07-29,LAO
M-3724,2023-08-11,THA
M-3725,2023-08-11,VNM
M-3726,2023-07-31,VNM
M-3727,2023-07-31,THA
M-3728,2023-08-11,KHM
M-3729,2023-07-29,KHM
M-3730,2023-08-11,KHM
M-3731,2023-08-07,KHM
M-3732,2023-08-06,VNM
M-3733,2023-07-29,THA
M-3734,2023-07-31,VNM
M-3735,2023-08-09,VNM
M-3736,2023-07-30,VNM
M-3737,2023-08-11,VNM
M-3738,2023-08-11,VNM
M-3739,2023-08-05,VNM
M-3740,2023-07-29,VNM
M-3741,2023-07-29,VNM
M-3742,2023-07-29,VNM
M-3743,2023-08-11,VNM
M-3744,2023-07-31,VNM
M-3745,2023-07-29,VNM
M-3746,2023-07-30,VNM
M-3747,2023-07-31,VNM
M-3748,2023-07-29,VNM
M-3749,2023-08-05,VNM
M-3750,2023-07-31,VNM
M-3751,2023-07-31,VNM
M-3752,2023-08-09,VNM
M-3753,2023-07-29,VNM
M-3754,2023-07-30,VNM
M-3755,2023-07-30,THA
M-3756,2023-07-29,VNM
M-3757,2023-07-29,VNM
M-3758,2023-08-11,VNM
M-3759,2023-08-11,VNM
M-3760,2023-07-30,LAO
M-3761,2023-08-07,VNM
M-3762,2023-08-11,VNM
M-3763,2023-07-31,VNM
M-3764,2023-08-11,VNM
M-3765,2023-08-04,VNM
M-3766,2023-07-31,VNM
M-3767,2023-07-29,LAO
M-3768,2023-07-30,LAO
M-3769,2023-08-11,LAO
M-3770,2023-07-31,VNM
M-3771,2023-08-10,VNM
M-3772,2023-08-01,VNM
M-3773,2023-08-11,VNM
M-3774,2023-07-31,VNM
M-3775,2023-07-30,VNM
M-3776,2023-08-01,VNM
M-3777,2023-07-31,VNM
M-3778,2023-08-05,VNM
M-3779,2023-07-29,VNM
M-3780,2023-07-31,VNM
M-3781,2023-07-30,VNM
M-3782,2023-08-04,THA
M-3783,2023-08-01,THA
M-3784,2023-07-29,VNM
M-3785,2023-08-10,VNM
M-3786,2023-08-01,VNM
M-3787,2023-08-04,VNM
M-3788,2023-07-30,THA
M-3789,2023-07-29,KHM
M-3790,2023-07-31,VNM
M-3791,2023-08-02,VNM
M-3792,2023-07-30,VNM
M-3793,2023-08-02,VNM
M-3794,2023-08-04,VNM
M-3795,2023-08-04,VNM
M-3796,2023-07-30,VNM
M-3797,2023-07-31,VNM
M-3798,2023-07-30,VNM
M-3799,2023-07-30,VNM
M-3800,2023-08-05,VNM
M-3801,2023-07-30,VNM
M-3802,2023-08-05,VNM
M-3803,2023-07-31,VNM
M-3804,2023-07-31,VNM
M-3805,2023-08-11,VNM
M-3806,2023-08-02,VNM
M-3807,2023-08-11,VNM
M-3808,2023-08-02,VNM
M-3809,2023-08-11,VNM
M-3810,2023-08-11,VNM
M-3811,2023-07-31,KHM
M-3812,2023-08-01,VNM
M-3813,2023-07-30,VNM
M-3814,2023-07-30,VNM
M-3815,2023-07-31,VNM
M-3816,2023-07-31,VNM
M-3817,2023-08-07,VNM
M-3818,2023-07-30,VNM
M-3819,2023-07-31,VNM
M-3820,2023-07-29,VNM
M-3821,2023-08-05,VNM
M-3822,2023-07-29,VNM
M-3823,2023-08-04,VNM
M-3824,2023-08-06,VNM
M-3825,2023-08-05,KHM
M-3826,2023-08-11,VNM
M-3827,2023-07-31,VNM
M-3828,2023-08-02,VNM
M-3829,2023-08-11,VNM
M-3830,2023-07-31,KHM
M-3831,2023-08-06,VNM
M-3832,2023-08-02,THA
M-3833,2023-07-31,VNM
M-3834,2023-08-06,VNM
M-3835,2023-08-09,VNM
M-3836,2023-07-29,VNM
M-3837,2023-07-31,VNM
M-3838,2023-08-04,VNM
M-3839,2023-08-09,VNM
M-3840,2023-08-11,THA
M-3841,2023-08-11,VNM
M-3842,2023-07-29,THA
M-3843,2023-07-29,THA
M-3844,2023-07-31,VNM
M-3845,2023-07-30,VNM
M-3846,2023-08-06,VNM
M-3847,2023-08-11,VNM
M-3848,2023-08-07,VNM
M-3849,2023-08-05,VNM
M-3850,2023-08-01,VNM
M-3851,2023-07-31,LAO
M-3852,2023-08-01,VNM
M-3853,2023-07-30,VNM
M-3854,2023-08-04,VNM
M-3855,2023-08-06,VNM
M-3856,2023-07-29,VNM
M-3857,2023-08-05,VNM
M-3858,2023-07-29,LAO
M-3859,2023-07-30,VNM
M-3860,2023-07-31,VNM
M-3861,2023-07-31,VNM
M-3862,2023-07-29,VNM
M-3863,2023-08-04,VNM
M-3864,2023-07-30,VNM
M-3865,2023-07-29,VNM
M-3866,2023-07-29,VNM
M-3867,2023-08-06,VNM
M-3868,2023-08-09,VNM
M-3869,2023-08-11,KHM
M-3870,2023-08-11,VNM
M-3871,2023-08-11,VNM
M-3872,2023-08-09,VNM
M-3873,2023-08-11,VNM
M-3874,2023-07-29,VNM
M-3875,2023-07-30,VNM
M-3876,2023-07-29,VNM
M-3877,2023-07-29,VNM
M-3878,2023-07-31,VNM
M-3879,2023-08-11,VNM
M-3880,2023-08-05,VNM
M-3881,2023-08-01,VNM
M-3882,2023-08-09,VNM
M-3883,2023-07-31,VNM
M-3884,2023-07-29,VNM
M-3885,2023-07-31,VNM
M-3886,2023-07-29,CHN
M-3887,2023-07-29,THA
M-3888,2023-08-05,THA
M-3889,2023-08-05,VNM
M-3890,2023-07-31,VNM
M-3891,2023-08-02,VNM
M-3892,2023-07-29,VNM
M-3893,2023-07-31,CHN
M-3894,2023-07-30,VNM
M-3895,2023-08-06,VNM
M-3896,2023-07-30,VNM
M-3897,2023-08-11,VNM
M-3898,2023-08-09,THA
M-3899,2023-07-30,VNM
M-3900,2023-07-31,VNM
M-3901,2023-08-11,THA
M-3902,2023-07-29,THA
M-3903,2023-08-05,VNM
M-3904,2023-07-31,KHM
M-3905,2023-08-07,VNM
M-3906,2023-08-01,VNM
M-3907,2023-08-11,VNM
M-3908,2023-08-01,VNM
M-3909,2023-07-30,VNM
M-3910,2023-07-29,VNM
M-3911,2023-08-01,VNM
M-3912,2023-08-01,VNM
M-3913,2023-08-11,VNM
M-3914,2023-08-02,CHN
M-3915,2023-08-01,VNM
M-3916,2023-07-29,VNM
M-3917,2023-08-04,VNM
M-3918,2023-08-05,VNM
M-3919,2023-07-31,VNM
M-3920,2023-08-11,VNM
M-3921,2023-08-02,VNM
M-3922,2023-08-11,VNM
M-3923,2023-07-30,THA
M-3924,2023-08-11,THA
M-3925,2023-07-30,THA
M-3926,2023-08-01,KHM
M-3927,2023-08-11,VNM
M-3928,2023-08-02,LAO
M-3929,2023-08-10,LAO
M-3930,2023-08-11,KHM
M-3931,2023-08-01,VNM
M-3932,2023-08-01,VNM
M-3933,2023-07-29,VNM
M-3934,2023-08-06,VNM
M-3935,2023-07-31,VNM
M-3936,2023-08-11,THA
M-3937,2023-08-11,THA
M-3938,2023-07-31,VNM
M-3939,2023-08-01,VNM
M-3940,2023-08-11,VNM
M-3941,2023-07-31,VNM
M-3942,2023-07-29,VNM
M-3943,2023-07-31,VNM
M-3944,2023-07-31,VNM
M-3945,2023-08-06,KHM
M-3946,2023-08-05,VNM
M-3947,2023-07-31,VNM
M-3948,2023-07-30,VNM
M-3949,2023-07-29,VNM
M-3950,2023-08-05,VNM
M-3951,2023-08-07,VNM
M-3952,2023-08-01,VNM
M-3953,2023-08-07,VNM
M-3954,2023-08-06,VNM
M-3955,2023-07-30,LAO
M-3956,2023-08-02,VNM
M-3957,2023-08-02,VNM
M-3958,2023-08-11,VNM
M-3959,2023-08-01,VNM
M-3960,2023-08-01,VNM
M-3961,2023-08-11,LAO
M-3962,2023-07-30,VNM
M-3963,2023-08-04,VNM
M-3964,2023-07-29,VNM
M-3965,2023-07-31,VNM
M-3966,2023-08-11,VNM
M-3967,2023-08-04,VNM
M-3968,2023-08-09,VNM
M-3969,2023-08-04,VNM
M-3970,2023-08-05,VNM
M-3971,2023-07-31,VNM
M-3972,2023-08-11,VNM
M-3973,2023-07-29,VNM
M-3974,2023-08-05,VNM
M-3975,2023-07-30,VNM
M-3976,2023-07-29,THA
M-3977,2023-07-31,THA
M-3978,2023-07-29,VNM
M-3979,2023-08-11,VNM
M-3980,2023-07-31,LAO
M-3981,2023-07-29,VNM
M-3982,2023-08-02,KHM
M-3983,2023-08-05,VNM
M-3984,2023-08-11,VNM
M-3985,2023-08-05,VNM
M-3986,2023-08-11,VNM
M-3987,2023-08-05,VNM
M-3988,2023-08-04,VNM
M-3989,2023-08-06,VNM
M-3990,2023-07-30,VNM
M-3991,2023-07-31,VNM
M-3992,2023-07-31,VNM
M-3993,2023-07-29,LAO
M-3994,2023-07-31,LAO
M-3995,2023-07-31,VNM
M-3996,2023-08-11,VNM
M-3997,2023-07-31,VNM
M-3998,2023-07-30,VNM
M-3999,2023-07-29,VNM
M-4000,2023-08-01,VNM
M-4001,2023-07-30,VNM
M-4002,2023-07-30,LAO
M-4003,2023-08-02,LAO
M-4004,2023-08-04,LAO
M-4005,2023-07-31,VNM
M-4006,2023-08-05,VNM
M-4007,2023-08-11,LAO
M-4008,2023-08-02,VNM
M-4009,2023-07-29,VNM
M-4010,2023-08-11,VNM
M-4011,2023-08-02,VNM
M-4012,2023-08-11,VNM
M-4013,2023-08-02,VNM
M-4014,2023-07-29,VNM
M-4015,2023-08-11,VNM
M-4016,2023-07-30,VNM
M-4017,2023-07-31,VNM
M-4018,2023-07-31,VNM
M-4019,2023-08-11,THA
M-4020,2023-08-05,THA
M-4021,2023-08-01,THA
M-4022,2023-08-01,VNM
M-4023,2023-07-31,VNM
M-4024,2023-08-09,VNM
M-4025,2023-07-30,VNM
M-4026,2023-08-07,VNM
M-4027,2023-08-02,VNM
M-4028,2023-08-02,VNM
M-4029,2023-07-29,VNM
M-4030,2023-08-07,VNM
M-4031,2023-07-31,VNM
M-4032,2023-07-30,VNM
M-4033,2023-08-11,VNM
M-4034,2023-07-30,VNM
M-4035,2023-07-31,VNM
M-4036,2023-07-29,VNM
M-4037,2023-08-11,VNM
M-4038,2023-07-29,VNM
M-4039,2023-07-31,VNM
M-4040,2023-08-01,VNM
M-4041,2023-07-31,VNM
M-4042,2023-08-11,VNM
M-4043,2023-08-02,VNM
M-4044,2023-08-11,VNM
M-4045,2023-08-04,VNM
M-4046,2023-07-29,LAO
M-4047,2023-08-01,VNM
M-4048,2023-08-01,VNM
M-4049,2023-07-29,VNM
M-4050,2023-08-01,VNM
M-4051,2023-07-30,VNM
M-4052,2023-07-31,THA
M-4053,2023-07-30,VNM
M-4054,2023-08-05,THA
M-4055,2023-07-29,VNM
M-4056,2023-08-04,VNM
M-4057,2023-07-29,VNM
M-4058,2023-07-31,VNM
M-4059,2023-08-11,VNM
M-4060,2023-07-30,VNM
M-4061,2023-08-02,VNM
M-4062,2023-07-29,VNM
M-4063,2023-08-05,VNM
M-4064,2023-08-11,THA
M-4065,2023-08-04,VNM
M-4066,2023-07-31,VNM
M-4067,2023-08-05,VNM
M-4068,2023-07-29,VNM
M-4069,2023-07-30,VNM
M-4070,2023-08-10,VNM
M-4071,2023-08-11,THA
M-4072,2023-08-02,VNM
M-4073,2023-07-29,VNM
M-4074,2023-07-31,VNM
M-4075,2023-07-30,VNM
M-4076,2023-08-07,THA
M-4077,2023-08-04,VNM
H-1253,2023-08-11,VNM
H-1254,2023-08-11,CHN
H-1255,2023-08-11,VNM
H-1256,2023-08-11,VNM
H-1257,2023-08-11,VNM
H-1258,2023-08-11,VNM
H-1259,2023-08-11,VNM
H-1260,2023-08-11,VNM
H-1261,2023-08-11,VNM
H-1262,2023-08-11,VNM
H-1263,2023-08-11,VNM
H-1264,2023-08-11,VNM
H-1265,2023-08-11,THA
H-1266,2023-08-11,VNM
H-1267,2023-08-11,LAO
H-1268,2023-08-11,VNM
H-1269,2023-08-11,VNM
H-1270,2023-08-11,VNM
H-1271,2023-08-11,VNM
H-1272,2023-08-11,VNM
H-1273,2023-08-11,VNM
H-1274,2023-08-11,VNM
H-1275,2023-08-11,VNM
H-1276,2023-08-11,KHM
H-1277,2023-08-11,VNM
H-1278,2023-08-11,VNM
H-1279,2023-08-11,VNM
H-1280,2023-08-11,KHM
H-1281,2023-08-11,VNM
H-1282,2023-08-11,VNM
H-1283,2023-08-11,VNM
H-1284,2023-08-11,VNM
H-1285,2023-08-11,VNM
H-1286,2023-08-11,VNM
H-1287,2023-08-11,VNM
H-1288,2023-08-11,VNM
H-1289,2023-08-11,VNM
H-1290,2023-08-11,VNM
H-1291,2023-08-11,VNM
H-1292,2023-08-11,KHM
H-1293,2023-08-11,VNM
H-1294,2023-08-11,VNM
H-1295,2023-08-11,VNM
H-1296,2023-08-11,VNM
H-1297,2023-08-11,VNM
H-1298,2023-08-11,VNM
H-1299,2023-08-11,THA
H-1300,2023-08-11,VNM
H-1301,2023-08-11,VNM
H-1302,2023-08-11,THA
H-1303,2023-08-11,VNM
H-1304,2023-08-11,VNM
H-1305,2023-08-11,VNM
H-1306,2023-08-11,VNM
H-1307,2023-08-11,VNM
H-1308,2023-08-11,VNM
H-1309,2023-08-11,KHM
H-1310,2023-08-11,VNM
H-1311,2023-08-11,VNM
H-1312,2023-08-11,VNM
H-1313,2023-08-11,VNM
H-1314,2023-08-11,VNM
H-1315,2023-08-11,VNM
H-1316,2023-08-11,CHN
H-1317,2023-08-11,VNM
H-1318,2023-08-11,VNM
H-1319,2023-08-11,THA
H-1320,2023-08-11,KHM
H-1321,2023-08-11,VNM
H-1322,2023-08-11,VNM
H-1323,2023-08-11,VNM
H-1324,2023-08-11,VNM
H-1325,2023-08-11,KHM
H-1326,2023-08-11,VNM
H-1327,2023-08-11,VNM
H-1328,2023-08-11,VNM
H-1329,2023-08-11,VNM
H-1330,2023-08-11,LAO
H-1331,2023-08-11,THA
H-1332,2023-08-11,VNM
H-1333,2023-08-11,VNM
H-1334,2023-08-11,THA
H-1335,2023-08-11,VNM
H-1336,2023-08-11,VNM
H-1337,2023-08-11,VNM
H-1338,2023-08-11,VNM
H-1339,2023-08-11,VNM
H-1340,2023-08-11,KHM
H-1341,2023-08-11,VNM
H-1342,2023-08-11,VNM
H-1343,2023-08-11,VNM
H-1344,2023-08-11,VNM
H-1345,2023-08-11,LAO
H-1346,2023-08-11,THA
H-1347,2023-08-11,VNM
H-1348,2023-08-11,VNM
H-1349,2023-08-11,VNM
H-1350,2023-08-11,VNM
H-1351,2023-08-11,VNM
H-1352,2023-08-11,VNM
H-1353,2023-08-11,THA
H-1354,2023-08-11,VNM
H-1355,2023-08-11,KHM
H-1356,2023-08-11,VNM
H-1357,2023-08-11,VNM
H-1358,2023-08-11,KHM
H-1359,2023-08-11,THA
H-1360,2023-08-11,KHM
H-1361,2023-08-11,KHM
H-1362,2023-08-11,VNM
H-1363,2023-08-11,VNM
H-1364,2023-08-11,KHM
H-1365,2023-08-11,KHM
H-1366,2023-08-11,KHM
H-1367,2023-08-11,VNM
H-1368,2023-08-11,VNM
H-1369,2023-08-11,KHM
H-1370,2023-08-11,VNM
H-1371,2023-08-11,VNM
H-1372,2023-08-11,VNM
H-1373,2023-08-11,VNM
H-1374,2023-08-11,VNM
H-1375,2023-08-11,VNM
H-1376,2023-08-11,VNM
H-1377,2023-08-11,VNM
H-1378,2023-08-11,THA
H-1379,2023-08-11,VNM
H-1380,2023-08-11,VNM
H-1381,2023-08-11,KHM
H-1382,2023-08-11,VNM
H-1383,2023-08-11,VNM
H-1384,2023-08-11,VNM
H-1385,2023-08-11,VNM
H-1386,2023-08-11,VNM
H-1387,2023-08-11,VNM
H-1388,2023-08-11,VNM
M-4078,2023-08-11,LAO
M-4079,2023-08-06,VNM
M-4080,2023-07-31,VNM
M-4081,2023-08-05,THA
M-4082,2023-08-05,VNM
M-4083,2023-07-31,LAO
M-4084,2023-07-30,VNM
M-4085,2023-07-31,VNM
M-4086,2023-07-31,VNM
M-4087,2023-08-11,VNM
M-4088,2023-08-11,VNM
M-4089,2023-07-31,KHM
M-4090,2023-07-30,VNM
M-4091,2023-08-10,VNM
M-4092,2023-08-05,VNM
M-4093,2023-08-11,VNM
M-4094,2023-08-04,VNM
M-4095,2023-08-05,VNM
M-4096,2023-07-31,VNM
M-4097,2023-07-31,VNM
M-4098,2023-07-31,VNM
M-4099,2023-08-02,VNM
M-4100,2023-08-01,VNM
M-4101,2023-07-31,VNM
M-4102,2023-07-31,VNM
M-4103,2023-07-30,THA
M-4104,2023-08-09,VNM
M-4105,2023-08-05,THA
M-4106,2023-07-31,VNM
M-4107,2023-08-10,LAO
M-4108,2023-07-31,VNM
M-4109,2023-07-31,VNM
M-4110,2023-07-30,VNM
M-4111,2023-07-31,VNM
M-4112,2023-08-02,THA
M-4113,2023-07-30,VNM
M-4114,2023-08-11,LAO
M-4115,2023-08-11,VNM
M-4116,2023-07-31,VNM
M-4117,2023-07-31,VNM
M-4118,2023-08-11,VNM
M-4119,2023-08-11,VNM
M-4120,2023-08-05,VNM
M-4121,2023-07-30,VNM
M-4122,2023-07-30,KHM
M-4123,2023-07-31,VNM
M-4124,2023-08-06,VNM
M-4125,2023-08-02,VNM
M-4126,2023-08-11,VNM
M-4127,2023-08-10,THA
M-4128,2023-08-01,VNM
M-4129,2023-08-11,KHM
M-4130,2023-07-31,VNM
M-4131,2023-07-31,VNM
M-4132,2023-07-31,VNM
M-4133,2023-07-30,VNM
M-4134,2023-08-11,VNM
M-4135,2023-07-30,VNM
M-4136,2023-07-31,VNM
M-4137,2023-08-05,VNM
M-4138,2023-08-06,THA
M-4139,2023-08-11,THA
M-4140,2023-07-30,THA
M-4141,2023-07-30,VNM
M-4142,2023-08-06,VNM
M-4143,2023-08-01,VNM
M-4144,2023-08-06,THA
M-4145,2023-07-31,KHM
M-4146,2023-08-04,KHM
M-4147,2023-08-06,KHM
M-4148,2023-08-11,VNM
M-4149,2023-08-01,VNM
M-4150,2023-08-07,VNM
M-4151,2023-08-02,VNM
M-4152,2023-08-11,VNM
M-4153,2023-08-07,VNM
M-4154,2023-08-05,KHM
M-4155,2023-08-06,LAO
M-4156,2023-08-02,LAO
M-4157,2023-08-05,VNM
M-4158,2023-07-31,VNM
M-4159,2023-08-11,VNM
M-4160,2023-08-01,VNM
M-4161,2023-08-05,VNM
M-4162,2023-08-01,VNM
M-4163,2023-08-05,VNM
M-4164,2023-07-31,VNM
M-4165,2023-07-31,KHM
M-4166,2023-08-09,VNM
M-4167,2023-07-30,KHM
M-4168,2023-08-05,VNM
M-4169,2023-07-30,VNM
M-4170,2023-07-30,VNM
M-4171,2023-08-04,VNM
M-4172,2023-07-31,VNM
M-4173,2023-08-02,VNM
M-4174,2023-07-30,VNM
M-4175,2023-08-09,VNM
M-4176,2023-07-31,VNM
M-4177,2023-07-30,VNM
M-4178,2023-07-31,VNM
M-4179,2023-08-01,VNM
M-4180,2023-08-04,THA
M-4181,2023-08-10,THA
M-4182,2023-08-01,THA
M-4183,2023-08-02,VNM
M-4184,2023-08-05,VNM
M-4185,2023-07-30,KHM
M-4186,2023-08-01,VNM
M-4187,2023-08-11,VNM
M-4188,2023-08-10,VNM
M-4189,2023-08-01,VNM
M-4190,2023-08-05,LAO
M-4191,2023-07-30,LAO
M-4192,2023-07-31,VNM
M-4193,2023-08-05,VNM
M-4194,2023-07-30,VNM
M-4195,2023-07-31,VNM
M-4196,2023-08-11,VNM
M-4197,2023-08-02,VNM
M-4198,2023-07-31,VNM
M-4199,2023-08-05,VNM
M-4200,2023-07-31,VNM
M-4201,2023-08-04,LAO
M-4202,2023-07-30,VNM
M-4203,2023-07-31,VNM
M-4204,2023-08-07,VNM
M-4205,2023-08-04,VNM
M-4206,2023-08-05,VNM
M-4207,2023-07-31,KHM
M-4208,2023-07-31,VNM
M-4209,2023-07-30,VNM
M-4210,2023-08-06,VNM
M-4211,2023-07-30,VNM
M-4212,2023-08-11,VNM
M-4213,2023-07-31,VNM
M-4214,2023-07-31,LAO
M-4215,2023-08-04,VNM
M-4216,2023-08-02,VNM
M-4217,2023-08-11,VNM
M-4218,2023-07-30,VNM
M-4219,2023-08-02,VNM
M-4220,2023-07-31,VNM
M-4221,2023-08-02,VNM
M-4222,2023-08-05,VNM
M-4223,2023-08-04,VNM
M-4224,2023-08-11,CHN
M-4225,2023-08-11,VNM
M-4226,2023-07-31,VNM
M-4227,2023-08-04,VNM
M-4228,2023-08-09,CHN
M-4229,2023-08-11,VNM
M-4230,2023-07-31,VNM
M-4231,2023-08-04,KHM
M-4232,2023-08-04,CHN
M-4233,2023-08-01,VNM
M-4234,2023-08-11,THA
M-4235,2023-08-05,VNM
M-4236,2023-08-05,VNM
M-4237,2023-08-11,VNM
M-4238,2023-08-05,VNM
M-4239,2023-08-11,VNM
M-4240,2023-07-30,VNM
M-4241,2023-07-30,VNM
M-4242,2023-08-09,VNM
M-4243,2023-08-02,VNM
M-4244,2023-08-01,VNM
M-4245,2023-08-02,VNM
M-4246,2023-08-01,VNM
M-4247,2023-07-30,VNM
M-4248,2023-08-11,VNM
M-4249,2023-08-01,VNM
M-4250,2023-08-02,VNM
M-4251,2023-07-31,VNM
M-4252,2023-08-05,VNM
M-4253,2023-08-04,VNM
M-4254,2023-08-04,CHN
M-4255,2023-08-11,CHN
M-4256,2023-08-11,VNM
M-4257,2023-08-09,VNM
M-4258,2023-08-05,VNM
M-4259,2023-07-31,VNM
M-4260,2023-07-31,VNM
M-4261,2023-08-07,KHM
M-4262,2023-08-11,VNM
M-4263,2023-08-07,VNM
M-4264,2023-08-11,LAO
M-4265,2023-08-11,THA
M-4266,2023-08-09,THA
M-4267,2023-07-30,KHM
M-4268,2023-08-02,KHM
M-4269,2023-08-01,VNM
M-4270,2023-08-02,THA
M-4271,2023-07-31,THA
M-4272,2023-07-30,THA
M-4273,2023-08-06,VNM
M-4274,2023-08-11,VNM
M-4275,2023-07-31,VNM
M-4276,2023-08-10,VNM
M-4277,2023-08-11,VNM
M-4278,2023-08-01,THA
M-4279,2023-07-31,THA
M-4280,2023-08-02,VNM
M-4281,2023-08-01,VNM
M-4282,2023-08-07,VNM
M-4283,2023-08-05,VNM
M-4284,2023-08-05,VNM
M-4285,2023-08-04,KHM
M-4286,2023-08-11,VNM
M-4287,2023-07-31,VNM
M-4288,2023-08-06,VNM
M-4289,2023-07-31,VNM
M-4290,2023-07-30,VNM
M-4291,2023-08-01,VNM
M-4292,2023-07-31,VNM
M-4293,2023-08-11,VNM
M-4294,2023-07-30,VNM
M-4295,2023-08-05,VNM
M-4296,2023-07-31,VNM
M-4297,2023-08-05,VNM
M-4298,2023-07-31,VNM
M-4299,2023-08-01,VNM
M-4300,2023-08-05,VNM
M-4301,2023-07-31,VNM
M-4302,2023-08-11,VNM
M-4303,2023-08-11,VNM
M-4304,2023-08-01,VNM
M-4305,2023-08-02,VNM
M-4306,2023-08-01,VNM
M-4307,2023-08-04,VNM
M-4308,2023-08-11,VNM
M-4309,2023-08-05,VNM
M-4310,2023-07-31,VNM
M-4311,2023-07-30,LAO
M-4312,2023-07-30,VNM
M-4313,2023-07-31,VNM
M-4314,2023-08-11,VNM
M-4315,2023-08-11,VNM
M-4316,2023-07-31,VNM
M-4317,2023-08-06,VNM
M-4318,2023-08-09,VNM
M-4319,2023-07-31,VNM
M-4320,2023-08-02,THA
M-4321,2023-07-31,THA
M-4322,2023-07-30,THA
M-4323,2023-08-01,THA
M-4324,2023-07-31,LAO
M-4325,2023-08-06,VNM
M-4326,2023-08-05,VNM
M-4327,2023-07-31,VNM
M-4328,2023-08-07,VNM
M-4329,2023-08-02,VNM
M-4330,2023-08-02,VNM
M-4331,2023-07-31,VNM
M-4332,2023-07-31,VNM
M-4333,2023-08-11,VNM
M-4334,2023-08-01,VNM
M-4335,2023-08-05,VNM
M-4336,2023-08-10,VNM
M-4337,2023-08-01,VNM
M-4338,2023-08-04,VNM
M-4339,2023-07-31,THA
M-4340,2023-07-31,THA
M-4341,2023-08-09,THA
M-4342,2023-08-06,LAO
M-4343,2023-07-31,LAO
M-4344,2023-07-31,LAO
M-4345,2023-08-05,VNM
M-4346,2023-08-10,VNM
M-4347,2023-08-05,VNM
M-4348,2023-07-30,VNM
M-4349,2023-07-30,VNM
M-4350,2023-07-30,VNM
M-4351,2023-07-31,VNM
M-4352,2023-08-06,VNM
M-4353,2023-07-31,VNM
M-4354,2023-07-31,VNM
M-4355,2023-08-01,VNM
M-4356,2023-08-01,VNM
M-4357,2023-08-04,VNM
M-4358,2023-08-05,VNM
M-4359,2023-08-11,VNM
M-4360,2023-08-11,VNM
M-4361,2023-07-31,VNM
M-4362,2023-07-31,VNM
M-4363,2023-08-01,VNM
M-4364,2023-08-11,THA
M-4365,2023-08-02,VNM
M-4366,2023-07-31,VNM
M-4367,2023-07-31,VNM
M-4368,2023-07-30,THA
M-4369,2023-08-09,LAO
M-4370,2023-07-31,VNM
M-4371,2023-07-30,VNM
M-4372,2023-08-01,VNM
M-4373,2023-07-31,VNM
M-4374,2023-08-11,VNM
M-4375,2023-08-11,VNM
M-4376,2023-08-07,LAO
M-4377,2023-07-31,VNM
M-4378,2023-07-30,LAO
M-4379,2023-08-05,VNM
M-4380,2023-08-09,VNM
M-4381,2023-07-31,VNM
M-4382,2023-07-31,VNM
M-4383,2023-08-04,VNM
M-4384,2023-07-31,VNM
M-4385,2023-08-11,VNM
M-4386,2023-08-11,VNM
M-4387,2023-07-30,VNM
M-4388,2023-08-11,VNM
M-4389,2023-08-11,VNM
M-4390,2023-08-11,VNM
M-4391,2023-08-05,CHN
M-4392,2023-08-05,CHN
M-4393,2023-08-04,VNM
M-4394,2023-08-11,VNM
M-4395,2023-08-11,VNM
M-4396,2023-08-04,VNM
M-4397,2023-08-01,THA
M-4398,2023-08-11,THA
M-4399,2023-08-05,KHM
M-4400,2023-07-30,KHM
M-4401,2023-07-30,VNM
M-4402,2023-07-31,VNM
M-4403,2023-07-31,VNM
M-4404,2023-07-31,VNM
M-4405,2023-07-31,VNM
M-4406,2023-08-11,VNM
M-4407,2023-08-06,VNM
M-4408,2023-08-11,VNM
M-4409,2023-07-30,VNM
M-4410,2023-08-01,KHM
M-4411,2023-08-06,VNM
M-4412,2023-08-01,VNM
M-4413,2023-08-05,VNM
M-4414,2023-08-04,VNM
M-4415,2023-08-02,VNM
M-4416,2023-07-30,VNM
M-4417,2023-07-31,VNM
M-4418,2023-07-31,KHM
M-4419,2023-08-02,KHM
M-4420,2023-07-31,KHM
M-4421,2023-08-02,VNM
M-4422,2023-07-30,VNM
M-4423,2023-08-11,VNM
M-4424,2023-07-30,VNM
M-4425,2023-08-01,VNM
M-4426,2023-07-30,VNM
M-4427,2023-07-31,VNM
M-4428,2023-08-06,VNM
M-4429,2023-07-30,VNM
M-4430,2023-08-04,VNM
M-4431,2023-08-05,VNM
M-4432,2023-08-01,LAO
M-4433,2023-07-30,VNM
M-4434,2023-07-31,VNM
M-4435,2023-07-30,VNM
M-4436,2023-07-30,VNM
M-4437,2023-07-31,KHM
M-4438,2023-07-30,VNM
M-4439,2023-08-04,VNM
M-4440,2023-07-30,VNM
M-4441,2023-08-11,VNM
M-4442,2023-08-05,LAO
M-4443,2023-07-30,VNM
M-4444,2023-07-30,VNM
M-4445,2023-07-30,VNM
M-4446,2023-08-09,CHN
M-4447,2023-08-04,VNM
M-4448,2023-08-11,THA
M-4449,2023-08-04,THA
M-4450,2023-08-02,VNM
M-4451,2023-07-31,LAO
M-4452,2023-08-01,THA
M-4453,2023-08-04,THA
M-4454,2023-07-31,VNM
M-4455,2023-08-07,VNM
M-4456,2023-08-11,VNM
M-4457,2023-08-10,VNM
M-4458,2023-07-31,LAO
M-4459,2023-08-11,VNM
M-4460,2023-07-31,VNM
M-4461,2023-08-11,VNM
M-4462,2023-08-09,VNM
M-4463,2023-08-10,VNM
M-4464,2023-08-02,VNM
M-4465,2023-08-04,VNM
M-4466,2023-08-01,VNM
M-4467,2023-08-11,VNM
M-4468,2023-08-10,VNM
M-4469,2023-07-30,VNM
M-4470,2023-08-01,VNM
M-4471,2023-08-07,VNM
M-4472,2023-07-30,VNM
M-4473,2023-08-02,VNM
M-4474,2023-08-10,THA
M-4475,2023-08-04,VNM
M-4476,2023-08-05,VNM
M-4477,2023-07-31,VNM
M-4478,2023-07-31,VNM
M-4479,2023-08-10,VNM
M-4480,2023-07-30,VNM
M-4481,2023-08-02,VNM
M-4482,2023-08-06,VNM
M-4483,2023-08-09,VNM
M-4484,2023-08-04,VNM
M-4485,2023-08-01,VNM
M-4486,2023-08-07,VNM
M-4487,2023-07-30,VNM
M-4488,2023-08-05,VNM
M-4489,2023-08-05,VNM
M-4490,2023-07-31,VNM
M-4491,2023-07-31,VNM
M-4492,2023-07-31,KHM
M-4493,2023-08-05,VNM
M-4494,2023-08-01,THA
H-1389,2023-08-11,THA
H-1390,2023-08-11,VNM
H-1391,2023-08-11,VNM
H-1392,2023-08-11,VNM
H-1393,2023-08-11,VNM
H-1394,2023-08-11,VNM
H-1395,2023-08-11,VNM
H-1396,2023-08-11,VNM
H-1397,2023-08-11,VNM
H-1398,2023-08-11,VNM
H-1399,2023-08-11,VNM
H-1400,2023-08-11,VNM
H-1401,2023-08-11,VNM
H-1402,2023-08-11,VNM
H-1403,2023-08-11,VNM
H-1404,2023-08-11,THA
H-1405,2023-08-11,VNM
H-1406,2023-08-11,VNM
H-1407,2023-08-11,VNM
H-1408,2023-08-11,VNM
H-1409,2023-08-11,VNM
H-1410,2023-08-11,VNM
H-1411,2023-08-11,VNM
H-1412,2023-08-11,VNM
H-1413,2023-08-11,VNM
H-1414,2023-08-11,VNM
H-1415,2023-08-11,VNM
H-1416,2023-08-11,VNM
H-1417,2023-08-11,VNM
H-1418,2023-08-11,KHM
H-1419,2023-08-11,VNM
H-1420,2023-08-11,VNM
H-1421,2023-08-11,VNM
H-1422,2023-08-11,VNM
H-1423,2023-08-11,VNM
H-1424,2023-08-11,VNM
H-1425,2023-08-11,THA
H-1426,2023-08-11,VNM
H-1427,2023-08-11,VNM
H-1428,2023-08-11,THA
H-1429,2023-08-11,VNM
H-1430,2023-08-11,KHM
H-1431,2023-08-11,CHN
H-1432,2023-08-11,VNM
H-1433,2023-08-11,THA
H-1434,2023-08-11,VNM
H-1435,2023-08-11,VNM
H-1436,2023-08-11,VNM
H-1437,2023-08-11,VNM
H-1438,2023-08-11,LAO
H-1439,2023-08-11,VNM
H-1440,2023-08-11,VNM
H-1441,2023-08-11,VNM
H-1442,2023-08-11,VNM
H-1443,2023-08-11,VNM
H-1444,2023-08-11,KHM
H-1445,2023-08-11,THA
H-1446,2023-08-11,VNM
H-1447,2023-08-11,VNM
H-1448,2023-08-11,VNM
H-1449,2023-08-11,VNM
H-1450,2023-08-11,VNM
H-1451,2023-08-11,VNM
H-1452,2023-08-11,THA
H-1453,2023-08-11,VNM
H-1454,2023-08-11,KHM
H-1455,2023-08-11,VNM
H-1456,2023-08-11,THA
H-1457,2023-08-11,KHM
H-1458,2023-08-11,KHM
H-1459,2023-08-11,VNM
H-1460,2023-08-11,VNM
H-1461,2023-08-11,KHM
H-1462,2023-08-11,VNM
H-1463,2023-08-11,VNM
H-1464,2023-08-11,CHN
H-1465,2023-08-11,VNM
H-1466,2023-08-11,VNM
H-1467,2023-08-11,THA
H-1468,2023-08-11,VNM
H-1469,2023-08-11,VNM
H-1470,2023-08-11,VNM
H-1471,2023-08-11,VNM
H-1472,2023-08-11,KHM
H-1473,2023-08-11,VNM
H-1474,2023-08-11,VNM
H-1475,2023-08-11,VNM
H-1476,2023-08-11,VNM
H-1477,2023-08-11,VNM
H-1478,2023-08-11,VNM
H-1479,2023-08-11,KHM
H-1480,2023-08-11,THA
H-1481,2023-08-11,THA
H-1482,2023-08-11,KHM
H-1483,2023-08-11,VNM
H-1484,2023-08-11,VNM
H-1485,2023-08-11,VNM
H-1486,2023-08-11,VNM
H-1487,2023-08-11,VNM
H-1488,2023-08-11,KHM
H-1489,2023-08-11,VNM
H-1490,2023-08-11,VNM
H-1491,2023-08-11,VNM
H-1492,2023-08-11,VNM
H-1493,2023-08-11,VNM
H-1494,2023-08-11,VNM
H-1495,2023-08-11,VNM
H-1496,2023-08-11,VNM
H-1497,2023-08-11,VNM
H-1498,2023-08-11,VNM
H-1499,2023-08-11,VNM
H-1500,2023-08-11,KHM
H-1501,2023-08-11,THA
H-1502,2023-08-11,VNM
H-1503,2023-08-11,VNM
H-1504,2023-08-11,VNM
H-1505,2023-08-11,VNM
H-1506,2023-08-11,VNM
H-1507,2023-08-11,VNM
H-1508,2023-08-11,VNM
H-1509,2023-08-11,VNM
H-1510,2023-08-11,VNM
M-4495,2023-08-01,VNM
M-4496,2023-08-04,VNM
M-4497,2023-07-31,VNM
M-4498,2023-08-04,VNM
M-4499,2023-08-01,VNM
M-4500,2023-08-11,VNM
M-4501,2023-08-02,VNM
M-4502,2023-08-11,LAO
M-4503,2023-08-01,VNM
M-4504,2023-08-04,VNM
M-4505,2023-08-11,VNM
M-4506,2023-07-31,VNM
M-4507,2023-07-31,VNM
M-4508,2023-08-02,VNM
M-4509,2023-07-31,VNM
M-4510,2023-08-05,VNM
M-4511,2023-08-11,VNM
M-4512,2023-08-11,VNM
M-4513,2023-08-02,VNM
M-4514,2023-08-07,VNM
M-4515,2023-08-01,VNM
M-4516,2023-08-02,VNM
M-4517,2023-08-05,VNM
M-4518,2023-08-01,VNM
M-4519,2023-07-31,VNM
M-4520,2023-08-09,VNM
M-4521,2023-08-01,VNM
M-4522,2023-08-01,KHM
M-4523,2023-08-01,VNM
M-4524,2023-08-10,VNM
M-4525,2023-08-11,VNM
M-4526,2023-08-11,VNM
M-4527,2023-07-31,VNM
M-4528,2023-08-01,VNM
M-4529,2023-07-31,VNM
M-4530,2023-08-05,VNM
M-4531,2023-08-11,VNM
M-4532,2023-08-09,KHM
M-4533,2023-08-11,VNM
M-4534,2023-08-04,VNM
M-4535,2023-08-06,VNM
M-4536,2023-08-05,VNM
M-4537,2023-07-31,VNM
M-4538,2023-08-05,VNM
M-4539,2023-07-31,VNM
M-4540,2023-08-05,VNM
M-4541,2023-08-02,VNM
M-4542,2023-08-05,VNM
M-4543,2023-08-11,VNM
M-4544,2023-07-31,VNM
M-4545,2023-08-01,VNM
M-4546,2023-08-11,VNM
M-4547,2023-08-05,VNM
M-4548,2023-08-05,VNM
M-4549,2023-08-04,VNM
M-4550,2023-07-31,VNM
M-4551,2023-08-01,KHM
M-4552,2023-08-02,VNM
M-4553,2023-07-31,VNM
M-4554,2023-08-11,VNM
M-4555,2023-08-01,VNM
M-4556,2023-08-02,THA
M-4557,2023-08-05,KHM
M-4558,2023-07-31,VNM
M-4559,2023-08-02,VNM
M-4560,2023-08-05,VNM
M-4561,2023-07-31,CHN
M-4562,2023-08-07,VNM
M-4563,2023-08-04,VNM
M-4564,2023-07-31,VNM
M-4565,2023-08-05,VNM
M-4566,2023-08-06,VNM
M-4567,2023-08-01,LAO
M-4568,2023-08-04,VNM
M-4569,2023-08-02,VNM
M-4570,2023-07-31,VNM
M-4571,2023-08-11,VNM
M-4572,2023-08-07,VNM
M-4573,2023-07-31,VNM
M-4574,2023-08-04,VNM
M-4575,2023-08-05,VNM
M-4576,2023-07-31,LAO
M-4577,2023-08-01,VNM
M-4578,2023-07-31,VNM
M-4579,2023-08-11,VNM
M-4580,2023-08-11,VNM
M-4581,2023-08-07,VNM
M-4582,2023-07-31,VNM
M-4583,2023-07-31,VNM
M-4584,2023-08-11,VNM
M-4585,2023-08-04,VNM
M-4586,2023-08-01,VNM
M-4587,2023-08-02,VNM
M-4588,2023-07-31,LAO
M-4589,2023-08-11,VNM
M-4590,2023-07-31,VNM
M-4591,2023-08-01,LAO
M-4592,2023-07-31,VNM
M-4593,2023-08-04,VNM
M-4594,2023-08-09,VNM
M-4595,2023-07-31,VNM
M-4596,2023-08-01,VNM
M-4597,2023-07-31,KHM
M-4598,2023-07-31,VNM
M-4599,2023-08-07,KHM
M-4600,2023-07-31,KHM
M-4601,2023-07-31,VNM
M-4602,2023-08-10,VNM
M-4603,2023-07-31,KHM
M-4604,2023-08-11,KHM
M-4605,2023-08-09,THA
M-4606,2023-08-10,VNM
M-4607,2023-08-10,VNM
M-4608,2023-08-06,VNM
M-4609,2023-07-31,THA
M-4610,2023-07-31,THA
M-4611,2023-08-11,VNM
M-4612,2023-08-10,VNM
M-4613,2023-07-31,VNM
M-4614,2023-08-06,LAO
M-4615,2023-08-01,LAO
M-4616,2023-08-01,VNM
M-4617,2023-07-31,VNM
M-4618,2023-08-05,VNM
M-4619,2023-08-06,VNM
M-4620,2023-08-11,VNM
M-4621,2023-08-06,VNM
M-4622,2023-08-10,VNM
M-4623,2023-08-11,VNM
M-4624,2023-07-31,KHM
M-4625,2023-08-11,VNM
M-4626,2023-07-31,VNM
M-4627,2023-08-06,VNM
M-4628,2023-08-02,VNM
M-4629,2023-08-11,VNM
M-4630,2023-08-11,LAO
M-4631,2023-08-05,VNM
M-4632,2023-08-06,VNM
M-4633,2023-08-09,VNM
M-4634,2023-08-11,KHM
M-4635,2023-08-09,VNM
M-4636,2023-08-02,VNM
M-4637,2023-08-07,VNM
M-4638,2023-08-02,VNM
M-4639,2023-08-01,THA
M-4640,2023-08-04,VNM
M-4641,2023-08-02,VNM
M-4642,2023-08-02,KHM
M-4643,2023-07-31,CHN
M-4644,2023-07-31,THA
M-4645,2023-08-02,THA
M-4646,2023-08-11,VNM
M-4647,2023-08-05,VNM
M-4648,2023-08-11,VNM
M-4649,2023-08-02,VNM
M-4650,2023-08-11,VNM
M-4651,2023-08-05,VNM
M-4652,2023-08-02,VNM
M-4653,2023-08-05,VNM
M-4654,2023-07-31,VNM
M-4655,2023-08-11,THA
M-4656,2023-08-11,THA
M-4657,2023-08-02,VNM
M-4658,2023-08-05,VNM
M-4659,2023-08-11,VNM
M-4660,2023-07-31,KHM
M-4661,2023-08-11,VNM
M-4662,2023-07-31,VNM
M-4663,2023-08-05,VNM
M-4664,2023-07-31,VNM
M-4665,2023-08-05,VNM
M-4666,2023-07-31,VNM
M-4667,2023-08-05,VNM
M-4668,2023-08-11,VNM
M-4669,2023-08-05,VNM
M-4670,2023-08-11,VNM
M-4671,2023-08-09,VNM
M-4672,2023-08-05,VNM
M-4673,2023-08-10,VNM
M-4674,2023-08-11,VNM
M-4675,2023-07-31,VNM
M-4676,2023-08-11,VNM
M-4677,2023-08-02,VNM
M-4678,2023-08-01,VNM
M-4679,2023-07-31,LAO
M-4680,2023-08-09,THA
M-4681,2023-08-01,THA
M-4682,2023-07-31,THA
M-4683,2023-08-02,VNM
M-4684,2023-08-11,VNM
M-4685,2023-08-10,VNM
M-4686,2023-08-04,VNM
M-4687,2023-08-04,VNM
M-4688,2023-08-02,VNM
M-4689,2023-08-05,VNM
M-4690,2023-08-02,VNM
M-4691,2023-08-01,THA
M-4692,2023-07-31,THA
M-4693,2023-08-05,THA
M-4694,2023-07-31,THA
M-4695,2023-08-05,THA
M-4696,2023-08-02,VNM
M-4697,2023-07-31,VNM
M-4698,2023-08-07,VNM
M-4699,2023-08-09,KHM
M-4700,2023-08-11,VNM
M-4701,2023-08-11,VNM
M-4702,2023-08-06,VNM
M-4703,2023-08-11,VNM
M-4704,2023-08-02,VNM
M-4705,2023-08-07,VNM
M-4706,2023-07-31,VNM
M-4707,2023-08-02,VNM
M-4708,2023-07-31,VNM
M-4709,2023-08-02,VNM
M-4710,2023-07-31,VNM
M-4711,2023-08-01,VNM
M-4712,2023-08-09,VNM
M-4713,2023-08-04,VNM
M-4714,2023-07-31,VNM
M-4715,2023-08-05,VNM
M-4716,2023-08-11,VNM
M-4717,2023-08-11,VNM
M-4718,2023-08-01,VNM
M-4719,2023-07-31,VNM
M-4720,2023-08-05,VNM
M-4721,2023-07-31,VNM
M-4722,2023-07-31,LAO
M-4723,2023-08-01,VNM
M-4724,2023-08-09,VNM
M-4725,2023-08-04,VNM
M-4726,2023-07-31,VNM
M-4727,2023-07-31,VNM
M-4728,2023-08-02,VNM
M-4729,2023-08-01,VNM
M-4730,2023-07-31,VNM
M-4731,2023-08-04,VNM
M-4732,2023-08-09,VNM
M-4733,2023-07-31,LAO
M-4734,2023-07-31,VNM
M-4735,2023-08-02,VNM
M-4736,2023-08-07,VNM
M-4737,2023-08-01,VNM
M-4738,2023-07-31,VNM
M-4739,2023-07-31,VNM
M-4740,2023-08-06,VNM
M-4741,2023-08-04,THA
M-4742,2023-07-31,THA
M-4743,2023-08-06,VNM
M-4744,2023-08-05,LAO
M-4745,2023-07-31,LAO
M-4746,2023-08-11,VNM
M-4747,2023-07-31,VNM
M-4748,2023-08-07,VNM
M-4749,2023-08-02,VNM
M-4750,2023-08-01,VNM
M-4751,2023-08-11,LAO
M-4752,2023-08-05,LAO
M-4753,2023-08-01,VNM
M-4754,2023-08-10,VNM
M-4755,2023-08-05,VNM
M-4756,2023-08-01,VNM
M-4757,2023-07-31,VNM
M-4758,2023-08-02,VNM
M-4759,2023-07-31,VNM
M-4760,2023-07-31,CHN
M-4761,2023-08-11,CHN
M-4762,2023-08-06,THA
M-4763,2023-08-11,VNM
M-4764,2023-07-31,VNM
M-4765,2023-08-04,VNM
M-4766,2023-08-09,VNM
M-4767,2023-08-11,VNM
M-4768,2023-07-31,THA
M-4769,2023-08-04,VNM
M-4770,2023-08-06,VNM
M-4771,2023-08-11,VNM
M-4772,2023-08-01,VNM
M-4773,2023-08-02,VNM
M-4774,2023-07-31,VNM
M-4775,2023-08-01,LAO
M-4776,2023-08-11,VNM
M-4777,2023-08-04,VNM
M-4778,2023-08-09,VNM
M-4779,2023-07-31,LAO
M-4780,2023-08-02,VNM
M-4781,2023-08-01,VNM
M-4782,2023-08-11,VNM
M-4783,2023-08-02,VNM
M-4784,2023-08-02,VNM
M-4785,2023-08-02,VNM
M-4786,2023-08-05,VNM
M-4787,2023-07-31,VNM
M-4788,2023-08-06,VNM
M-4789,2023-07-31,THA
M-4790,2023-08-10,THA
M-4791,2023-08-02,VNM
M-4792,2023-08-10,VNM
M-4793,2023-08-01,VNM
M-4794,2023-07-31,VNM
M-4795,2023-08-10,VNM
M-4796,2023-08-02,CHN
M-4797,2023-08-09,VNM
M-4798,2023-08-05,VNM
M-4799,2023-07-31,VNM
M-4800,2023-08-04,VNM
M-4801,2023-08-02,VNM
M-4802,2023-07-31,THA
M-4803,2023-08-02,VNM
M-4804,2023-08-11,VNM
M-4805,2023-08-02,THA
M-4806,2023-08-05,VNM
M-4807,2023-08-02,VNM
M-4808,2023-07-31,VNM
M-4809,2023-08-01,VNM
M-4810,2023-07-31,VNM
M-4811,2023-07-31,VNM
M-4812,2023-08-02,VNM
M-4813,2023-08-04,KHM
M-4814,2023-08-05,VNM
M-4815,2023-08-09,THA
M-4816,2023-07-31,VNM
M-4817,2023-08-11,VNM
M-4818,2023-08-11,VNM
M-4819,2023-07-31,VNM
M-4820,2023-08-01,VNM
M-4821,2023-08-11,VNM
M-4822,2023-07-31,VNM
M-4823,2023-08-04,VNM
M-4824,2023-08-11,KHM
M-4825,2023-08-04,THA
M-4826,2023-08-11,THA
M-4827,2023-08-05,VNM
M-4828,2023-08-02,VNM
M-4829,2023-08-01,VNM
M-4830,2023-07-31,VNM
M-4831,2023-08-05,THA
M-4832,2023-08-01,VNM
M-4833,2023-07-31,VNM
M-4834,2023-08-11,VNM
M-4835,2023-08-05,VNM
M-4836,2023-08-05,VNM
M-4837,2023-08-01,VNM
M-4838,2023-08-06,VNM
M-4839,2023-07-31,VNM
M-4840,2023-08-11,LAO
M-4841,2023-08-06,VNM
M-4842,2023-07-31,VNM
M-4843,2023-08-11,VNM
M-4844,2023-08-11,VNM
M-4845,2023-08-11,VNM
M-4846,2023-08-11,VNM
M-4847,2023-08-11,VNM
M-4848,2023-08-10,VNM
M-4849,2023-07-31,LAO
M-4850,2023-08-01,KHM
M-4851,2023-08-04,VNM
M-4852,2023-08-09,VNM
M-4853,2023-08-01,VNM
M-4854,2023-08-11,VNM
M-4855,2023-08-11,VNM
M-4856,2023-08-11,VNM
M-4857,2023-08-11,VNM
M-4858,2023-08-04,LAO
M-4859,2023-07-31,VNM
M-4860,2023-08-05,CHN
M-4861,2023-08-01,VNM
M-4862,2023-08-01,THA
M-4863,2023-08-10,LAO
M-4864,2023-08-04,VNM
M-4865,2023-07-31,THA
M-4866,2023-08-10,VNM
M-4867,2023-08-02,VNM
M-4868,2023-08-01,VNM
M-4869,2023-07-31,VNM
M-4870,2023-08-05,VNM
M-4871,2023-08-02,VNM
M-4872,2023-08-11,VNM
M-4873,2023-08-09,VNM
M-4874,2023-08-01,LAO
M-4875,2023-08-05,VNM
M-4876,2023-08-05,VNM
M-4877,2023-08-05,VNM
M-4878,2023-07-31,VNM
M-4879,2023-08-01,VNM
M-4880,2023-08-05,VNM
M-4881,2023-08-05,VNM
M-4882,2023-07-31,VNM
M-4883,2023-08-04,VNM
M-4884,2023-08-05,VNM
M-4885,2023-08-11,VNM
M-4886,2023-08-11,VNM
M-4887,2023-08-02,VNM
M-4888,2023-08-06,THA
M-4889,2023-08-02,VNM
M-4890,2023-08-04,VNM
M-4891,2023-08-05,VNM
M-4892,2023-08-01,VNM
M-4893,2023-08-04,VNM
M-4894,2023-08-11,VNM
M-4895,2023-08-01,THA
M-4896,2023-08-05,THA
M-4897,2023-08-10,VNM
M-4898,2023-08-07,VNM
M-4899,2023-08-05,VNM
M-4900,2023-08-11,VNM
M-4901,2023-07-31,VNM
M-4902,2023-08-11,VNM
M-4903,2023-07-31,VNM
M-4904,2023-07-31,VNM
M-4905,2023-08-11,VNM
M-4906,2023-07-31,VNM
M-4907,2023-07-31,VNM
M-4908,2023-07-31,VNM
M-4909,2023-08-04,VNM
M-4910,2023-07-31,VNM
M-4911,2023-08-04,VNM
M-4912,2023-08-11,VNM
M-4913,2023-08-11,VNM
M-4914,2023-08-09,VNM
M-4915,2023-07-31,VNM
M-4916,2023-08-05,VNM
M-4917,2023-07-31,VNM
M-4918,2023-08-11,VNM
M-4919,2023-07-31,VNM
M-4920,2023-08-04,VNM
M-4921,2023-08-11,VNM
M-4922,2023-08-01,VNM
M-4923,2023-08-02,VNM
M-4924,2023-07-31,VNM
M-4925,2023-07-31,VNM
H-1511,2023-08-11,VNM
H-1512,2023-08-11,VNM
H-1513,2023-08-11,KHM
H-1514,2023-08-11,VNM
H-1515,2023-08-11,VNM
H-1516,2023-08-11,VNM
H-1517,2023-08-11,VNM
H-1518,2023-08-11,VNM
H-1519,2023-08-11,VNM
H-1520,2023-08-11,VNM
H-1521,2023-08-11,VNM
H-1522,2023-08-11,KHM
H-1523,2023-08-11,VNM
H-1524,2023-08-11,VNM
H-1525,2023-08-11,VNM
H-1526,2023-08-11,VNM
H-1527,2023-08-11,VNM
H-1528,2023-08-11,VNM
H-1529,2023-08-11,VNM
H-1530,2023-08-11,VNM
H-1531,2023-08-11,VNM
H-1532,2023-08-11,VNM
H-1533,2023-08-11,VNM
H-1534,2023-08-11,THA
H-1535,2023-08-11,VNM
H-1536,2023-08-11,VNM
H-1537,2023-08-11,VNM
H-1538,2023-08-11,THA
H-1539,2023-08-11,VNM
H-1540,2023-08-11,THA
H-1541,2023-08-11,KHM
H-1542,2023-08-11,VNM
H-1543,2023-08-11,VNM
H-1544,2023-08-11,VNM
H-1545,2023-08-11,VNM
H-1546,2023-08-11,VNM
H-1547,2023-08-11,VNM
H-1548,2023-08-11,VNM
H-1549,2023-08-11,VNM
H-1550,2023-08-11,VNM
H-1551,2023-08-11,VNM
H-1552,2023-08-11,VNM
H-1553,2023-08-11,VNM
H-1554,2023-08-11,VNM
H-1555,2023-08-11,VNM
H-1556,2023-08-11,VNM
H-1557,2023-08-11,VNM
H-1558,2023-08-11,VNM
H-1559,2023-08-11,VNM
H-1560,2023-08-11,VNM
H-1561,2023-08-11,VNM
H-1562,2023-08-11,CHN
H-1563,2023-08-11,VNM
H-1564,2023-08-11,VNM
H-1565,2023-08-11,THA
H-1566,2023-08-11,VNM
H-1567,2023-08-11,VNM
H-1568,2023-08-11,VNM
H-1569,2023-08-11,CHN
H-1570,2023-08-11,VNM
H-1571,2023-08-11,VNM
H-1572,2023-08-11,VNM
H-1573,2023-08-11,VNM
H-1574,2023-08-11,VNM
H-1575,2023-08-11,LAO
H-1576,2023-08-11,VNM
H-1577,2023-08-11,VNM
H-1578,2023-08-11,VNM
H-1579,2023-08-11,VNM
H-1580,2023-08-11,VNM
H-1581,2023-08-11,VNM
H-1582,2023-08-11,VNM
H-1583,2023-08-11,VNM
H-1584,2023-08-11,THA
H-1585,2023-08-11,THA
H-1586,2023-08-11,VNM
H-1587,2023-08-11,VNM
H-1588,2023-08-11,VNM
H-1589,2023-08-11,VNM
H-1590,2023-08-11,VNM
H-1591,2023-08-11,KHM
H-1592,2023-08-11,LAO
H-1593,2023-08-11,THA
H-1594,2023-08-11,VNM
H-1595,2023-08-11,VNM
H-1596,2023-08-11,KHM
H-1597,2023-08-11,VNM
H-1598,2023-08-11,VNM
H-1599,2023-08-11,VNM
H-1600,2023-08-11,THA
H-1601,2023-08-11,VNM
H-1602,2023-08-11,VNM
H-1603,2023-08-11,VNM
H-1604,2023-08-11,VNM
H-1605,2023-08-11,VNM
H-1606,2023-08-11,VNM
H-1607,2023-08-11,VNM
H-1608,2023-08-11,VNM
H-1609,2023-08-11,VNM
H-1610,2023-08-11,VNM
H-1611,2023-08-11,LAO
H-1612,2023-08-11,VNM
H-1613,2023-08-11,KHM
H-1614,2023-08-11,VNM
H-1615,2023-08-11,VNM
H-1616,2023-08-11,VNM
H-1617,2023-08-11,VNM
H-1618,2023-08-11,VNM
H-1619,2023-08-11,VNM
H-1620,2023-08-11,VNM
H-1621,2023-08-11,VNM
H-1622,2023-08-11,VNM
H-1623,2023-08-11,THA
H-1624,2023-08-11,VNM
H-1625,2023-08-11,VNM
H-1626,2023-08-11,VNM
H-1627,2023-08-11,VNM
H-1628,2023-08-11,VNM
H-1629,2023-08-11,VNM
H-1630,2023-08-11,LAO
H-1631,2023-08-11,VNM
H-1632,2023-08-11,VNM
H-1633,2023-08-11,VNM
H-1634,2023-08-11,VNM
H-1635,2023-08-11,VNM
H-1636,2023-08-11,VNM
H-1637,2023-08-11,THA
H-1638,2023-08-11,THA
H-1639,2023-08-11,VNM
H-1640,2023-08-11,VNM
H-1641,2023-08-11,VNM
H-1642,2023-08-11,VNM
H-1643,2023-08-11,VNM
H-1644,2023-08-11,VNM
H-1645,2023-08-11,VNM
H-1646,2023-08-11,VNM
H-1647,2023-08-11,VNM
H-1648,2023-08-11,VNM
H-1649,2023-08-11,VNM
H-1650,2023-08-11,VNM
H-1651,2023-08-11,VNM
H-1652,2023-08-11,VNM
H-1653,2023-08-11,VNM
H-1654,2023-08-11,THA
H-1655,2023-08-11,KHM
H-1656,2023-08-11,VNM
H-1657,2023-08-11,CHN
H-1658,2023-08-11,VNM
H-1659,2023-08-11,VNM
H-1660,2023-08-11,VNM
H-1661,2023-08-11,VNM
H-1662,2023-08-11,VNM
H-1663,2023-08-11,VNM
H-1664,2023-08-11,VNM
H-1665,2023-08-11,THA
H-1666,2023-08-11,VNM
H-1667,2023-08-11,VNM
H-1668,2023-08-11,VNM
H-1669,2023-08-11,VNM
H-1670,2023-08-11,VNM
H-1671,2023-08-11,VNM
H-1672,2023-08-11,VNM
H-1673,2023-08-11,THA
H-1674,2023-08-11,VNM
H-1675,2023-08-11,KHM
H-1676,2023-08-11,VNM
H-1677,2023-08-11,VNM
H-1678,2023-08-11,VNM
H-1679,2023-08-11,VNM
H-1680,2023-08-11,VNM
H-1681,2023-08-11,CHN
H-1682,2023-08-11,VNM
M-4926,2023-08-10,VNM
M-4927,2023-08-11,VNM
M-4928,2023-08-02,VNM
M-4929,2023-08-06,LAO
M-4930,2023-08-01,VNM
M-4931,2023-08-02,VNM
M-4932,2023-08-01,VNM
M-4933,2023-08-11,CHN
M-4934,2023-08-05,CHN
M-4935,2023-08-04,VNM
M-4936,2023-08-01,VNM
M-4937,2023-08-01,VNM
M-4938,2023-08-05,VNM
M-4939,2023-08-02,CHN
M-4940,2023-08-11,VNM
M-4941,2023-08-01,VNM
M-4942,2023-08-01,VNM
M-4943,2023-08-11,VNM
M-4944,2023-08-06,VNM
M-4945,2023-08-09,VNM
M-4946,2023-08-04,VNM
M-4947,2023-08-01,VNM
M-4948,2023-08-07,VNM
M-4949,2023-08-05,VNM
M-4950,2023-08-01,VNM
M-4951,2023-08-04,VNM
M-4952,2023-08-07,VNM
M-4953,2023-08-04,VNM
M-4954,2023-07-31,VNM
M-4955,2023-08-01,VNM
M-4956,2023-08-01,VNM
M-4957,2023-08-02,VNM
M-4958,2023-07-31,VNM
M-4959,2023-08-04,VNM
M-4960,2023-08-02,VNM
M-4961,2023-08-04,VNM
M-4962,2023-08-05,VNM
M-4963,2023-08-10,VNM
M-4964,2023-08-09,VNM
M-4965,2023-07-31,VNM
M-4966,2023-08-05,VNM
M-4967,2023-08-11,VNM
M-4968,2023-08-11,VNM
M-4969,2023-08-02,KHM
M-4970,2023-08-01,VNM
M-4971,2023-08-09,KHM
M-4972,2023-07-31,VNM
M-4973,2023-08-04,VNM
M-4974,2023-08-06,VNM
M-4975,2023-08-09,VNM
M-4976,2023-08-05,VNM
M-4977,2023-08-10,THA
M-4978,2023-08-05,KHM
M-4979,2023-07-31,KHM
M-4980,2023-08-04,KHM
M-4981,2023-07-31,VNM
M-4982,2023-07-31,VNM
M-4983,2023-08-07,THA
M-4984,2023-08-05,VNM
M-4985,2023-08-11,LAO
M-4986,2023-08-05,VNM
M-4987,2023-08-11,LAO
M-4988,2023-08-11,LAO
M-4989,2023-08-05,LAO
M-4990,2023-07-31,VNM
M-4991,2023-08-11,VNM
M-4992,2023-08-04,VNM
M-4993,2023-08-06,VNM
M-4994,2023-08-02,LAO
M-4995,2023-08-02,VNM
M-4996,2023-08-02,VNM
M-4997,2023-08-02,VNM
M-4998,2023-07-31,KHM
M-4999,2023-08-11,VNM
M-5000,2023-08-11,VNM
M-5001,2023-08-11,VNM
M-5002,2023-08-11,VNM
M-5003,2023-07-31,KHM
M-5004,2023-08-04,KHM
M-5005,2023-08-09,VNM
M-5006,2023-08-02,VNM
M-5007,2023-07-31,KHM
M-5008,2023-08-06,VNM
M-5009,2023-08-04,LAO
M-5010,2023-08-02,VNM
M-5011,2023-08-11,VNM
M-5012,2023-08-05,VNM
M-5013,2023-08-11,VNM
M-5014,2023-07-31,VNM
M-5015,2023-08-11,VNM
M-5016,2023-08-02,KHM
M-5017,2023-08-04,VNM
M-5018,2023-08-05,VNM
M-5019,2023-08-10,VNM
M-5020,2023-08-11,VNM
M-5021,2023-08-04,KHM
M-5022,2023-08-11,VNM
M-5023,2023-08-11,VNM
M-5024,2023-08-01,THA
M-5025,2023-08-06,VNM
M-5026,2023-07-31,THA
M-5027,2023-08-02,VNM
M-5028,2023-07-31,THA
M-5029,2023-08-06,VNM
M-5030,2023-07-31,VNM
M-5031,2023-08-01,VNM
M-5032,2023-08-10,VNM
M-5033,2023-08-05,VNM
M-5034,2023-08-01,VNM
M-5035,2023-08-11,VNM
M-5036,2023-08-11,VNM
M-5037,2023-08-04,VNM
M-5038,2023-08-07,VNM
M-5039,2023-08-01,VNM
M-5040,2023-08-05,VNM
M-5041,2023-08-01,KHM
M-5042,2023-08-05,VNM
M-5043,2023-08-05,VNM
M-5044,2023-08-05,KHM
M-5045,2023-08-04,VNM
M-5046,2023-08-05,VNM
M-5047,2023-08-11,VNM
M-5048,2023-07-31,VNM
M-5049,2023-07-31,THA
M-5050,2023-08-02,THA
M-5051,2023-08-02,VNM
M-5052,2023-07-31,VNM
M-5053,2023-08-11,VNM
M-5054,2023-08-05,VNM
M-5055,2023-08-02,VNM
M-5056,2023-08-04,VNM
M-5057,2023-08-05,KHM
M-5058,2023-07-31,VNM
M-5059,2023-08-11,THA
M-5060,2023-08-02,VNM
M-5061,2023-08-02,VNM
M-5062,2023-08-11,VNM
M-5063,2023-07-31,VNM
M-5064,2023-08-04,VNM
M-5065,2023-08-05,VNM
M-5066,2023-08-05,VNM
M-5067,2023-08-04,VNM
M-5068,2023-08-05,KHM
M-5069,2023-08-06,KHM
M-5070,2023-08-02,KHM
M-5071,2023-08-05,VNM
M-5072,2023-08-06,VNM
M-5073,2023-07-31,VNM
M-5074,2023-08-06,VNM
M-5075,2023-07-31,VNM
M-5076,2023-08-04,VNM
M-5077,2023-08-11,VNM
M-5078,2023-08-11,VNM
M-5079,2023-08-07,THA
M-5080,2023-08-11,VNM
M-5081,2023-08-06,VNM
M-5082,2023-08-01,VNM
M-5083,2023-08-04,VNM
M-5084,2023-08-01,VNM
M-5085,2023-07-31,VNM
M-5086,2023-08-02,VNM
M-5087,2023-08-01,VNM
M-5088,2023-08-10,VNM
M-5089,2023-08-05,VNM
M-5090,2023-08-10,VNM
M-5091,2023-08-11,VNM
M-5092,2023-08-07,VNM
M-5093,2023-08-09,VNM
M-5094,2023-08-11,VNM
M-5095,2023-08-09,VNM
M-5096,2023-08-01,VNM
M-5097,2023-08-01,VNM
M-5098,2023-08-02,VNM
M-5099,2023-07-31,VNM
M-5100,2023-08-04,VNM
M-5101,2023-08-11,VNM
M-5102,2023-08-05,KHM
M-5103,2023-08-02,VNM
M-5104,2023-08-04,VNM
M-5105,2023-08-01,VNM
M-5106,2023-08-01,VNM
M-5107,2023-08-01,VNM
M-5108,2023-07-31,VNM
M-5109,2023-07-31,VNM
M-5110,2023-08-02,THA
M-5111,2023-08-11,VNM
M-5112,2023-08-11,VNM
M-5113,2023-08-05,VNM
M-5114,2023-07-31,VNM
M-5115,2023-08-01,VNM
M-5116,2023-07-31,VNM
M-5117,2023-07-31,VNM
M-5118,2023-08-01,VNM
M-5119,2023-08-06,CHN
M-5120,2023-08-11,VNM
M-5121,2023-08-01,VNM
M-5122,2023-08-01,THA
M-5123,2023-08-11,KHM
M-5124,2023-07-31,VNM
M-5125,2023-08-02,VNM
M-5126,2023-08-11,VNM
M-5127,2023-07-31,VNM
M-5128,2023-08-01,LAO
M-5129,2023-08-04,LAO
M-5130,2023-08-11,LAO
M-5131,2023-08-10,THA
M-5132,2023-08-01,VNM
M-5133,2023-08-05,VNM
M-5134,2023-08-05,THA
M-5135,2023-08-01,THA
M-5136,2023-08-01,THA
M-5137,2023-08-11,VNM
M-5138,2023-08-11,VNM
M-5139,2023-08-05,VNM
M-5140,2023-08-04,VNM
M-5141,2023-08-11,THA
M-5142,2023-08-07,VNM
M-5143,2023-08-04,VNM
M-5144,2023-08-02,VNM
M-5145,2023-08-06,VNM
M-5146,2023-08-10,VNM
M-5147,2023-07-31,VNM
M-5148,2023-07-31,VNM
M-5149,2023-08-05,KHM
M-5150,2023-08-05,VNM
M-5151,2023-08-11,VNM
M-5152,2023-08-02,VNM
M-5153,2023-08-06,VNM
M-5154,2023-08-02,VNM
M-5155,2023-08-01,VNM
M-5156,2023-08-11,VNM
M-5157,2023-08-11,VNM
M-5158,2023-08-10,VNM
M-5159,2023-07-31,VNM
M-5160,2023-08-11,VNM
M-5161,2023-08-04,VNM
M-5162,2023-08-05,VNM
M-5163,2023-08-06,VNM
M-5164,2023-08-05,VNM
M-5165,2023-08-01,VNM
M-5166,2023-08-04,VNM
M-5167,2023-08-05,VNM
M-5168,2023-08-11,VNM
M-5169,2023-08-01,VNM
M-5170,2023-08-09,VNM
M-5171,2023-08-01,VNM
M-5172,2023-08-09,THA
M-5173,2023-08-01,VNM
M-5174,2023-08-01,VNM
M-5175,2023-08-11,VNM
M-5176,2023-07-31,THA
M-5177,2023-08-01,THA
M-5178,2023-08-11,VNM
M-5179,2023-08-04,LAO
M-5180,2023-07-31,VNM
M-5181,2023-08-11,KHM
M-5182,2023-07-31,VNM
M-5183,2023-08-06,VNM
M-5184,2023-08-11,VNM
M-5185,2023-08-01,VNM
M-5186,2023-08-02,VNM
M-5187,2023-08-04,VNM
M-5188,2023-07-31,VNM
M-5189,2023-08-11,VNM
M-5190,2023-08-07,VNM
M-5191,2023-08-01,VNM
M-5192,2023-08-05,VNM
M-5193,2023-07-31,VNM
M-5194,2023-08-09,VNM
M-5195,2023-08-02,VNM
M-5196,2023-07-31,VNM
M-5197,2023-08-05,VNM
M-5198,2023-08-01,VNM
M-5199,2023-08-07,VNM
M-5200,2023-08-11,VNM
M-5201,2023-08-01,VNM
M-5202,2023-08-02,VNM
M-5203,2023-08-05,VNM
M-5204,2023-08-04,VNM
M-5205,2023-08-04,VNM
M-5206,2023-08-11,VNM
M-5207,2023-07-31,THA
M-5208,2023-08-09,THA
M-5209,2023-08-05,LAO
M-5210,2023-07-31,VNM
M-5211,2023-08-02,VNM
M-5212,2023-07-31,VNM
M-5213,2023-08-01,VNM
M-5214,2023-07-31,VNM
M-5215,2023-08-05,VNM
M-5216,2023-08-06,VNM
M-5217,2023-08-11,LAO
M-5218,2023-08-11,VNM
M-5219,2023-08-10,VNM
M-5220,2023-08-05,VNM
M-5221,2023-08-01,VNM
M-5222,2023-08-11,VNM
M-5223,2023-08-11,VNM
M-5224,2023-08-10,VNM
M-5225,2023-08-05,VNM
M-5226,2023-08-01,VNM
M-5227,2023-08-05,THA
M-5228,2023-08-05,VNM
M-5229,2023-08-06,VNM
M-5230,2023-07-31,VNM
M-5231,2023-08-10,CHN
M-5232,2023-08-04,VNM
M-5233,2023-08-01,VNM
M-5234,2023-08-01,VNM
M-5235,2023-07-31,VNM
M-5236,2023-08-11,VNM
M-5237,2023-07-31,VNM
M-5238,2023-07-31,VNM
M-5239,2023-08-07,VNM
M-5240,2023-08-05,VNM
M-5241,2023-08-11,VNM
M-5242,2023-08-05,THA
M-5243,2023-08-11,THA
M-5244,2023-08-02,KHM
M-5245,2023-08-11,KHM
M-5246,2023-08-05,VNM
M-5247,2023-08-05,VNM
M-5248,2023-08-01,VNM
M-5249,2023-08-01,VNM
M-5250,2023-08-05,VNM
M-5251,2023-08-02,VNM
M-5252,2023-08-05,THA
M-5253,2023-07-31,VNM
M-5254,2023-08-11,VNM
M-5255,2023-08-10,VNM
M-5256,2023-08-10,VNM
M-5257,2023-08-01,VNM
M-5258,2023-08-09,VNM
M-5259,2023-07-31,VNM
M-5260,2023-08-10,VNM
M-5261,2023-08-04,VNM
M-5262,2023-08-11,VNM
M-5263,2023-08-09,VNM
M-5264,2023-08-04,VNM
M-5265,2023-08-05,VNM
M-5266,2023-08-07,VNM
M-5267,2023-08-04,VNM
M-5268,2023-08-01,VNM
M-5269,2023-08-11,VNM
M-5270,2023-08-07,VNM
M-5271,2023-08-11,THA
M-5272,2023-08-05,VNM
M-5273,2023-08-02,VNM
M-5274,2023-08-02,VNM
M-5275,2023-08-01,VNM
M-5276,2023-08-01,VNM
M-5277,2023-07-31,VNM
M-5278,2023-08-07,VNM
M-5279,2023-08-10,VNM
M-5280,2023-07-31,VNM
M-5281,2023-08-05,VNM
M-5282,2023-08-04,VNM
M-5283,2023-08-01,VNM
M-5284,2023-08-10,VNM
M-5285,2023-07-31,VNM
M-5286,2023-08-01,VNM
M-5287,2023-08-10,VNM
M-5288,2023-07-31,LAO
M-5289,2023-08-04,KHM
M-5290,2023-08-01,KHM
M-5291,2023-07-31,VNM
M-5292,2023-08-02,VNM
M-5293,2023-08-02,LAO
M-5294,2023-08-02,VNM
M-5295,2023-08-11,VNM
M-5296,2023-08-09,VNM
M-5297,2023-07-31,VNM
M-5298,2023-08-04,VNM
M-5299,2023-07-31,VNM
M-5300,2023-08-09,VNM
M-5301,2023-08-11,VNM
M-5302,2023-08-06,KHM
M-5303,2023-08-01,KHM
M-5304,2023-08-11,LAO
M-5305,2023-08-02,LAO
M-5306,2023-07-31,LAO
M-5307,2023-08-02,VNM
M-5308,2023-08-11,VNM
M-5309,2023-08-01,VNM
M-5310,2023-08-05,VNM
M-5311,2023-07-31,THA
M-5312,2023-08-05,THA
M-5313,2023-08-05,THA
M-5314,2023-08-07,THA
M-5315,2023-08-05,THA
M-5316,2023-08-11,VNM
M-5317,2023-07-31,THA
M-5318,2023-08-05,THA
M-5319,2023-08-01,VNM
M-5320,2023-08-04,VNM
M-5321,2023-08-10,VNM
M-5322,2023-08-01,VNM
M-5323,2023-08-07,VNM
M-5324,2023-08-01,VNM
M-5325,2023-08-05,VNM
M-5326,2023-08-04,VNM
M-5327,2023-08-05,VNM
M-5328,2023-08-01,VNM
M-5329,2023-08-11,VNM
M-5330,2023-08-11,VNM
M-5331,2023-08-10,VNM
M-5332,2023-08-01,VNM
M-5333,2023-07-31,VNM
M-5334,2023-08-05,VNM
M-5335,2023-08-05,VNM
M-5336,2023-08-05,VNM
M-5337,2023-08-07,VNM
M-5338,2023-08-02,VNM
M-5339,2023-08-04,VNM
M-5340,2023-08-04,KHM
M-5341,2023-08-04,VNM
M-5342,2023-08-04,VNM
M-5343,2023-08-06,VNM
M-5344,2023-07-31,VNM
M-5345,2023-08-01,THA
M-5346,2023-08-11,VNM
M-5347,2023-08-07,VNM
M-5348,2023-08-11,VNM
M-5349,2023-08-07,VNM
M-5350,2023-08-11,VNM
M-5351,2023-08-09,VNM
M-5352,2023-08-05,THA
M-5353,2023-07-31,VNM
M-5354,2023-08-11,VNM
M-5355,2023-07-31,VNM
M-5356,2023-08-11,VNM
M-5357,2023-08-11,VNM
M-5358,2023-08-02,VNM
M-5359,2023-08-01,VNM
M-5360,2023-07-31,VNM
M-5361,2023-08-05,VNM
M-5362,2023-08-02,VNM
M-5363,2023-08-07,VNM
M-5364,2023-08-05,VNM
M-5365,2023-08-10,VNM
M-5366,2023-08-11,VNM
M-5367,2023-08-04,VNM
M-5368,2023-08-05,VNM
M-5369,2023-08-05,VNM
M-5370,2023-07-31,VNM
M-5371,2023-07-31,VNM
M-5372,2023-08-02,THA
M-5373,2023-08-11,THA
M-5374,2023-08-11,LAO
M-5375,2023-07-31,VNM
M-5376,2023-08-01,VNM
M-5377,2023-08-11,VNM
M-5378,2023-08-01,VNM
M-5379,2023-08-05,VNM
M-5380,2023-07-31,VNM
M-5381,2023-07-31,VNM
M-5382,2023-08-01,VNM
M-5383,2023-08-01,VNM
M-5384,2023-08-11,VNM
M-5385,2023-07-31,VNM
M-5386,2023-08-05,VNM
M-5387,2023-08-11,VNM
M-5388,2023-08-01,VNM
M-5389,2023-08-11,VNM
M-5390,2023-08-04,KHM
M-5391,2023-08-04,KHM
M-5392,2023-08-06,VNM
M-5393,2023-08-02,VNM
M-5394,2023-08-02,VNM
M-5395,2023-08-10,THA
M-5396,2023-08-05,VNM
M-5397,2023-08-02,VNM
M-5398,2023-08-05,VNM
H-1683,2023-08-11,VNM
H-1684,2023-08-11,VNM
H-1685,2023-08-11,VNM
H-1686,2023-08-11,VNM
H-1687,2023-08-11,VNM
H-1688,2023-08-11,VNM
H-1689,2023-08-11,VNM
H-1690,2023-08-11,VNM
H-1691,2023-08-11,VNM
H-1692,2023-08-11,VNM
H-1693,2023-08-11,VNM
H-1694,2023-08-11,VNM
H-1695,2023-08-11,VNM
H-1696,2023-08-11,VNM
H-1697,2023-08-11,VNM
H-1698,2023-08-11,VNM
H-1699,2023-08-11,VNM
H-1700,2023-08-11,VNM
H-1701,2023-08-11,VNM
H-1702,2023-08-11,VNM
H-1703,2023-08-11,VNM
H-1704,2023-08-11,VNM
H-1705,2023-08-11,VNM
H-1706,2023-08-11,VNM
H-1707,2023-08-11,VNM
H-1708,2023-08-11,VNM
H-1709,2023-08-11,VNM
H-1710,2023-08-11,KHM
H-1711,2023-08-11,THA
H-1712,2023-08-11,VNM
H-1713,2023-08-11,KHM
H-1714,2023-08-11,VNM
H-1715,2023-08-11,VNM
H-1716,2023-08-11,VNM
H-1717,2023-08-11,KHM
H-1718,2023-08-11,VNM
H-1719,2023-08-11,VNM
H-1720,2023-08-11,VNM
H-1721,2023-08-11,VNM
H-1722,2023-08-11,VNM
H-1723,2023-08-11,KHM
H-1724,2023-08-11,VNM
H-1725,2023-08-11,VNM
H-1726,2023-08-11,LAO
H-1727,2023-08-11,VNM
H-1728,2023-08-11,VNM
H-1729,2023-08-11,VNM
H-1730,2023-08-11,THA
H-1731,2023-08-11,VNM
H-1732,2023-08-11,VNM
H-1733,2023-08-11,VNM
H-1734,2023-08-11,VNM
H-1735,2023-08-11,CHN
H-1736,2023-08-11,KHM
H-1737,2023-08-11,CHN
H-1738,2023-08-11,VNM
H-1739,2023-08-11,VNM
H-1740,2023-08-11,VNM
H-1741,2023-08-11,CHN
H-1742,2023-08-11,KHM
H-1743,2023-08-11,VNM
H-1744,2023-08-11,VNM
H-1745,2023-08-11,VNM
H-1746,2023-08-11,VNM
H-1747,2023-08-11,CHN
H-1748,2023-08-11,VNM
H-1749,2023-08-11,VNM
H-1750,2023-08-11,VNM
H-1751,2023-08-11,VNM
H-1752,2023-08-11,LAO
H-1753,2023-08-11,VNM
H-1754,2023-08-11,VNM
H-1755,2023-08-11,VNM
H-1756,2023-08-11,LAO
H-1757,2023-08-11,VNM
H-1758,2023-08-11,VNM
H-1759,2023-08-11,VNM
H-1760,2023-08-11,VNM
H-1761,2023-08-11,VNM
H-1762,2023-08-11,VNM
H-1763,2023-08-11,VNM
H-1764,2023-08-11,VNM
H-1765,2023-08-11,CHN
H-1766,2023-08-11,VNM
H-1767,2023-08-11,VNM
H-1768,2023-08-11,VNM
H-1769,2023-08-11,VNM
H-1770,2023-08-11,KHM
H-1771,2023-08-11,VNM
H-1772,2023-08-11,VNM
H-1773,2023-08-11,VNM
H-1774,2023-08-11,VNM
H-1775,2023-08-11,VNM
H-1776,2023-08-11,LAO
H-1777,2023-08-11,VNM
H-1778,2023-08-11,VNM
H-1779,2023-08-11,VNM
H-1780,2023-08-11,VNM
H-1781,2023-08-11,THA
H-1782,2023-08-11,VNM
H-1783,2023-08-11,VNM
H-1784,2023-08-11,VNM
H-1785,2023-08-11,VNM
H-1786,2023-08-11,VNM
H-1787,2023-08-11,VNM
H-1788,2023-08-11,VNM
H-1789,2023-08-11,VNM
H-1790,2023-08-11,VNM
H-1791,2023-08-11,VNM
H-1792,2023-08-11,VNM
H-1793,2023-08-11,VNM
H-1794,2023-08-11,VNM
H-1795,2023-08-11,VNM
H-1796,2023-08-11,VNM
H-1797,2023-08-11,VNM
H-1798,2023-08-11,VNM
H-1799,2023-08-11,VNM
H-1800,2023-08-11,VNM
H-1801,2023-08-11,VNM
H-1802,2023-08-11,VNM
H-1803,2023-08-11,CHN
H-1804,2023-08-11,KHM
H-1805,2023-08-11,VNM
H-1806,2023-08-11,CHN
H-1807,2023-08-11,VNM
H-1808,2023-08-11,VNM
H-1809,2023-08-11,THA
H-1810,2023-08-11,VNM
H-1811,2023-08-11,VNM
H-1812,2023-08-11,VNM
H-1813,2023-08-11,THA
H-1814,2023-08-11,KHM
H-1815,2023-08-11,KHM
H-1816,2023-08-11,VNM
H-1817,2023-08-11,VNM
H-1818,2023-08-11,VNM
H-1819,2023-08-11,VNM
H-1820,2023-08-11,THA
H-1821,2023-08-11,VNM
H-1822,2023-08-11,VNM
H-1823,2023-08-11,VNM
H-1824,2023-08-11,VNM
H-1825,2023-08-11,KHM
H-1826,2023-08-11,VNM
H-1827,2023-08-11,THA
H-1828,2023-08-11,VNM
H-1829,2023-08-11,VNM
H-1830,2023-08-11,VNM
H-1831,2023-08-11,VNM
H-1832,2023-08-11,VNM
H-1833,2023-08-11,VNM
H-1834,2023-08-11,VNM
H-1835,2023-08-11,VNM
H-1836,2023-08-11,VNM
H-1837,2023-08-11,VNM
H-1838,2023-08-11,VNM
H-1839,2023-08-11,CHN
H-1840,2023-08-11,VNM
H-1841,2023-08-11,VNM
H-1842,2023-08-11,THA
H-1843,2023-08-11,VNM
H-1844,2023-08-11,CHN
H-1845,2023-08-11,VNM
H-1846,2023-08-11,VNM
H-1847,2023-08-11,KHM
H-1848,2023-08-11,VNM
H-1849,2023-08-11,VNM
H-1850,2023-08-11,KHM
H-1851,2023-08-11,VNM
H-1852,2023-08-11,VNM
H-1853,2023-08-11,LAO
H-1854,2023-08-11,VNM
H-1855,2023-08-11,VNM
H-1856,2023-08-11,THA
H-1857,2023-08-11,VNM
H-1858,2023-08-11,VNM
H-1859,2023-08-11,LAO
H-1860,2023-08-11,VNM
H-1861,2023-08-11,VNM
H-1862,2023-08-11,VNM
M-5399,2023-08-04,VNM
M-5400,2023-08-06,VNM
M-5401,2023-08-02,VNM
M-5402,2023-08-11,VNM
M-5403,2023-08-06,LAO
M-5404,2023-08-05,VNM
M-5405,2023-08-07,VNM
M-5406,2023-08-01,VNM
M-5407,2023-08-11,VNM
M-5408,2023-08-02,VNM
M-5409,2023-08-02,VNM
M-5410,2023-08-05,CHN
M-5411,2023-08-01,CHN
M-5412,2023-08-06,VNM
M-5413,2023-08-11,VNM
M-5414,2023-08-05,THA
M-5415,2023-08-11,VNM
M-5416,2023-08-02,VNM
M-5417,2023-08-07,VNM
M-5418,2023-08-11,VNM
M-5419,2023-08-09,VNM
M-5420,2023-08-02,THA
M-5421,2023-08-05,THA
M-5422,2023-08-04,THA
M-5423,2023-08-11,VNM
M-5424,2023-08-07,VNM
M-5425,2023-08-11,VNM
M-5426,2023-08-01,VNM
M-5427,2023-08-02,VNM
M-5428,2023-08-07,VNM
M-5429,2023-08-02,CHN
M-5430,2023-08-02,VNM
M-5431,2023-08-06,VNM
M-5432,2023-08-11,VNM
M-5433,2023-08-06,VNM
M-5434,2023-08-04,VNM
M-5435,2023-08-05,LAO
M-5436,2023-08-02,VNM
M-5437,2023-08-11,VNM
M-5438,2023-08-01,VNM
M-5439,2023-08-02,VNM
M-5440,2023-08-04,VNM
M-5441,2023-08-01,VNM
M-5442,2023-08-11,VNM
M-5443,2023-08-04,VNM
M-5444,2023-08-11,VNM
M-5445,2023-08-05,VNM
M-5446,2023-08-11,VNM
M-5447,2023-08-01,VNM
M-5448,2023-08-05,VNM
M-5449,2023-08-11,VNM
M-5450,2023-08-04,VNM
M-5451,2023-08-06,VNM
M-5452,2023-08-07,VNM
M-5453,2023-08-05,VNM
M-5454,2023-08-09,VNM
M-5455,2023-08-07,VNM
M-5456,2023-08-02,VNM
M-5457,2023-08-02,VNM
M-5458,2023-08-05,KHM
M-5459,2023-08-01,KHM
M-5460,2023-08-02,KHM
M-5461,2023-08-01,VNM
M-5462,2023-08-11,VNM
M-5463,2023-08-05,VNM
M-5464,2023-08-01,VNM
M-5465,2023-08-04,KHM
M-5466,2023-08-11,KHM
M-5467,2023-08-05,KHM
M-5468,2023-08-04,VNM
M-5469,2023-08-04,VNM
M-5470,2023-08-02,VNM
M-5471,2023-08-05,VNM
M-5472,2023-08-11,VNM
M-5473,2023-08-11,THA
M-5474,2023-08-02,THA
M-5475,2023-08-10,VNM
M-5476,2023-08-01,VNM
M-5477,2023-08-11,VNM
M-5478,2023-08-05,VNM
M-5479,2023-08-10,VNM
M-5480,2023-08-01,VNM
M-5481,2023-08-05,CHN
M-5482,2023-08-11,KHM
M-5483,2023-08-11,KHM
M-5484,2023-08-02,VNM
M-5485,2023-08-05,VNM
M-5486,2023-08-05,VNM
M-5487,2023-08-01,LAO
M-5488,2023-08-11,LAO
M-5489,2023-08-09,VNM
M-5490,2023-08-11,VNM
M-5491,2023-08-11,VNM
M-5492,2023-08-11,VNM
M-5493,2023-08-01,VNM
M-5494,2023-08-10,VNM
M-5495,2023-08-02,LAO
M-5496,2023-08-05,VNM
M-5497,2023-08-01,VNM
M-5498,2023-08-04,VNM
M-5499,2023-08-04,VNM
M-5500,2023-08-01,VNM
M-5501,2023-08-10,VNM
M-5502,2023-08-06,VNM
M-5503,2023-08-11,VNM
M-5504,2023-08-07,VNM
M-5505,2023-08-05,KHM
M-5506,2023-08-11,VNM
M-5507,2023-08-01,VNM
M-5508,2023-08-11,VNM
M-5509,2023-08-07,VNM
M-5510,2023-08-04,VNM
M-5511,2023-08-04,VNM
M-5512,2023-08-02,VNM
M-5513,2023-08-09,VNM
M-5514,2023-08-09,VNM
M-5515,2023-08-01,LAO
M-5516,2023-08-07,VNM
M-5517,2023-08-02,VNM
M-5518,2023-08-04,VNM
M-5519,2023-08-04,VNM
M-5520,2023-08-04,VNM
M-5521,2023-08-05,VNM
M-5522,2023-08-05,VNM
M-5523,2023-08-05,VNM
M-5524,2023-08-05,VNM
M-5525,2023-08-11,VNM
M-5526,2023-08-11,VNM
M-5527,2023-08-05,VNM
M-5528,2023-08-01,VNM
M-5529,2023-08-10,VNM
M-5530,2023-08-04,VNM
M-5531,2023-08-11,VNM
M-5532,2023-08-05,VNM
M-5533,2023-08-04,THA
M-5534,2023-08-11,KHM
M-5535,2023-08-04,VNM
M-5536,2023-08-05,VNM
M-5537,2023-08-02,VNM
M-5538,2023-08-05,VNM
M-5539,2023-08-02,KHM
M-5540,2023-08-11,LAO
M-5541,2023-08-05,VNM
M-5542,2023-08-11,VNM
M-5543,2023-08-01,VNM
M-5544,2023-08-10,VNM
M-5545,2023-08-04,VNM
M-5546,2023-08-06,VNM
M-5547,2023-08-11,VNM
M-5548,2023-08-01,VNM
M-5549,2023-08-11,VNM
M-5550,2023-08-11,VNM
M-5551,2023-08-11,VNM
M-5552,2023-08-02,VNM
M-5553,2023-08-05,THA
M-5554,2023-08-07,VNM
M-5555,2023-08-05,LAO
M-5556,2023-08-02,VNM
M-5557,2023-08-06,VNM
M-5558,2023-08-10,VNM
M-5559,2023-08-06,VNM
M-5560,2023-08-09,VNM
M-5561,2023-08-05,LAO
M-5562,2023-08-11,VNM
M-5563,2023-08-05,VNM
M-5564,2023-08-05,VNM
M-5565,2023-08-04,VNM
M-5566,2023-08-04,VNM
M-5567,2023-08-01,VNM
M-5568,2023-08-11,VNM
M-5569,2023-08-01,VNM
M-5570,2023-08-11,VNM
M-5571,2023-08-11,VNM
M-5572,2023-08-01,VNM
M-5573,2023-08-05,KHM
M-5574,2023-08-01,LAO
M-5575,2023-08-02,VNM
M-5576,2023-08-11,VNM
M-5577,2023-08-04,VNM
M-5578,2023-08-04,VNM
M-5579,2023-08-05,VNM
M-5580,2023-08-07,VNM
M-5581,2023-08-07,VNM
M-5582,2023-08-04,VNM
M-5583,2023-08-09,VNM
M-5584,2023-08-05,THA
M-5585,2023-08-05,VNM
M-5586,2023-08-11,VNM
M-5587,2023-08-02,VNM
M-5588,2023-08-09,VNM
M-5589,2023-08-11,VNM
M-5590,2023-08-02,VNM
M-5591,2023-08-06,VNM
M-5592,2023-08-02,VNM
M-5593,2023-08-05,VNM
M-5594,2023-08-11,VNM
M-5595,2023-08-01,VNM
M-5596,2023-08-11,VNM
M-5597,2023-08-10,KHM
M-5598,2023-08-11,VNM
M-5599,2023-08-11,KHM
M-5600,2023-08-01,VNM
M-5601,2023-08-02,VNM
M-5602,2023-08-01,VNM
M-5603,2023-08-11,VNM
M-5604,2023-08-02,KHM
M-5605,2023-08-01,VNM
M-5606,2023-08-01,VNM
M-5607,2023-08-04,VNM
M-5608,2023-08-09,VNM
M-5609,2023-08-01,VNM
M-5610,2023-08-04,VNM
M-5611,2023-08-05,VNM
M-5612,2023-08-02,THA
M-5613,2023-08-01,VNM
M-5614,2023-08-04,VNM
M-5615,2023-08-05,VNM
M-5616,2023-08-01,VNM
M-5617,2023-08-02,VNM
M-5618,2023-08-11,THA
M-5619,2023-08-06,LAO
M-5620,2023-08-07,VNM
M-5621,2023-08-11,VNM
M-5622,2023-08-11,VNM
M-5623,2023-08-09,VNM
M-5624,2023-08-11,VNM
M-5625,2023-08-09,VNM
M-5626,2023-08-11,VNM
M-5627,2023-08-11,LAO
M-5628,2023-08-06,VNM
M-5629,2023-08-01,VNM
M-5630,2023-08-01,VNM
M-5631,2023-08-02,KHM
M-5632,2023-08-05,KHM
M-5633,2023-08-05,KHM
M-5634,2023-08-05,VNM
M-5635,2023-08-04,VNM
M-5636,2023-08-05,VNM
M-5637,2023-08-11,VNM
M-5638,2023-08-05,THA
M-5639,2023-08-04,VNM
M-5640,2023-08-05,VNM
M-5641,2023-08-06,VNM
M-5642,2023-08-05,VNM
M-5643,2023-08-05,VNM
M-5644,2023-08-05,VNM
M-5645,2023-08-06,VNM
M-5646,2023-08-01,VNM
M-5647,2023-08-04,VNM
M-5648,2023-08-11,CHN
M-5649,2023-08-11,VNM
M-5650,2023-08-04,THA
M-5651,2023-08-11,THA
M-5652,2023-08-05,VNM
M-5653,2023-08-01,CHN
M-5654,2023-08-02,THA
M-5655,2023-08-05,THA
M-5656,2023-08-05,VNM
M-5657,2023-08-09,VNM
M-5658,2023-08-11,THA
M-5659,2023-08-05,VNM
M-5660,2023-08-01,VNM
M-5661,2023-08-05,VNM
M-5662,2023-08-11,VNM
M-5663,2023-08-11,VNM
M-5664,2023-08-11,VNM
M-5665,2023-08-01,VNM
M-5666,2023-08-07,VNM
M-5667,2023-08-11,VNM
M-5668,2023-08-02,VNM
M-5669,2023-08-01,VNM
M-5670,2023-08-01,THA
M-5671,2023-08-11,KHM
M-5672,2023-08-01,VNM
M-5673,2023-08-01,VNM
M-5674,2023-08-11,VNM
M-5675,2023-08-11,THA
M-5676,2023-08-01,THA
M-5677,2023-08-04,THA
M-5678,2023-08-09,VNM
M-5679,2023-08-04,KHM
M-5680,2023-08-01,VNM
M-5681,2023-08-11,VNM
M-5682,2023-08-11,VNM
M-5683,2023-08-11,VNM
M-5684,2023-08-11,VNM
M-5685,2023-08-01,VNM
M-5686,2023-08-07,VNM
M-5687,2023-08-09,VNM
M-5688,2023-08-10,VNM
M-5689,2023-08-11,VNM
M-5690,2023-08-05,VNM
M-5691,2023-08-10,VNM
M-5692,2023-08-05,VNM
M-5693,2023-08-02,VNM
M-5694,2023-08-02,VNM
M-5695,2023-08-01,LAO
M-5696,2023-08-10,LAO
M-5697,2023-08-01,VNM
M-5698,2023-08-01,VNM
M-5699,2023-08-02,LAO
M-5700,2023-08-07,VNM
M-5701,2023-08-02,VNM
M-5702,2023-08-10,VNM
M-5703,2023-08-11,VNM
M-5704,2023-08-05,THA
M-5705,2023-08-11,VNM
M-5706,2023-08-11,VNM
M-5707,2023-08-11,THA
M-5708,2023-08-01,THA
M-5709,2023-08-09,VNM
M-5710,2023-08-11,LAO
M-5711,2023-08-05,VNM
M-5712,2023-08-01,KHM
M-5713,2023-08-10,VNM
M-5714,2023-08-11,VNM
M-5715,2023-08-05,VNM
M-5716,2023-08-10,VNM
M-5717,2023-08-01,VNM
M-5718,2023-08-02,VNM
M-5719,2023-08-01,VNM
M-5720,2023-08-05,LAO
M-5721,2023-08-04,VNM
M-5722,2023-08-11,VNM
M-5723,2023-08-11,KHM
M-5724,2023-08-02,VNM
M-5725,2023-08-11,VNM
M-5726,2023-08-01,VNM
M-5727,2023-08-05,VNM
M-5728,2023-08-11,VNM
M-5729,2023-08-02,VNM
M-5730,2023-08-04,VNM
M-5731,2023-08-01,VNM
M-5732,2023-08-11,VNM
M-5733,2023-08-07,VNM
M-5734,2023-08-11,VNM
M-5735,2023-08-11,VNM
M-5736,2023-08-10,VNM
M-5737,2023-08-02,VNM
M-5738,2023-08-11,VNM
M-5739,2023-08-05,THA
M-5740,2023-08-10,VNM
M-5741,2023-08-02,THA
M-5742,2023-08-07,THA
M-5743,2023-08-01,VNM
M-5744,2023-08-01,VNM
M-5745,2023-08-11,VNM
M-5746,2023-08-05,VNM
M-5747,2023-08-11,THA
M-5748,2023-08-02,VNM
M-5749,2023-08-04,VNM
M-5750,2023-08-02,VNM
M-5751,2023-08-10,VNM
M-5752,2023-08-05,LAO
M-5753,2023-08-05,LAO
M-5754,2023-08-11,VNM
M-5755,2023-08-05,VNM
M-5756,2023-08-02,VNM
M-5757,2023-08-04,VNM
M-5758,2023-08-04,VNM
M-5759,2023-08-06,VNM
M-5760,2023-08-11,VNM
M-5761,2023-08-01,VNM
M-5762,2023-08-06,VNM
M-5763,2023-08-11,VNM
M-5764,2023-08-04,VNM
M-5765,2023-08-05,VNM
M-5766,2023-08-10,VNM
M-5767,2023-08-05,VNM
M-5768,2023-08-01,VNM
M-5769,2023-08-11,VNM
M-5770,2023-08-11,VNM
M-5771,2023-08-04,VNM
M-5772,2023-08-05,VNM
M-5773,2023-08-01,VNM
M-5774,2023-08-11,VNM
M-5775,2023-08-04,VNM
M-5776,2023-08-10,THA
M-5777,2023-08-05,THA
M-5778,2023-08-11,VNM
M-5779,2023-08-05,VNM
M-5780,2023-08-05,VNM
M-5781,2023-08-07,THA
M-5782,2023-08-11,THA
M-5783,2023-08-04,VNM
M-5784,2023-08-02,VNM
M-5785,2023-08-01,VNM
M-5786,2023-08-02,VNM
M-5787,2023-08-05,VNM
M-5788,2023-08-11,VNM
M-5789,2023-08-11,VNM
M-5790,2023-08-11,KHM
M-5791,2023-08-01,VNM
M-5792,2023-08-07,VNM
M-5793,2023-08-07,VNM
M-5794,2023-08-11,VNM
M-5795,2023-08-05,VNM
M-5796,2023-08-01,THA
M-5797,2023-08-01,VNM
M-5798,2023-08-07,VNM
M-5799,2023-08-01,VNM
M-5800,2023-08-04,VNM
M-5801,2023-08-10,VNM
M-5802,2023-08-04,VNM
M-5803,2023-08-11,VNM
M-5804,2023-08-02,VNM
M-5805,2023-08-04,VNM
M-5806,2023-08-02,VNM
M-5807,2023-08-04,VNM
M-5808,2023-08-11,VNM
M-5809,2023-08-06,VNM
M-5810,2023-08-11,VNM
M-5811,2023-08-07,VNM
M-5812,2023-08-02,VNM
M-5813,2023-08-11,VNM
M-5814,2023-08-01,VNM
M-5815,2023-08-05,VNM
M-5816,2023-08-01,VNM
M-5817,2023-08-09,VNM
M-5818,2023-08-01,VNM
M-5819,2023-08-04,VNM
M-5820,2023-08-05,VNM
M-5821,2023-08-11,VNM
M-5822,2023-08-02,VNM
M-5823,2023-08-05,VNM
M-5824,2023-08-10,VNM
M-5825,2023-08-11,VNM
M-5826,2023-08-05,LAO
M-5827,2023-08-11,VNM
M-5828,2023-08-11,VNM
M-5829,2023-08-02,VNM
M-5830,2023-08-02,VNM
M-5831,2023-08-11,VNM
M-5832,2023-08-04,VNM
M-5833,2023-08-11,VNM
M-5834,2023-08-11,VNM
M-5835,2023-08-11,VNM
M-5836,2023-08-07,KHM
M-5837,2023-08-11,VNM
M-5838,2023-08-06,LAO
M-5839,2023-08-09,VNM
M-5840,2023-08-02,VNM
M-5841,2023-08-06,CHN
M-5842,2023-08-02,VNM
M-5843,2023-08-01,VNM
M-5844,2023-08-11,VNM
M-5845,2023-08-07,VNM
M-5846,2023-08-05,THA
M-5847,2023-08-05,VNM
M-5848,2023-08-01,VNM
M-5849,2023-08-01,THA
M-5850,2023-08-05,THA
M-5851,2023-08-11,VNM
M-5852,2023-08-01,VNM
M-5853,2023-08-11,VNM
M-5854,2023-08-05,VNM
M-5855,2023-08-11,VNM
M-5856,2023-08-11,VNM
M-5857,2023-08-11,VNM
M-5858,2023-08-11,VNM
M-5859,2023-08-10,VNM
M-5860,2023-08-09,VNM
M-5861,2023-08-07,VNM
M-5862,2023-08-04,LAO
M-5863,2023-08-04,LAO
M-5864,2023-08-01,VNM
M-5865,2023-08-07,VNM
M-5866,2023-08-07,VNM
M-5867,2023-08-05,VNM
M-5868,2023-08-06,VNM
M-5869,2023-08-05,VNM
M-5870,2023-08-04,VNM
M-5871,2023-08-04,VNM
M-5872,2023-08-06,VNM
M-5873,2023-08-07,VNM
M-5874,2023-08-09,VNM
M-5875,2023-08-02,VNM
M-5876,2023-08-11,VNM
M-5877,2023-08-01,VNM
M-5878,2023-08-05,VNM
M-5879,2023-08-05,VNM
M-5880,2023-08-11,VNM
M-5881,2023-08-07,VNM
M-5882,2023-08-11,VNM
M-5883,2023-08-04,VNM
M-5884,2023-08-04,VNM
M-5885,2023-08-11,VNM
M-5886,2023-08-09,VNM
M-5887,2023-08-05,VNM
M-5888,2023-08-11,VNM
M-5889,2023-08-09,VNM
M-5890,2023-08-04,VNM
M-5891,2023-08-01,VNM
M-5892,2023-08-11,VNM
M-5893,2023-08-04,VNM
M-5894,2023-08-10,VNM
M-5895,2023-08-06,VNM
M-5896,2023-08-04,THA
M-5897,2023-08-01,THA
M-5898,2023-08-07,VNM
M-5899,2023-08-01,VNM
M-5900,2023-08-01,VNM
M-5901,2023-08-04,VNM
M-5902,2023-08-01,VNM
M-5903,2023-08-05,VNM
M-5904,2023-08-11,VNM
M-5905,2023-08-01,VNM
M-5906,2023-08-11,VNM
M-5907,2023-08-02,VNM
M-5908,2023-08-02,VNM
M-5909,2023-08-05,VNM
M-5910,2023-08-04,VNM
M-5911,2023-08-01,VNM
M-5912,2023-08-01,VNM
M-5913,2023-08-06,VNM
M-5914,2023-08-11,VNM
M-5915,2023-08-01,VNM
M-5916,2023-08-05,VNM
M-5917,2023-08-09,VNM
M-5918,2023-08-11,VNM
M-5919,2023-08-05,VNM
M-5920,2023-08-04,VNM
M-5921,2023-08-09,VNM
M-5922,2023-08-02,VNM
M-5923,2023-08-11,VNM
M-5924,2023-08-11,VNM
M-5925,2023-08-01,VNM
M-5926,2023-08-01,VNM
M-5927,2023-08-02,VNM
M-5928,2023-08-01,VNM
M-5929,2023-08-04,VNM
M-5930,2023-08-11,LAO
M-5931,2023-08-05,LAO
M-5932,2023-08-01,VNM
M-5933,2023-08-09,VNM
M-5934,2023-08-05,VNM
M-5935,2023-08-11,VNM
M-5936,2023-08-07,VNM
M-5937,2023-08-01,VNM
M-5938,2023-08-06,VNM
M-5939,2023-08-11,VNM
M-5940,2023-08-09,VNM
M-5941,2023-08-02,VNM
M-5942,2023-08-10,VNM
M-5943,2023-08-07,VNM
M-5944,2023-08-11,KHM
M-5945,2023-08-11,VNM
M-5946,2023-08-05,VNM
M-5947,2023-08-06,VNM
M-5948,2023-08-06,VNM
M-5949,2023-08-06,KHM
M-5950,2023-08-05,VNM
M-5951,2023-08-04,VNM
M-5952,2023-08-01,VNM
M-5953,2023-08-05,VNM
M-5954,2023-08-11,VNM
M-5955,2023-08-01,VNM
M-5956,2023-08-06,VNM
M-5957,2023-08-05,VNM
H-1863,2023-08-11,VNM
H-1864,2023-08-11,VNM
H-1865,2023-08-11,VNM
H-1866,2023-08-11,VNM
H-1867,2023-08-11,VNM
H-1868,2023-08-11,VNM
H-1869,2023-08-11,KHM
H-1870,2023-08-11,VNM
H-1871,2023-08-11,KHM
H-1872,2023-08-11,CHN
H-1873,2023-08-11,VNM
H-1874,2023-08-11,KHM
H-1875,2023-08-11,VNM
H-1876,2023-08-11,VNM
H-1877,2023-08-11,VNM
H-1878,2023-08-11,VNM
H-1879,2023-08-11,THA
H-1880,2023-08-11,VNM
H-1881,2023-08-11,VNM
H-1882,2023-08-11,VNM
H-1883,2023-08-11,VNM
H-1884,2023-08-11,VNM
H-1885,2023-08-11,KHM
H-1886,2023-08-11,VNM
H-1887,2023-08-11,KHM
H-1888,2023-08-11,VNM
H-1889,2023-08-11,THA
H-1890,2023-08-11,VNM
H-1891,2023-08-11,VNM
H-1892,2023-08-11,VNM
H-1893,2023-08-11,VNM
H-1894,2023-08-11,VNM
H-1895,2023-08-11,VNM
H-1896,2023-08-11,VNM
H-1897,2023-08-11,KHM
H-1898,2023-08-11,VNM
H-1899,2023-08-11,VNM
H-1900,2023-08-11,VNM
H-1901,2023-08-11,VNM
H-1902,2023-08-11,KHM
H-1903,2023-08-11,VNM
H-1904,2023-08-11,VNM
H-1905,2023-08-11,VNM
H-1906,2023-08-11,VNM
H-1907,2023-08-11,VNM
H-1908,2023-08-11,VNM
H-1909,2023-08-11,VNM
H-1910,2023-08-11,THA
H-1911,2023-08-11,VNM
H-1912,2023-08-11,VNM
H-1913,2023-08-11,VNM
H-1914,2023-08-11,VNM
H-1915,2023-08-11,CHN
H-1916,2023-08-11,VNM
H-1917,2023-08-11,KHM
H-1918,2023-08-11,VNM
H-1919,2023-08-11,VNM
H-1920,2023-08-11,VNM
H-1921,2023-08-11,VNM
H-1922,2023-08-11,VNM
H-1923,2023-08-11,VNM
H-1924,2023-08-11,KHM
H-1925,2023-08-11,VNM
H-1926,2023-08-11,VNM
H-1927,2023-08-11,VNM
H-1928,2023-08-11,VNM
H-1929,2023-08-11,VNM
H-1930,2023-08-11,VNM
H-1931,2023-08-11,THA
H-1932,2023-08-11,VNM
H-1933,2023-08-11,VNM
H-1934,2023-08-11,VNM
H-1935,2023-08-11,VNM
H-1936,2023-08-11,VNM
H-1937,2023-08-11,CHN
H-1938,2023-08-11,VNM
H-1939,2023-08-11,VNM
H-1940,2023-08-11,VNM
H-1941,2023-08-11,VNM
H-1942,2023-08-11,KHM
H-1943,2023-08-11,CHN
H-1944,2023-08-11,VNM
H-1945,2023-08-11,VNM
H-1946,2023-08-11,VNM
H-1947,2023-08-11,VNM
H-1948,2023-08-11,VNM
H-1949,2023-08-11,VNM
H-1950,2023-08-11,VNM
H-1951,2023-08-11,KHM
H-1952,2023-08-11,VNM
H-1953,2023-08-11,VNM
H-1954,2023-08-11,THA
H-1955,2023-08-11,VNM
H-1956,2023-08-11,VNM
H-1957,2023-08-11,VNM
H-1958,2023-08-11,VNM
H-1959,2023-08-11,KHM
H-1960,2023-08-11,VNM
H-1961,2023-08-11,VNM
H-1962,2023-08-11,VNM
H-1963,2023-08-11,VNM
H-1964,2023-08-11,KHM
H-1965,2023-08-11,VNM
H-1966,2023-08-11,VNM
H-1967,2023-08-11,VNM
H-1968,2023-08-11,VNM
H-1969,2023-08-11,VNM
H-1970,2023-08-11,THA
H-1971,2023-08-11,VNM
H-1972,2023-08-11,VNM
H-1973,2023-08-11,VNM
H-1974,2023-08-11,THA
H-1975,2023-08-11,THA
H-1976,2023-08-11,VNM
H-1977,2023-08-11,VNM
H-1978,2023-08-11,VNM
H-1979,2023-08-11,VNM
H-1980,2023-08-11,VNM
H-1981,2023-08-11,VNM
H-1982,2023-08-11,VNM
H-1983,2023-08-11,VNM
H-1984,2023-08-11,VNM
H-1985,2023-08-11,KHM
H-1986,2023-08-11,VNM
H-1987,2023-08-11,VNM
H-1988,2023-08-11,VNM
H-1989,2023-08-11,VNM
H-1990,2023-08-11,KHM
H-1991,2023-08-11,VNM
H-1992,2023-08-11,VNM
H-1993,2023-08-11,VNM
H-1994,2023-08-11,KHM
H-1995,2023-08-11,VNM
H-1996,2023-08-11,THA
H-1997,2023-08-11,VNM
H-1998,2023-08-11,CHN
H-1999,2023-08-11,VNM
H-2000,2023-08-11,VNM
H-2001,2023-08-11,THA
H-2002,2023-08-11,CHN
H-2003,2023-08-11,VNM
H-2004,2023-08-11,KHM
H-2005,2023-08-11,VNM
H-2006,2023-08-11,VNM
H-2007,2023-08-11,VNM
H-2008,2023-08-11,VNM
H-2009,2023-08-11,VNM
H-2010,2023-08-11,LAO
H-2011,2023-08-11,VNM
H-2012,2023-08-11,KHM
H-2013,2023-08-11,KHM
H-2014,2023-08-11,VNM
H-2015,2023-08-11,VNM
H-2016,2023-08-11,VNM
H-2017,2023-08-11,VNM
H-2018,2023-08-11,VNM
H-2019,2023-08-11,VNM
H-2020,2023-08-11,KHM
H-2021,2023-08-11,VNM
H-2022,2023-08-11,CHN
H-2023,2023-08-11,CHN
H-2024,2023-08-11,LAO
H-2025,2023-08-11,VNM
H-2026,2023-08-11,VNM
H-2027,2023-08-11,VNM
H-2028,2023-08-11,VNM
H-2029,2023-08-11,VNM
H-2030,2023-08-11,VNM
H-2031,2023-08-11,VNM
H-2032,2023-08-11,VNM
H-2033,2023-08-11,VNM
H-2034,2023-08-11,THA
H-2035,2023-08-11,KHM
H-2036,2023-08-11,VNM
H-2037,2023-08-11,VNM
H-2038,2023-08-11,VNM
H-2039,2023-08-11,KHM
H-2040,2023-08-11,THA
H-2041,2023-08-11,VNM
H-2042,2023-08-11,VNM
H-2043,2023-08-11,VNM
H-2044,2023-08-11,VNM
H-2045,2023-08-11,VNM
H-2046,2023-08-11,VNM
H-2047,2023-08-11,VNM
H-2048,2023-08-11,VNM
H-2049,2023-08-11,VNM
H-2050,2023-08-11,KHM
H-2051,2023-08-11,LAO
H-2052,2023-08-11,VNM
H-2053,2023-08-11,THA
H-2054,2023-08-11,VNM
H-2055,2023-08-11,VNM
H-2056,2023-08-11,VNM
H-2057,2023-08-11,VNM
H-2058,2023-08-11,THA
H-2059,2023-08-11,VNM
H-2060,2023-08-11,VNM
H-2061,2023-08-11,VNM
H-2062,2023-08-11,KHM
H-2063,2023-08-11,VNM
H-2064,2023-08-11,VNM
H-2065,2023-08-11,VNM
M-5958,2023-08-04,VNM
M-5959,2023-08-04,VNM
M-5960,2023-08-11,VNM
M-5961,2023-08-06,VNM
M-5962,2023-08-11,VNM
M-5963,2023-08-04,VNM
M-5964,2023-08-02,VNM
M-5965,2023-08-05,VNM
M-5966,2023-08-07,VNM
M-5967,2023-08-11,VNM
M-5968,2023-08-02,VNM
M-5969,2023-08-04,VNM
M-5970,2023-08-04,THA
M-5971,2023-08-02,THA
M-5972,2023-08-07,THA
M-5973,2023-08-11,VNM
M-5974,2023-08-04,VNM
M-5975,2023-08-09,VNM
M-5976,2023-08-11,VNM
M-5977,2023-08-06,LAO
M-5978,2023-08-11,VNM
M-5979,2023-08-11,VNM
M-5980,2023-08-02,VNM
M-5981,2023-08-05,VNM
M-5982,2023-08-02,VNM
M-5983,2023-08-05,VNM
M-5984,2023-08-11,VNM
M-5985,2023-08-04,VNM
M-5986,2023-08-11,VNM
M-5987,2023-08-06,VNM
M-5988,2023-08-05,VNM
M-5989,2023-08-02,VNM
M-5990,2023-08-02,VNM
M-5991,2023-08-10,VNM
M-5992,2023-08-05,VNM
M-5993,2023-08-11,VNM
M-5994,2023-08-11,VNM
M-5995,2023-08-07,VNM
M-5996,2023-08-04,VNM
M-5997,2023-08-04,VNM
M-5998,2023-08-02,VNM
M-5999,2023-08-11,VNM
M-6000,2023-08-05,VNM
M-6001,2023-08-04,VNM
M-6002,2023-08-06,VNM
M-6003,2023-08-02,VNM
M-6004,2023-08-11,VNM
M-6005,2023-08-11,VNM
M-6006,2023-08-02,VNM
M-6007,2023-08-11,VNM
M-6008,2023-08-02,VNM
M-6009,2023-08-06,VNM
M-6010,2023-08-05,VNM
M-6011,2023-08-06,VNM
M-6012,2023-08-02,VNM
M-6013,2023-08-11,VNM
M-6014,2023-08-11,VNM
M-6015,2023-08-07,VNM
M-6016,2023-08-05,VNM
M-6017,2023-08-07,VNM
M-6018,2023-08-11,VNM
M-6019,2023-08-02,VNM
M-6020,2023-08-11,VNM
M-6021,2023-08-02,VNM
M-6022,2023-08-10,VNM
M-6023,2023-08-07,VNM
M-6024,2023-08-05,VNM
M-6025,2023-08-04,VNM
M-6026,2023-08-10,VNM
M-6027,2023-08-05,LAO
M-6028,2023-08-02,CHN
M-6029,2023-08-06,VNM
M-6030,2023-08-11,VNM
M-6031,2023-08-04,KHM
M-6032,2023-08-04,VNM
M-6033,2023-08-11,VNM
M-6034,2023-08-09,VNM
M-6035,2023-08-11,VNM
M-6036,2023-08-02,KHM
M-6037,2023-08-02,KHM
M-6038,2023-08-11,VNM
M-6039,2023-08-05,VNM
M-6040,2023-08-05,KHM
M-6041,2023-08-09,VNM
M-6042,2023-08-02,VNM
M-6043,2023-08-02,KHM
M-6044,2023-08-11,VNM
M-6045,2023-08-07,VNM
M-6046,2023-08-11,VNM
M-6047,2023-08-11,VNM
M-6048,2023-08-06,VNM
M-6049,2023-08-11,VNM
M-6050,2023-08-11,VNM
M-6051,2023-08-11,VNM
M-6052,2023-08-06,VNM
M-6053,2023-08-11,VNM
M-6054,2023-08-07,VNM
M-6055,2023-08-04,THA
M-6056,2023-08-05,KHM
M-6057,2023-08-09,KHM
M-6058,2023-08-05,KHM
M-6059,2023-08-06,KHM
M-6060,2023-08-11,VNM
M-6061,2023-08-07,VNM
M-6062,2023-08-02,VNM
M-6063,2023-08-07,VNM
M-6064,2023-08-11,THA
M-6065,2023-08-11,VNM
M-6066,2023-08-04,VNM
M-6067,2023-08-11,VNM
M-6068,2023-08-11,VNM
M-6069,2023-08-02,LAO
M-6070,2023-08-09,VNM
M-6071,2023-08-10,VNM
M-6072,2023-08-10,VNM
M-6073,2023-08-07,VNM
M-6074,2023-08-07,VNM
M-6075,2023-08-09,LAO
M-6076,2023-08-05,VNM
M-6077,2023-08-05,VNM
M-6078,2023-08-04,KHM
M-6079,2023-08-11,KHM
M-6080,2023-08-07,KHM
M-6081,2023-08-04,VNM
M-6082,2023-08-02,VNM
M-6083,2023-08-05,VNM
M-6084,2023-08-11,VNM
M-6085,2023-08-11,VNM
M-6086,2023-08-10,KHM
M-6087,2023-08-05,KHM
M-6088,2023-08-11,KHM
M-6089,2023-08-02,VNM
M-6090,2023-08-11,VNM
M-6091,2023-08-07,VNM
M-6092,2023-08-11,VNM
M-6093,2023-08-10,KHM
M-6094,2023-08-11,VNM
M-6095,2023-08-05,VNM
M-6096,2023-08-04,VNM
M-6097,2023-08-05,VNM
M-6098,2023-08-05,VNM
M-6099,2023-08-11,VNM
M-6100,2023-08-04,VNM
M-6101,2023-08-11,VNM
M-6102,2023-08-11,LAO
M-6103,2023-08-11,VNM
M-6104,2023-08-05,VNM
M-6105,2023-08-09,VNM
M-6106,2023-08-11,VNM
M-6107,2023-08-05,VNM
M-6108,2023-08-11,KHM
M-6109,2023-08-05,VNM
M-6110,2023-08-02,VNM
M-6111,2023-08-11,VNM
M-6112,2023-08-05,VNM
M-6113,2023-08-04,VNM
M-6114,2023-08-11,VNM
M-6115,2023-08-11,KHM
M-6116,2023-08-07,VNM
M-6117,2023-08-02,VNM
M-6118,2023-08-04,THA
M-6119,2023-08-02,THA
M-6120,2023-08-11,VNM
M-6121,2023-08-07,VNM
M-6122,2023-08-02,VNM
M-6123,2023-08-07,VNM
M-6124,2023-08-07,VNM
M-6125,2023-08-11,VNM
M-6126,2023-08-07,VNM
M-6127,2023-08-05,VNM
M-6128,2023-08-09,VNM
M-6129,2023-08-10,KHM
M-6130,2023-08-09,KHM
M-6131,2023-08-05,THA
M-6132,2023-08-02,THA
M-6133,2023-08-07,LAO
M-6134,2023-08-07,VNM
M-6135,2023-08-05,VNM
M-6136,2023-08-04,KHM
M-6137,2023-08-02,VNM
M-6138,2023-08-05,VNM
M-6139,2023-08-04,VNM
M-6140,2023-08-04,VNM
M-6141,2023-08-11,THA
M-6142,2023-08-11,VNM
M-6143,2023-08-10,VNM
M-6144,2023-08-05,VNM
M-6145,2023-08-11,VNM
M-6146,2023-08-10,VNM
M-6147,2023-08-11,KHM
M-6148,2023-08-05,VNM
M-6149,2023-08-11,VNM
M-6150,2023-08-05,VNM
M-6151,2023-08-04,VNM
M-6152,2023-08-11,KHM
M-6153,2023-08-11,KHM
M-6154,2023-08-11,VNM
M-6155,2023-08-09,THA
M-6156,2023-08-11,VNM
M-6157,2023-08-07,VNM
M-6158,2023-08-11,VNM
M-6159,2023-08-04,THA
M-6160,2023-08-09,THA
M-6161,2023-08-05,VNM
M-6162,2023-08-06,LAO
M-6163,2023-08-09,VNM
M-6164,2023-08-09,VNM
M-6165,2023-08-11,VNM
M-6166,2023-08-04,VNM
M-6167,2023-08-05,VNM
M-6168,2023-08-05,VNM
M-6169,2023-08-05,VNM
M-6170,2023-08-11,VNM
M-6171,2023-08-05,VNM
M-6172,2023-08-05,THA
M-6173,2023-08-11,VNM
M-6174,2023-08-05,VNM
M-6175,2023-08-06,VNM
M-6176,2023-08-11,VNM
M-6177,2023-08-10,KHM
M-6178,2023-08-11,VNM
M-6179,2023-08-11,VNM
M-6180,2023-08-05,VNM
M-6181,2023-08-09,VNM
M-6182,2023-08-05,VNM
M-6183,2023-08-05,VNM
M-6184,2023-08-04,KHM
M-6185,2023-08-02,VNM
M-6186,2023-08-04,VNM
M-6187,2023-08-09,VNM
M-6188,2023-08-05,VNM
M-6189,2023-08-02,VNM
M-6190,2023-08-11,VNM
M-6191,2023-08-07,VNM
M-6192,2023-08-02,VNM
M-6193,2023-08-11,VNM
M-6194,2023-08-06,CHN
M-6195,2023-08-04,CHN
M-6196,2023-08-02,VNM
M-6197,2023-08-05,THA
M-6198,2023-08-04,VNM
M-6199,2023-08-11,VNM
M-6200,2023-08-11,VNM
M-6201,2023-08-02,VNM
M-6202,2023-08-04,VNM
M-6203,2023-08-04,VNM
M-6204,2023-08-05,VNM
M-6205,2023-08-05,VNM
M-6206,2023-08-02,VNM
M-6207,2023-08-10,VNM
M-6208,2023-08-06,VNM
M-6209,2023-08-04,VNM
M-6210,2023-08-02,VNM
M-6211,2023-08-05,VNM
M-6212,2023-08-05,VNM
M-6213,2023-08-07,VNM
M-6214,2023-08-06,VNM
M-6215,2023-08-06,VNM
M-6216,2023-08-05,VNM
M-6217,2023-08-02,VNM
M-6218,2023-08-04,VNM
M-6219,2023-08-02,KHM
M-6220,2023-08-07,VNM
M-6221,2023-08-11,VNM
M-6222,2023-08-09,VNM
M-6223,2023-08-02,VNM
M-6224,2023-08-11,VNM
M-6225,2023-08-04,VNM
M-6226,2023-08-11,VNM
M-6227,2023-08-06,VNM
M-6228,2023-08-07,VNM
M-6229,2023-08-05,VNM
M-6230,2023-08-11,VNM
M-6231,2023-08-09,VNM
M-6232,2023-08-05,VNM
M-6233,2023-08-04,VNM
M-6234,2023-08-07,VNM
M-6235,2023-08-07,VNM
M-6236,2023-08-11,VNM
M-6237,2023-08-05,VNM
M-6238,2023-08-11,KHM
M-6239,2023-08-05,KHM
M-6240,2023-08-04,VNM
M-6241,2023-08-05,VNM
M-6242,2023-08-11,VNM
M-6243,2023-08-10,VNM
M-6244,2023-08-11,VNM
M-6245,2023-08-11,VNM
M-6246,2023-08-10,VNM
M-6247,2023-08-11,KHM
M-6248,2023-08-10,VNM
M-6249,2023-08-02,VNM
M-6250,2023-08-04,VNM
M-6251,2023-08-04,VNM
M-6252,2023-08-04,VNM
M-6253,2023-08-11,VNM
M-6254,2023-08-11,VNM
M-6255,2023-08-06,VNM
M-6256,2023-08-04,VNM
M-6257,2023-08-05,VNM
M-6258,2023-08-02,VNM
M-6259,2023-08-04,VNM
M-6260,2023-08-11,VNM
M-6261,2023-08-11,VNM
M-6262,2023-08-06,VNM
M-6263,2023-08-11,KHM
M-6264,2023-08-06,VNM
M-6265,2023-08-05,VNM
M-6266,2023-08-04,LAO
M-6267,2023-08-11,VNM
M-6268,2023-08-11,VNM
M-6269,2023-08-04,THA
M-6270,2023-08-11,VNM
M-6271,2023-08-11,VNM
M-6272,2023-08-02,THA
M-6273,2023-08-11,THA
M-6274,2023-08-05,VNM
M-6275,2023-08-11,VNM
M-6276,2023-08-11,VNM
M-6277,2023-08-02,VNM
M-6278,2023-08-09,VNM
M-6279,2023-08-06,VNM
M-6280,2023-08-05,VNM
M-6281,2023-08-06,VNM
M-6282,2023-08-11,THA
M-6283,2023-08-10,KHM
M-6284,2023-08-05,VNM
M-6285,2023-08-05,KHM
M-6286,2023-08-06,VNM
M-6287,2023-08-11,VNM
M-6288,2023-08-02,VNM
M-6289,2023-08-05,VNM
M-6290,2023-08-02,VNM
M-6291,2023-08-04,VNM
M-6292,2023-08-11,KHM
M-6293,2023-08-11,VNM
M-6294,2023-08-11,VNM
M-6295,2023-08-11,VNM
M-6296,2023-08-11,THA
M-6297,2023-08-04,VNM
M-6298,2023-08-11,VNM
M-6299,2023-08-11,KHM
M-6300,2023-08-05,KHM
M-6301,2023-08-11,VNM
M-6302,2023-08-10,VNM
M-6303,2023-08-11,VNM
M-6304,2023-08-06,VNM
M-6305,2023-08-07,KHM
M-6306,2023-08-07,VNM
M-6307,2023-08-07,VNM
M-6308,2023-08-02,VNM
M-6309,2023-08-02,KHM
M-6310,2023-08-06,VNM
M-6311,2023-08-02,VNM
M-6312,2023-08-05,VNM
M-6313,2023-08-05,VNM
M-6314,2023-08-04,VNM
M-6315,2023-08-02,VNM
M-6316,2023-08-11,THA
M-6317,2023-08-06,VNM
M-6318,2023-08-02,VNM
M-6319,2023-08-04,KHM
M-6320,2023-08-11,THA
M-6321,2023-08-09,VNM
M-6322,2023-08-05,VNM
M-6323,2023-08-11,THA
M-6324,2023-08-05,VNM
M-6325,2023-08-11,VNM
M-6326,2023-08-09,VNM
M-6327,2023-08-10,VNM
M-6328,2023-08-04,VNM
M-6329,2023-08-06,VNM
M-6330,2023-08-11,VNM
M-6331,2023-08-11,VNM
M-6332,2023-08-11,VNM
M-6333,2023-08-05,VNM
M-6334,2023-08-04,VNM
M-6335,2023-08-06,THA
M-6336,2023-08-11,THA
M-6337,2023-08-11,THA
M-6338,2023-08-10,THA
M-6339,2023-08-05,THA
M-6340,2023-08-09,VNM
M-6341,2023-08-04,VNM
M-6342,2023-08-04,VNM
M-6343,2023-08-05,VNM
M-6344,2023-08-02,VNM
M-6345,2023-08-06,VNM
M-6346,2023-08-07,THA
M-6347,2023-08-06,THA
M-6348,2023-08-11,VNM
M-6349,2023-08-05,VNM
M-6350,2023-08-11,VNM
M-6351,2023-08-11,VNM
M-6352,2023-08-04,VNM
M-6353,2023-08-02,VNM
M-6354,2023-08-06,VNM
M-6355,2023-08-10,VNM
M-6356,2023-08-06,VNM
M-6357,2023-08-11,VNM
M-6358,2023-08-10,VNM
M-6359,2023-08-05,VNM
M-6360,2023-08-11,VNM
M-6361,2023-08-11,KHM
M-6362,2023-08-06,VNM
M-6363,2023-08-11,VNM
M-6364,2023-08-02,VNM
M-6365,2023-08-11,VNM
M-6366,2023-08-11,VNM
M-6367,2023-08-11,THA
M-6368,2023-08-06,LAO
M-6369,2023-08-05,LAO
M-6370,2023-08-11,VNM
M-6371,2023-08-10,VNM
M-6372,2023-08-04,VNM
M-6373,2023-08-05,VNM
M-6374,2023-08-07,VNM
M-6375,2023-08-11,VNM
M-6376,2023-08-04,VNM
M-6377,2023-08-06,VNM
M-6378,2023-08-10,VNM
M-6379,2023-08-05,VNM
M-6380,2023-08-05,VNM
M-6381,2023-08-05,VNM
M-6382,2023-08-06,VNM
M-6383,2023-08-05,VNM
M-6384,2023-08-11,CHN
M-6385,2023-08-06,VNM
M-6386,2023-08-11,VNM
M-6387,2023-08-11,VNM
M-6388,2023-08-07,VNM
M-6389,2023-08-05,THA
M-6390,2023-08-06,VNM
M-6391,2023-08-05,VNM
M-6392,2023-08-05,VNM
M-6393,2023-08-07,THA
M-6394,2023-08-02,THA
M-6395,2023-08-11,THA
M-6396,2023-08-11,VNM
M-6397,2023-08-04,VNM
M-6398,2023-08-11,VNM
M-6399,2023-08-04,VNM
M-6400,2023-08-06,VNM
M-6401,2023-08-05,VNM
M-6402,2023-08-05,VNM
M-6403,2023-08-05,VNM
M-6404,2023-08-06,THA
M-6405,2023-08-02,VNM
M-6406,2023-08-05,VNM
M-6407,2023-08-04,VNM
M-6408,2023-08-02,VNM
M-6409,2023-08-05,VNM
M-6410,2023-08-11,THA
M-6411,2023-08-07,VNM
M-6412,2023-08-11,VNM
M-6413,2023-08-07,VNM
M-6414,2023-08-04,VNM
M-6415,2023-08-11,VNM
M-6416,2023-08-06,VNM
M-6417,2023-08-05,VNM
M-6418,2023-08-05,VNM
M-6419,2023-08-02,VNM
M-6420,2023-08-04,LAO
M-6421,2023-08-05,VNM
M-6422,2023-08-04,VNM
M-6423,2023-08-09,VNM
M-6424,2023-08-04,THA
M-6425,2023-08-11,VNM
M-6426,2023-08-04,LAO
M-6427,2023-08-11,LAO
M-6428,2023-08-11,KHM
M-6429,2023-08-10,VNM
M-6430,2023-08-11,VNM
M-6431,2023-08-11,VNM
M-6432,2023-08-11,VNM
M-6433,2023-08-11,VNM
M-6434,2023-08-02,LAO
M-6435,2023-08-11,LAO
M-6436,2023-08-05,VNM
M-6437,2023-08-05,VNM
M-6438,2023-08-09,VNM
M-6439,2023-08-11,VNM
M-6440,2023-08-07,VNM
M-6441,2023-08-02,VNM
M-6442,2023-08-11,VNM
M-6443,2023-08-05,VNM
M-6444,2023-08-11,VNM
M-6445,2023-08-11,VNM
M-6446,2023-08-11,VNM
M-6447,2023-08-11,VNM
M-6448,2023-08-02,VNM
M-6449,2023-08-09,VNM
M-6450,2023-08-10,VNM
M-6451,2023-08-05,VNM
M-6452,2023-08-07,VNM
M-6453,2023-08-09,VNM
M-6454,2023-08-11,CHN
M-6455,2023-08-11,VNM
M-6456,2023-08-11,THA
M-6457,2023-08-07,THA
M-6458,2023-08-04,VNM
M-6459,2023-08-11,VNM
M-6460,2023-08-11,THA
M-6461,2023-08-10,THA
M-6462,2023-08-06,VNM
M-6463,2023-08-05,VNM
M-6464,2023-08-04,VNM
M-6465,2023-08-05,VNM
M-6466,2023-08-05,VNM
M-6467,2023-08-02,VNM
M-6468,2023-08-05,VNM
M-6469,2023-08-11,VNM
M-6470,2023-08-04,VNM
M-6471,2023-08-06,VNM
M-6472,2023-08-05,VNM
M-6473,2023-08-09,VNM
M-6474,2023-08-05,VNM
M-6475,2023-08-11,VNM
M-6476,2023-08-09,VNM
M-6477,2023-08-11,VNM
M-6478,2023-08-05,VNM
M-6479,2023-08-10,VNM
M-6480,2023-08-02,VNM
M-6481,2023-08-07,VNM
M-6482,2023-08-10,VNM
M-6483,2023-08-06,VNM
M-6484,2023-08-06,VNM
M-6485,2023-08-11,VNM
M-6486,2023-08-11,VNM
M-6487,2023-08-04,VNM
M-6488,2023-08-05,VNM
M-6489,2023-08-05,VNM
M-6490,2023-08-04,KHM
M-6491,2023-08-02,VNM
M-6492,2023-08-11,VNM
M-6493,2023-08-05,VNM
M-6494,2023-08-06,VNM
M-6495,2023-08-07,VNM
M-6496,2023-08-02,VNM
M-6497,2023-08-04,VNM
M-6498,2023-08-02,VNM
M-6499,2023-08-05,VNM
M-6500,2023-08-02,VNM
M-6501,2023-08-07,VNM
M-6502,2023-08-11,VNM
M-6503,2023-08-11,THA
M-6504,2023-08-02,VNM
M-6505,2023-08-11,VNM
M-6506,2023-08-02,VNM
M-6507,2023-08-07,VNM
M-6508,2023-08-10,VNM
M-6509,2023-08-07,VNM
M-6510,2023-08-02,VNM
M-6511,2023-08-05,VNM
M-6512,2023-08-07,VNM
M-6513,2023-08-02,VNM
M-6514,2023-08-05,VNM
M-6515,2023-08-05,VNM
M-6516,2023-08-11,VNM
M-6517,2023-08-05,VNM
M-6518,2023-08-04,VNM
M-6519,2023-08-11,VNM
M-6520,2023-08-06,VNM
M-6521,2023-08-11,VNM
M-6522,2023-08-10,VNM
M-6523,2023-08-06,VNM
M-6524,2023-08-09,VNM
M-6525,2023-08-05,VNM
M-6526,2023-08-07,VNM
M-6527,2023-08-05,VNM
M-6528,2023-08-04,VNM
M-6529,2023-08-05,VNM
M-6530,2023-08-09,VNM
M-6531,2023-08-05,VNM
M-6532,2023-08-02,VNM
M-6533,2023-08-10,VNM
M-6534,2023-08-06,KHM
M-6535,2023-08-11,VNM
M-6536,2023-08-11,VNM
M-6537,2023-08-11,LAO
M-6538,2023-08-11,VNM
M-6539,2023-08-02,VNM
M-6540,2023-08-11,VNM
M-6541,2023-08-11,VNM
M-6542,2023-08-10,VNM
M-6543,2023-08-02,VNM
M-6544,2023-08-11,VNM
M-6545,2023-08-09,VNM
M-6546,2023-08-02,VNM
M-6547,2023-08-02,VNM
M-6548,2023-08-11,VNM
M-6549,2023-08-02,VNM
M-6550,2023-08-11,VNM
M-6551,2023-08-11,VNM
M-6552,2023-08-05,VNM
M-6553,2023-08-11,VNM
M-6554,2023-08-05,VNM
M-6555,2023-08-04,VNM
M-6556,2023-08-02,VNM
M-6557,2023-08-02,VNM
M-6558,2023-08-07,VNM
M-6559,2023-08-10,VNM
M-6560,2023-08-11,VNM
M-6561,2023-08-11,VNM
M-6562,2023-08-05,VNM
M-6563,2023-08-11,VNM
M-6564,2023-08-11,VNM
M-6565,2023-08-06,VNM
M-6566,2023-08-02,KHM
M-6567,2023-08-04,KHM
M-6568,2023-08-04,VNM
M-6569,2023-08-05,VNM
M-6570,2023-08-04,VNM
M-6571,2023-08-09,VNM
M-6572,2023-08-11,CHN
M-6573,2023-08-07,VNM
M-6574,2023-08-02,THA
M-6575,2023-08-11,VNM
M-6576,2023-08-04,VNM
M-6577,2023-08-11,THA
M-6578,2023-08-10,THA
M-6579,2023-08-10,VNM
M-6580,2023-08-09,VNM
H-2066,2023-08-11,KHM
H-2067,2023-08-11,VNM
H-2068,2023-08-11,VNM
H-2069,2023-08-11,VNM
H-2070,2023-08-11,VNM
H-2071,2023-08-11,VNM
H-2072,2023-08-11,VNM
H-2073,2023-08-11,KHM
H-2074,2023-08-11,CHN
H-2075,2023-08-11,VNM
H-2076,2023-08-11,VNM
H-2077,2023-08-11,VNM
H-2078,2023-08-11,VNM
H-2079,2023-08-11,VNM
H-2080,2023-08-11,KHM
H-2081,2023-08-11,VNM
H-2082,2023-08-11,VNM
H-2083,2023-08-11,VNM
H-2084,2023-08-11,VNM
H-2085,2023-08-11,VNM
H-2086,2023-08-11,VNM
H-2087,2023-08-11,THA
H-2088,2023-08-11,VNM
H-2089,2023-08-11,KHM
H-2090,2023-08-11,VNM
H-2091,2023-08-11,VNM
H-2092,2023-08-11,VNM
H-2093,2023-08-11,VNM
H-2094,2023-08-11,VNM
H-2095,2023-08-11,CHN
H-2096,2023-08-11,KHM
H-2097,2023-08-11,VNM
H-2098,2023-08-11,VNM
H-2099,2023-08-11,KHM
H-2100,2023-08-11,VNM
H-2101,2023-08-11,THA
H-2102,2023-08-11,VNM
H-2103,2023-08-11,THA
H-2104,2023-08-11,KHM
H-2105,2023-08-11,VNM
H-2106,2023-08-11,VNM
H-2107,2023-08-11,VNM
H-2108,2023-08-11,VNM
H-2109,2023-08-11,VNM
H-2110,2023-08-11,VNM
H-2111,2023-08-11,VNM
H-2112,2023-08-11,VNM
H-2113,2023-08-11,VNM
H-2114,2023-08-11,VNM
H-2115,2023-08-11,VNM
H-2116,2023-08-11,VNM
H-2117,2023-08-11,VNM
H-2118,2023-08-11,VNM
H-2119,2023-08-11,VNM
H-2120,2023-08-11,VNM
H-2121,2023-08-11,VNM
H-2122,2023-08-11,VNM
H-2123,2023-08-11,VNM
H-2124,2023-08-11,VNM
H-2125,2023-08-11,VNM
H-2126,2023-08-11,THA
H-2127,2023-08-11,VNM
H-2128,2023-08-11,VNM
H-2129,2023-08-11,VNM
H-2130,2023-08-11,VNM
H-2131,2023-08-11,VNM
H-2132,2023-08-11,VNM
H-2133,2023-08-11,KHM
H-2134,2023-08-11,VNM
H-2135,2023-08-11,LAO
H-2136,2023-08-11,VNM
H-2137,2023-08-11,VNM
H-2138,2023-08-11,VNM
H-2139,2023-08-11,VNM
H-2140,2023-08-11,VNM
H-2141,2023-08-11,VNM
H-2142,2023-08-11,VNM
H-2143,2023-08-11,VNM
H-2144,2023-08-11,VNM
H-2145,2023-08-11,VNM
H-2146,2023-08-11,VNM
H-2147,2023-08-11,VNM
H-2148,2023-08-11,VNM
H-2149,2023-08-11,VNM
H-2150,2023-08-11,VNM
H-2151,2023-08-11,CHN
H-2152,2023-08-11,VNM
H-2153,2023-08-11,VNM
H-2154,2023-08-11,VNM
H-2155,2023-08-11,VNM
H-2156,2023-08-11,VNM
H-2157,2023-08-11,THA
H-2158,2023-08-11,VNM
H-2159,2023-08-11,THA
H-2160,2023-08-11,THA
H-2161,2023-08-11,VNM
H-2162,2023-08-11,VNM
H-2163,2023-08-11,THA
H-2164,2023-08-11,VNM
H-2165,2023-08-11,CHN
H-2166,2023-08-11,VNM
H-2167,2023-08-11,VNM
H-2168,2023-08-11,VNM
H-2169,2023-08-11,VNM
H-2170,2023-08-11,VNM
H-2171,2023-08-11,VNM
H-2172,2023-08-11,VNM
H-2173,2023-08-11,VNM
H-2174,2023-08-11,VNM
H-2175,2023-08-11,VNM
H-2176,2023-08-11,VNM
H-2177,2023-08-11,VNM
H-2178,2023-08-11,VNM
H-2179,2023-08-11,VNM
H-2180,2023-08-11,VNM
H-2181,2023-08-11,VNM
H-2182,2023-08-11,VNM
H-2183,2023-08-11,VNM
H-2184,2023-08-11,THA
H-2185,2023-08-11,VNM
H-2186,2023-08-11,KHM
H-2187,2023-08-11,VNM
H-2188,2023-08-11,VNM
H-2189,2023-08-11,VNM
H-2190,2023-08-11,VNM
H-2191,2023-08-11,VNM
H-2192,2023-08-11,VNM
H-2193,2023-08-11,KHM
H-2194,2023-08-11,THA
H-2195,2023-08-11,VNM
H-2196,2023-08-11,VNM
H-2197,2023-08-11,KHM
H-2198,2023-08-11,VNM
H-2199,2023-08-11,VNM
H-2200,2023-08-11,LAO
H-2201,2023-08-11,VNM
H-2202,2023-08-11,VNM
H-2203,2023-08-11,VNM
H-2204,2023-08-11,VNM
H-2205,2023-08-11,VNM
H-2206,2023-08-11,VNM
H-2207,2023-08-11,VNM
H-2208,2023-08-11,THA
H-2209,2023-08-11,VNM
H-2210,2023-08-11,VNM
H-2211,2023-08-11,VNM
H-2212,2023-08-11,LAO
H-2213,2023-08-11,THA
H-2214,2023-08-11,CHN
H-2215,2023-08-11,KHM
H-2216,2023-08-11,VNM
H-2217,2023-08-11,LAO
H-2218,2023-08-11,VNM
H-2219,2023-08-11,VNM
H-2220,2023-08-11,VNM
H-2221,2023-08-11,VNM
H-2222,2023-08-11,VNM
H-2223,2023-08-11,LAO
H-2224,2023-08-11,VNM
H-2225,2023-08-11,VNM
H-2226,2023-08-11,THA
H-2227,2023-08-11,CHN
H-2228,2023-08-11,VNM
H-2229,2023-08-11,VNM
H-2230,2023-08-11,VNM
H-2231,2023-08-11,THA
H-2232,2023-08-11,VNM
H-2233,2023-08-11,CHN
H-2234,2023-08-11,THA
H-2235,2023-08-11,THA
H-2236,2023-08-11,VNM
H-2237,2023-08-11,VNM
H-2238,2023-08-11,VNM
H-2239,2023-08-11,VNM
H-2240,2023-08-11,KHM
H-2241,2023-08-11,VNM
H-2242,2023-08-11,THA
H-2243,2023-08-11,VNM
H-2244,2023-08-11,VNM
H-2245,2023-08-11,VNM
H-2246,2023-08-11,VNM
H-2247,2023-08-11,VNM
H-2248,2023-08-11,VNM
H-2249,2023-08-11,VNM
H-2250,2023-08-11,VNM
H-2251,2023-08-11,KHM
H-2252,2023-08-11,VNM
H-2253,2023-08-11,THA
H-2254,2023-08-11,VNM
H-2255,2023-08-11,VNM
H-2256,2023-08-11,KHM
H-2257,2023-08-11,VNM
H-2258,2023-08-11,VNM
H-2259,2023-08-11,VNM
H-2260,2023-08-11,VNM
H-2261,2023-08-11,VNM
H-2262,2023-08-11,VNM
H-2263,2023-08-11,THA
H-2264,2023-08-11,VNM
H-2265,2023-08-11,VNM
H-2266,2023-08-11,VNM
H-2267,2023-08-11,VNM
H-2268,2023-08-11,KHM
H-2269,2023-08-11,VNM
H-2270,2023-08-11,VNM
H-2271,2023-08-11,VNM
H-2272,2023-08-11,VNM
H-2273,2023-08-11,THA
H-2274,2023-08-11,VNM
H-2275,2023-08-11,KHM
H-2276,2023-08-11,VNM
H-2277,2023-08-11,VNM
H-2278,2023-08-11,VNM
H-2279,2023-08-11,VNM
H-2280,2023-08-11,VNM
H-2281,2023-08-11,VNM
H-2282,2023-08-11,VNM
H-2283,2023-08-11,LAO
H-2284,2023-08-11,VNM
M-6581,2023-08-11,VNM
M-6582,2023-08-05,VNM
M-6583,2023-08-06,VNM
M-6584,2023-08-11,VNM
M-6585,2023-08-11,LAO
M-6586,2023-08-11,VNM
M-6587,2023-08-11,VNM
M-6588,2023-08-05,VNM
M-6589,2023-08-04,VNM
M-6590,2023-08-05,VNM
M-6591,2023-08-04,CHN
M-6592,2023-08-11,VNM
M-6593,2023-08-04,VNM
M-6594,2023-08-11,VNM
M-6595,2023-08-07,VNM
M-6596,2023-08-05,THA
M-6597,2023-08-06,VNM
M-6598,2023-08-11,LAO
M-6599,2023-08-07,VNM
M-6600,2023-08-11,VNM
M-6601,2023-08-10,VNM
M-6602,2023-08-05,VNM
M-6603,2023-08-11,VNM
M-6604,2023-08-11,VNM
M-6605,2023-08-11,VNM
M-6606,2023-08-11,VNM
M-6607,2023-08-11,LAO
M-6608,2023-08-05,VNM
M-6609,2023-08-11,VNM
M-6610,2023-08-05,VNM
M-6611,2023-08-11,VNM
M-6612,2023-08-04,VNM
M-6613,2023-08-04,VNM
M-6614,2023-08-09,VNM
M-6615,2023-08-05,VNM
M-6616,2023-08-04,VNM
M-6617,2023-08-11,VNM
M-6618,2023-08-07,VNM
M-6619,2023-08-11,VNM
M-6620,2023-08-07,VNM
M-6621,2023-08-07,VNM
M-6622,2023-08-11,VNM
M-6623,2023-08-10,VNM
M-6624,2023-08-04,VNM
M-6625,2023-08-06,VNM
M-6626,2023-08-11,VNM
M-6627,2023-08-09,VNM
M-6628,2023-08-11,VNM
M-6629,2023-08-06,VNM
M-6630,2023-08-09,VNM
M-6631,2023-08-11,VNM
M-6632,2023-08-05,VNM
M-6633,2023-08-10,VNM
M-6634,2023-08-06,VNM
M-6635,2023-08-05,VNM
M-6636,2023-08-07,VNM
M-6637,2023-08-06,VNM
M-6638,2023-08-05,VNM
M-6639,2023-08-06,LAO
M-6640,2023-08-11,LAO
M-6641,2023-08-06,VNM
M-6642,2023-08-11,KHM
M-6643,2023-08-05,VNM
M-6644,2023-08-04,VNM
M-6645,2023-08-11,VNM
M-6646,2023-08-07,VNM
M-6647,2023-08-06,VNM
M-6648,2023-08-11,VNM
M-6649,2023-08-11,KHM
M-6650,2023-08-11,VNM
M-6651,2023-08-05,VNM
M-6652,2023-08-04,KHM
M-6653,2023-08-04,VNM
M-6654,2023-08-05,VNM
M-6655,2023-08-07,THA
M-6656,2023-08-09,VNM
M-6657,2023-08-11,VNM
M-6658,2023-08-07,VNM
M-6659,2023-08-09,THA
M-6660,2023-08-05,VNM
M-6661,2023-08-07,VNM
M-6662,2023-08-04,VNM
M-6663,2023-08-11,VNM
M-6664,2023-08-06,VNM
M-6665,2023-08-05,VNM
M-6666,2023-08-05,VNM
M-6667,2023-08-11,VNM
M-6668,2023-08-04,VNM
M-6669,2023-08-04,VNM
M-6670,2023-08-10,CHN
M-6671,2023-08-04,VNM
M-6672,2023-08-04,VNM
M-6673,2023-08-05,THA
M-6674,2023-08-09,THA
M-6675,2023-08-10,VNM
M-6676,2023-08-10,KHM
M-6677,2023-08-11,LAO
M-6678,2023-08-05,LAO
M-6679,2023-08-05,LAO
M-6680,2023-08-05,VNM
M-6681,2023-08-09,VNM
M-6682,2023-08-11,VNM
M-6683,2023-08-09,VNM
M-6684,2023-08-07,VNM
M-6685,2023-08-04,VNM
M-6686,2023-08-04,VNM
M-6687,2023-08-04,LAO
M-6688,2023-08-04,VNM
M-6689,2023-08-11,KHM
M-6690,2023-08-05,VNM
M-6691,2023-08-11,VNM
M-6692,2023-08-06,VNM
M-6693,2023-08-06,VNM
M-6694,2023-08-11,VNM
M-6695,2023-08-09,VNM
M-6696,2023-08-05,KHM
M-6697,2023-08-06,VNM
M-6698,2023-08-09,VNM
M-6699,2023-08-04,VNM
M-6700,2023-08-11,VNM
M-6701,2023-08-04,VNM
M-6702,2023-08-05,VNM
M-6703,2023-08-09,KHM
M-6704,2023-08-11,VNM
M-6705,2023-08-11,VNM
M-6706,2023-08-06,VNM
M-6707,2023-08-11,VNM
M-6708,2023-08-07,VNM
M-6709,2023-08-07,VNM
M-6710,2023-08-05,VNM
M-6711,2023-08-05,VNM
M-6712,2023-08-05,VNM
M-6713,2023-08-05,VNM
M-6714,2023-08-11,VNM
M-6715,2023-08-04,VNM
M-6716,2023-08-05,VNM
M-6717,2023-08-04,VNM
M-6718,2023-08-05,VNM
M-6719,2023-08-05,VNM
M-6720,2023-08-11,VNM
M-6721,2023-08-10,VNM
M-6722,2023-08-09,VNM
M-6723,2023-08-09,VNM
M-6724,2023-08-11,VNM
M-6725,2023-08-10,VNM
M-6726,2023-08-10,VNM
M-6727,2023-08-06,VNM
M-6728,2023-08-04,VNM
M-6729,2023-08-11,VNM
M-6730,2023-08-11,VNM
M-6731,2023-08-04,VNM
M-6732,2023-08-11,VNM
M-6733,2023-08-05,VNM
M-6734,2023-08-07,VNM
M-6735,2023-08-11,VNM
M-6736,2023-08-05,VNM
M-6737,2023-08-04,VNM
M-6738,2023-08-11,VNM
M-6739,2023-08-11,VNM
M-6740,2023-08-11,VNM
M-6741,2023-08-11,VNM
M-6742,2023-08-11,VNM
M-6743,2023-08-04,VNM
M-6744,2023-08-07,VNM
M-6745,2023-08-09,VNM
M-6746,2023-08-06,VNM
M-6747,2023-08-04,VNM
M-6748,2023-08-07,KHM
M-6749,2023-08-11,VNM
M-6750,2023-08-07,VNM
M-6751,2023-08-11,VNM
M-6752,2023-08-10,VNM
M-6753,2023-08-05,VNM
M-6754,2023-08-11,VNM
M-6755,2023-08-11,VNM
M-6756,2023-08-11,VNM
M-6757,2023-08-05,KHM
M-6758,2023-08-04,LAO
M-6759,2023-08-05,VNM
M-6760,2023-08-05,KHM
M-6761,2023-08-04,VNM
M-6762,2023-08-11,VNM
M-6763,2023-08-05,KHM
M-6764,2023-08-05,VNM
M-6765,2023-08-04,VNM
M-6766,2023-08-05,THA
M-6767,2023-08-04,THA
M-6768,2023-08-06,THA
M-6769,2023-08-09,VNM
M-6770,2023-08-06,VNM
M-6771,2023-08-11,THA
M-6772,2023-08-11,KHM
M-6773,2023-08-05,VNM
M-6774,2023-08-11,VNM
M-6775,2023-08-09,VNM
M-6776,2023-08-05,VNM
M-6777,2023-08-06,VNM
M-6778,2023-08-06,KHM
M-6779,2023-08-11,KHM
M-6780,2023-08-06,THA
M-6781,2023-08-04,THA
M-6782,2023-08-11,THA
M-6783,2023-08-04,VNM
M-6784,2023-08-11,VNM
M-6785,2023-08-07,VNM
M-6786,2023-08-07,VNM
M-6787,2023-08-06,VNM
M-6788,2023-08-11,VNM
M-6789,2023-08-05,VNM
M-6790,2023-08-09,THA
M-6791,2023-08-05,THA
M-6792,2023-08-09,KHM
M-6793,2023-08-05,KHM
M-6794,2023-08-05,KHM
M-6795,2023-08-05,VNM
M-6796,2023-08-07,LAO
M-6797,2023-08-04,VNM
M-6798,2023-08-05,VNM
M-6799,2023-08-11,VNM
M-6800,2023-08-05,VNM
M-6801,2023-08-10,VNM
M-6802,2023-08-04,VNM
M-6803,2023-08-11,VNM
M-6804,2023-08-09,VNM
M-6805,2023-08-05,VNM
M-6806,2023-08-05,VNM
M-6807,2023-08-04,VNM
M-6808,2023-08-11,VNM
M-6809,2023-08-05,VNM
M-6810,2023-08-11,VNM
M-6811,2023-08-10,VNM
M-6812,2023-08-11,VNM
M-6813,2023-08-10,VNM
M-6814,2023-08-05,VNM
M-6815,2023-08-11,VNM
M-6816,2023-08-11,VNM
M-6817,2023-08-11,THA
M-6818,2023-08-11,VNM
M-6819,2023-08-06,VNM
M-6820,2023-08-05,VNM
M-6821,2023-08-11,VNM
M-6822,2023-08-04,VNM
M-6823,2023-08-10,VNM
M-6824,2023-08-05,VNM
M-6825,2023-08-11,KHM
M-6826,2023-08-06,VNM
M-6827,2023-08-11,VNM
M-6828,2023-08-06,VNM
M-6829,2023-08-04,VNM
M-6830,2023-08-04,VNM
M-6831,2023-08-11,VNM
M-6832,2023-08-11,VNM
M-6833,2023-08-11,VNM
M-6834,2023-08-06,VNM
M-6835,2023-08-05,VNM
M-6836,2023-08-11,VNM
M-6837,2023-08-07,VNM
M-6838,2023-08-06,VNM
M-6839,2023-08-11,VNM
M-6840,2023-08-11,VNM
M-6841,2023-08-04,THA
M-6842,2023-08-05,THA
M-6843,2023-08-04,VNM
M-6844,2023-08-04,VNM
M-6845,2023-08-05,VNM
M-6846,2023-08-11,VNM
M-6847,2023-08-04,VNM
M-6848,2023-08-05,VNM
M-6849,2023-08-10,VNM
M-6850,2023-08-04,VNM
M-6851,2023-08-10,VNM
M-6852,2023-08-05,THA
M-6853,2023-08-04,THA
M-6854,2023-08-06,THA
M-6855,2023-08-10,KHM
M-6856,2023-08-11,VNM
M-6857,2023-08-05,VNM
M-6858,2023-08-11,VNM
M-6859,2023-08-06,VNM
M-6860,2023-08-05,KHM
M-6861,2023-08-04,VNM
M-6862,2023-08-11,VNM
M-6863,2023-08-04,VNM
M-6864,2023-08-11,VNM
M-6865,2023-08-11,VNM
M-6866,2023-08-05,VNM
M-6867,2023-08-05,VNM
M-6868,2023-08-11,VNM
M-6869,2023-08-11,LAO
M-6870,2023-08-11,THA
M-6871,2023-08-11,VNM
M-6872,2023-08-11,VNM
M-6873,2023-08-04,VNM
M-6874,2023-08-11,VNM
M-6875,2023-08-04,VNM
M-6876,2023-08-05,KHM
M-6877,2023-08-09,VNM
M-6878,2023-08-04,VNM
M-6879,2023-08-04,VNM
M-6880,2023-08-11,VNM
M-6881,2023-08-11,VNM
M-6882,2023-08-06,VNM
M-6883,2023-08-11,KHM
M-6884,2023-08-11,KHM
M-6885,2023-08-06,KHM
M-6886,2023-08-10,THA
M-6887,2023-08-10,KHM
M-6888,2023-08-11,VNM
M-6889,2023-08-11,VNM
M-6890,2023-08-10,VNM
M-6891,2023-08-04,VNM
M-6892,2023-08-10,KHM
M-6893,2023-08-11,VNM
M-6894,2023-08-10,VNM
M-6895,2023-08-11,VNM
M-6896,2023-08-04,VNM
M-6897,2023-08-04,VNM
M-6898,2023-08-11,VNM
M-6899,2023-08-10,VNM
M-6900,2023-08-11,VNM
M-6901,2023-08-09,THA
M-6902,2023-08-11,THA
M-6903,2023-08-09,VNM
M-6904,2023-08-05,VNM
M-6905,2023-08-05,VNM
M-6906,2023-08-06,VNM
M-6907,2023-08-11,VNM
M-6908,2023-08-04,VNM
M-6909,2023-08-04,VNM
M-6910,2023-08-05,VNM
M-6911,2023-08-11,VNM
M-6912,2023-08-10,VNM
M-6913,2023-08-11,VNM
M-6914,2023-08-11,VNM
M-6915,2023-08-06,VNM
M-6916,2023-08-10,VNM
M-6917,2023-08-11,VNM
M-6918,2023-08-04,VNM
M-6919,2023-08-04,VNM
M-6920,2023-08-11,VNM
M-6921,2023-08-11,VNM
M-6922,2023-08-05,VNM
M-6923,2023-08-06,VNM
M-6924,2023-08-05,VNM
M-6925,2023-08-05,VNM
M-6926,2023-08-05,VNM
M-6927,2023-08-11,VNM
M-6928,2023-08-07,VNM
M-6929,2023-08-04,KHM
M-6930,2023-08-04,THA
M-6931,2023-08-09,VNM
M-6932,2023-08-04,VNM
M-6933,2023-08-05,VNM
M-6934,2023-08-09,THA
M-6935,2023-08-05,THA
M-6936,2023-08-05,VNM
M-6937,2023-08-06,VNM
M-6938,2023-08-04,VNM
M-6939,2023-08-11,KHM
M-6940,2023-08-06,VNM
M-6941,2023-08-07,VNM
M-6942,2023-08-11,VNM
M-6943,2023-08-05,VNM
M-6944,2023-08-06,VNM
M-6945,2023-08-04,VNM
M-6946,2023-08-11,VNM
M-6947,2023-08-05,VNM
M-6948,2023-08-05,VNM
M-6949,2023-08-11,VNM
M-6950,2023-08-11,VNM
M-6951,2023-08-04,VNM
M-6952,2023-08-06,VNM
M-6953,2023-08-11,THA
M-6954,2023-08-04,VNM
M-6955,2023-08-09,VNM
M-6956,2023-08-05,VNM
M-6957,2023-08-07,VNM
M-6958,2023-08-10,VNM
M-6959,2023-08-11,VNM
M-6960,2023-08-06,VNM
M-6961,2023-08-05,VNM
M-6962,2023-08-11,VNM
M-6963,2023-08-04,THA
M-6964,2023-08-09,VNM
M-6965,2023-08-09,VNM
M-6966,2023-08-04,VNM
M-6967,2023-08-05,VNM
M-6968,2023-08-09,VNM
M-6969,2023-08-06,VNM
M-6970,2023-08-11,VNM
M-6971,2023-08-11,VNM
M-6972,2023-08-11,VNM
M-6973,2023-08-10,VNM
M-6974,2023-08-05,KHM
M-6975,2023-08-04,VNM
M-6976,2023-08-10,VNM
M-6977,2023-08-05,VNM
M-6978,2023-08-11,VNM
M-6979,2023-08-05,VNM
M-6980,2023-08-05,VNM
M-6981,2023-08-04,VNM
M-6982,2023-08-05,LAO
M-6983,2023-08-11,VNM
M-6984,2023-08-07,VNM
M-6985,2023-08-11,VNM
M-6986,2023-08-06,VNM
M-6987,2023-08-10,VNM
M-6988,2023-08-05,VNM
M-6989,2023-08-09,VNM
M-6990,2023-08-10,THA
M-6991,2023-08-11,VNM
M-6992,2023-08-11,VNM
M-6993,2023-08-11,VNM
M-6994,2023-08-11,VNM
M-6995,2023-08-05,VNM
M-6996,2023-08-05,VNM
M-6997,2023-08-11,VNM
M-6998,2023-08-07,VNM
M-6999,2023-08-11,VNM
M-7000,2023-08-11,VNM
M-7001,2023-08-06,VNM
M-7002,2023-08-11,VNM
M-7003,2023-08-11,VNM
M-7004,2023-08-05,THA
M-7005,2023-08-06,THA
M-7006,2023-08-06,THA
M-7007,2023-08-06,VNM
M-7008,2023-08-10,VNM
M-7009,2023-08-11,VNM
M-7010,2023-08-04,VNM
M-7011,2023-08-04,VNM
M-7012,2023-08-09,VNM
M-7013,2023-08-11,VNM
M-7014,2023-08-09,THA
M-7015,2023-08-11,VNM
M-7016,2023-08-07,VNM
M-7017,2023-08-06,VNM
M-7018,2023-08-10,VNM
M-7019,2023-08-06,VNM
M-7020,2023-08-11,VNM
M-7021,2023-08-11,VNM
M-7022,2023-08-11,VNM
M-7023,2023-08-09,VNM
M-7024,2023-08-11,VNM
M-7025,2023-08-11,VNM
M-7026,2023-08-11,VNM
M-7027,2023-08-05,VNM
M-7028,2023-08-06,KHM
M-7029,2023-08-11,VNM
M-7030,2023-08-11,VNM
M-7031,2023-08-05,THA
M-7032,2023-08-10,VNM
M-7033,2023-08-05,VNM
M-7034,2023-08-07,THA
M-7035,2023-08-05,VNM
M-7036,2023-08-11,VNM
M-7037,2023-08-11,VNM
M-7038,2023-08-11,VNM
M-7039,2023-08-11,VNM
M-7040,2023-08-06,KHM
M-7041,2023-08-11,VNM
M-7042,2023-08-11,VNM
M-7043,2023-08-04,VNM
M-7044,2023-08-06,VNM
M-7045,2023-08-05,VNM
M-7046,2023-08-05,VNM
M-7047,2023-08-04,VNM
M-7048,2023-08-04,VNM
M-7049,2023-08-11,VNM
M-7050,2023-08-11,VNM
M-7051,2023-08-11,VNM
M-7052,2023-08-04,VNM
M-7053,2023-08-07,LAO
M-7054,2023-08-05,VNM
M-7055,2023-08-11,VNM
M-7056,2023-08-11,VNM
M-7057,2023-08-05,THA
M-7058,2023-08-04,VNM
M-7059,2023-08-11,VNM
M-7060,2023-08-05,VNM
M-7061,2023-08-05,VNM
M-7062,2023-08-11,CHN
M-7063,2023-08-11,VNM
M-7064,2023-08-05,VNM
M-7065,2023-08-05,VNM
M-7066,2023-08-06,VNM
M-7067,2023-08-09,KHM
M-7068,2023-08-11,VNM
M-7069,2023-08-06,VNM
M-7070,2023-08-05,KHM
M-7071,2023-08-04,THA
M-7072,2023-08-07,VNM
M-7073,2023-08-11,VNM
M-7074,2023-08-04,VNM
M-7075,2023-08-06,VNM
M-7076,2023-08-06,VNM
M-7077,2023-08-10,KHM
M-7078,2023-08-11,VNM
M-7079,2023-08-11,VNM
M-7080,2023-08-11,THA
M-7081,2023-08-05,THA
M-7082,2023-08-05,VNM
M-7083,2023-08-07,VNM
M-7084,2023-08-04,VNM
M-7085,2023-08-04,VNM
M-7086,2023-08-07,VNM
M-7087,2023-08-11,VNM
M-7088,2023-08-11,VNM
M-7089,2023-08-11,VNM
M-7090,2023-08-11,VNM
M-7091,2023-08-05,VNM
M-7092,2023-08-11,VNM
M-7093,2023-08-11,VNM
M-7094,2023-08-05,VNM
M-7095,2023-08-11,THA
M-7096,2023-08-11,VNM
M-7097,2023-08-11,VNM
M-7098,2023-08-04,VNM
M-7099,2023-08-09,VNM
M-7100,2023-08-05,KHM
M-7101,2023-08-11,VNM
M-7102,2023-08-11,VNM
M-7103,2023-08-10,VNM
M-7104,2023-08-11,VNM
M-7105,2023-08-06,LAO
M-7106,2023-08-05,VNM
M-7107,2023-08-04,VNM
M-7108,2023-08-04,KHM
M-7109,2023-08-05,VNM
M-7110,2023-08-07,VNM
M-7111,2023-08-11,LAO
M-7112,2023-08-04,LAO
M-7113,2023-08-11,VNM
M-7114,2023-08-11,VNM
M-7115,2023-08-07,LAO
M-7116,2023-08-04,VNM
M-7117,2023-08-11,VNM
M-7118,2023-08-05,VNM
M-7119,2023-08-11,VNM
M-7120,2023-08-06,VNM
M-7121,2023-08-11,VNM
M-7122,2023-08-05,VNM
M-7123,2023-08-11,VNM
M-7124,2023-08-05,VNM
M-7125,2023-08-05,VNM
M-7126,2023-08-05,VNM
M-7127,2023-08-11,VNM
M-7128,2023-08-05,VNM
M-7129,2023-08-06,VNM
M-7130,2023-08-11,VNM
M-7131,2023-08-09,THA
M-7132,2023-08-04,THA
M-7133,2023-08-06,VNM
M-7134,2023-08-11,VNM
M-7135,2023-08-11,VNM
M-7136,2023-08-07,VNM
M-7137,2023-08-06,VNM
M-7138,2023-08-09,VNM
M-7139,2023-08-06,VNM
M-7140,2023-08-07,VNM
M-7141,2023-08-06,VNM
M-7142,2023-08-11,VNM
M-7143,2023-08-11,VNM
M-7144,2023-08-05,KHM
M-7145,2023-08-11,VNM
M-7146,2023-08-11,VNM
M-7147,2023-08-04,VNM
M-7148,2023-08-05,VNM
M-7149,2023-08-11,VNM
M-7150,2023-08-05,VNM
M-7151,2023-08-04,VNM
M-7152,2023-08-11,VNM
M-7153,2023-08-11,VNM
M-7154,2023-08-06,VNM
M-7155,2023-08-11,LAO
M-7156,2023-08-11,LAO
M-7157,2023-08-07,VNM
M-7158,2023-08-11,THA
M-7159,2023-08-11,VNM
M-7160,2023-08-05,VNM
M-7161,2023-08-09,VNM
M-7162,2023-08-11,VNM
M-7163,2023-08-07,VNM
M-7164,2023-08-11,LAO
M-7165,2023-08-07,VNM
M-7166,2023-08-11,VNM
M-7167,2023-08-10,VNM
M-7168,2023-08-04,VNM
M-7169,2023-08-09,VNM
M-7170,2023-08-06,VNM
M-7171,2023-08-09,VNM
M-7172,2023-08-09,VNM
M-7173,2023-08-06,VNM
M-7174,2023-08-04,LAO
M-7175,2023-08-11,VNM
M-7176,2023-08-05,VNM
M-7177,2023-08-11,VNM
M-7178,2023-08-05,VNM
M-7179,2023-08-11,VNM
M-7180,2023-08-05,THA
M-7181,2023-08-11,THA
M-7182,2023-08-05,LAO
M-7183,2023-08-09,LAO
M-7184,2023-08-07,VNM
M-7185,2023-08-04,THA
M-7186,2023-08-04,VNM
M-7187,2023-08-07,VNM
M-7188,2023-08-07,VNM
M-7189,2023-08-04,VNM
M-7190,2023-08-06,VNM
M-7191,2023-08-05,VNM
M-7192,2023-08-11,VNM
M-7193,2023-08-04,VNM
M-7194,2023-08-07,VNM
M-7195,2023-08-06,VNM
M-7196,2023-08-05,VNM
M-7197,2023-08-11,VNM
M-7198,2023-08-11,VNM
M-7199,2023-08-10,VNM
M-7200,2023-08-11,VNM
M-7201,2023-08-10,LAO
M-7202,2023-08-11,VNM
M-7203,2023-08-11,VNM
M-7204,2023-08-05,VNM
M-7205,2023-08-05,VNM
M-7206,2023-08-09,VNM
M-7207,2023-08-09,VNM
M-7208,2023-08-09,KHM
M-7209,2023-08-11,THA
M-7210,2023-08-04,VNM
M-7211,2023-08-11,VNM
M-7212,2023-08-09,VNM
M-7213,2023-08-05,VNM
M-7214,2023-08-05,VNM
M-7215,2023-08-10,VNM
M-7216,2023-08-05,VNM
M-7217,2023-08-11,VNM
M-7218,2023-08-06,VNM
M-7219,2023-08-11,VNM
M-7220,2023-08-07,VNM
M-7221,2023-08-11,VNM
M-7222,2023-08-09,VNM
M-7223,2023-08-10,VNM
M-7224,2023-08-09,VNM
M-7225,2023-08-07,VNM
M-7226,2023-08-04,VNM
M-7227,2023-08-11,VNM
M-7228,2023-08-05,VNM
M-7229,2023-08-11,VNM
M-7230,2023-08-11,VNM
M-7231,2023-08-11,VNM
M-7232,2023-08-06,VNM
M-7233,2023-08-11,VNM
M-7234,2023-08-05,VNM
M-7235,2023-08-05,VNM
M-7236,2023-08-04,VNM
M-7237,2023-08-10,VNM
M-7238,2023-08-11,VNM
M-7239,2023-08-05,VNM
M-7240,2023-08-05,LAO
M-7241,2023-08-05,LAO
M-7242,2023-08-05,VNM
M-7243,2023-08-09,VNM
M-7244,2023-08-06,VNM
M-7245,2023-08-06,VNM
M-7246,2023-08-11,VNM
M-7247,2023-08-05,VNM
M-7248,2023-08-07,VNM
M-7249,2023-08-11,VNM
M-7250,2023-08-06,VNM
M-7251,2023-08-04,VNM
M-7252,2023-08-11,VNM
M-7253,2023-08-07,VNM
M-7254,2023-08-05,VNM
M-7255,2023-08-11,VNM
M-7256,2023-08-11,VNM
M-7257,2023-08-05,VNM
M-7258,2023-08-11,VNM
M-7259,2023-08-11,VNM
M-7260,2023-08-05,KHM
M-7261,2023-08-07,VNM
M-7262,2023-08-06,VNM
M-7263,2023-08-05,VNM
M-7264,2023-08-10,VNM
M-7265,2023-08-11,VNM
M-7266,2023-08-06,VNM
M-7267,2023-08-11,VNM
M-7268,2023-08-05,VNM
M-7269,2023-08-05,THA
M-7270,2023-08-05,VNM
M-7271,2023-08-11,VNM
M-7272,2023-08-04,THA
M-7273,2023-08-05,THA
M-7274,2023-08-11,THA
M-7275,2023-08-04,VNM
H-2285,2023-08-11,VNM
H-2286,2023-08-11,VNM
H-2287,2023-08-11,KHM
H-2288,2023-08-11,KHM
H-2289,2023-08-11,VNM
H-2290,2023-08-11,VNM
H-2291,2023-08-11,VNM
H-2292,2023-08-11,CHN
H-2293,2023-08-11,VNM
H-2294,2023-08-11,VNM
H-2295,2023-08-11,VNM
H-2296,2023-08-11,VNM
H-2297,2023-08-11,VNM
H-2298,2023-08-11,VNM
H-2299,2023-08-11,VNM
H-2300,2023-08-11,CHN
H-2301,2023-08-11,VNM
H-2302,2023-08-11,KHM
H-2303,2023-08-11,VNM
H-2304,2023-08-11,THA
H-2305,2023-08-11,THA
H-2306,2023-08-11,VNM
H-2307,2023-08-11,VNM
H-2308,2023-08-11,VNM
H-2309,2023-08-11,VNM
H-2310,2023-08-11,VNM
H-2311,2023-08-11,VNM
H-2312,2023-08-11,VNM
H-2313,2023-08-11,VNM
H-2314,2023-08-11,VNM
H-2315,2023-08-11,VNM
H-2316,2023-08-11,VNM
H-2317,2023-08-11,KHM
H-2318,2023-08-11,VNM
H-2319,2023-08-11,VNM
H-2320,2023-08-11,THA
H-2321,2023-08-11,VNM
H-2322,2023-08-11,KHM
H-2323,2023-08-11,VNM
H-2324,2023-08-11,VNM
H-2325,2023-08-11,CHN
H-2326,2023-08-11,LAO
H-2327,2023-08-11,VNM
H-2328,2023-08-11,VNM
H-2329,2023-08-11,VNM
H-2330,2023-08-11,VNM
H-2331,2023-08-11,VNM
H-2332,2023-08-11,VNM
H-2333,2023-08-11,VNM
H-2334,2023-08-11,LAO
H-2335,2023-08-11,VNM
H-2336,2023-08-11,VNM
H-2337,2023-08-11,VNM
H-2338,2023-08-11,VNM
H-2339,2023-08-11,VNM
H-2340,2023-08-11,VNM
H-2341,2023-08-11,VNM
H-2342,2023-08-11,VNM
H-2343,2023-08-11,VNM
H-2344,2023-08-11,VNM
H-2345,2023-08-11,VNM
H-2346,2023-08-11,VNM
H-2347,2023-08-11,LAO
H-2348,2023-08-11,VNM
H-2349,2023-08-11,VNM
H-2350,2023-08-11,CHN
H-2351,2023-08-11,THA
H-2352,2023-08-11,VNM
H-2353,2023-08-11,VNM
H-2354,2023-08-11,VNM
H-2355,2023-08-11,VNM
H-2356,2023-08-11,VNM
H-2357,2023-08-11,VNM
H-2358,2023-08-11,VNM
H-2359,2023-08-11,KHM
H-2360,2023-08-11,VNM
H-2361,2023-08-11,VNM
H-2362,2023-08-11,THA
H-2363,2023-08-11,VNM
H-2364,2023-08-11,VNM
H-2365,2023-08-11,KHM
H-2366,2023-08-11,VNM
H-2367,2023-08-11,VNM
H-2368,2023-08-11,VNM
H-2369,2023-08-11,VNM
H-2370,2023-08-11,VNM
H-2371,2023-08-11,KHM
H-2372,2023-08-11,VNM
H-2373,2023-08-11,VNM
H-2374,2023-08-11,VNM
H-2375,2023-08-11,KHM
H-2376,2023-08-11,CHN
H-2377,2023-08-11,VNM
H-2378,2023-08-11,KHM
H-2379,2023-08-11,THA
H-2380,2023-08-11,THA
H-2381,2023-08-11,VNM
H-2382,2023-08-11,VNM
H-2383,2023-08-11,VNM
H-2384,2023-08-11,THA
H-2385,2023-08-11,VNM
H-2386,2023-08-11,VNM
H-2387,2023-08-11,VNM
H-2388,2023-08-11,VNM
H-2389,2023-08-11,VNM
H-2390,2023-08-11,VNM
H-2391,2023-08-11,KHM
H-2392,2023-08-11,VNM
H-2393,2023-08-11,VNM
H-2394,2023-08-11,THA
H-2395,2023-08-11,VNM
H-2396,2023-08-11,VNM
H-2397,2023-08-11,VNM
H-2398,2023-08-11,VNM
H-2399,2023-08-11,VNM
H-2400,2023-08-11,VNM
H-2401,2023-08-11,VNM
H-2402,2023-08-11,VNM
H-2403,2023-08-11,VNM
H-2404,2023-08-11,VNM
H-2405,2023-08-11,VNM
H-2406,2023-08-11,KHM
H-2407,2023-08-11,THA
H-2408,2023-08-11,VNM
H-2409,2023-08-11,VNM
H-2410,2023-08-11,VNM
H-2411,2023-08-11,KHM
H-2412,2023-08-11,VNM
H-2413,2023-08-11,VNM
H-2414,2023-08-11,VNM
H-2415,2023-08-11,VNM
H-2416,2023-08-11,VNM
H-2417,2023-08-11,VNM
H-2418,2023-08-11,VNM
H-2419,2023-08-11,THA
H-2420,2023-08-11,THA
H-2421,2023-08-11,KHM
H-2422,2023-08-11,VNM
H-2423,2023-08-11,VNM
H-2424,2023-08-11,LAO
H-2425,2023-08-11,VNM
H-2426,2023-08-11,VNM
H-2427,2023-08-11,VNM
H-2428,2023-08-11,VNM
H-2429,2023-08-11,VNM
H-2430,2023-08-11,VNM
H-2431,2023-08-11,VNM
H-2432,2023-08-11,VNM
H-2433,2023-08-11,VNM
H-2434,2023-08-11,THA
H-2435,2023-08-11,KHM
H-2436,2023-08-11,VNM
H-2437,2023-08-11,LAO
H-2438,2023-08-11,VNM
H-2439,2023-08-11,VNM
H-2440,2023-08-11,VNM
H-2441,2023-08-11,VNM
H-2442,2023-08-11,LAO
H-2443,2023-08-11,VNM
H-2444,2023-08-11,THA
H-2445,2023-08-11,VNM
H-2446,2023-08-11,VNM
H-2447,2023-08-11,VNM
H-2448,2023-08-11,KHM
H-2449,2023-08-11,THA
H-2450,2023-08-11,THA
H-2451,2023-08-11,THA
H-2452,2023-08-11,VNM
H-2453,2023-08-11,VNM
H-2454,2023-08-11,VNM
H-2455,2023-08-11,THA
H-2456,2023-08-11,KHM
H-2457,2023-08-11,VNM
H-2458,2023-08-11,VNM
H-2459,2023-08-11,VNM
H-2460,2023-08-11,CHN
H-2461,2023-08-11,VNM
H-2462,2023-08-11,VNM
H-2463,2023-08-11,VNM
H-2464,2023-08-11,VNM
H-2465,2023-08-11,VNM
H-2466,2023-08-11,THA
H-2467,2023-08-11,VNM
H-2468,2023-08-11,VNM
H-2469,2023-08-11,VNM
H-2470,2023-08-11,CHN
H-2471,2023-08-11,VNM
H-2472,2023-08-11,VNM
H-2473,2023-08-11,VNM
H-2474,2023-08-11,LAO
H-2475,2023-08-11,KHM
H-2476,2023-08-11,VNM
H-2477,2023-08-11,VNM
H-2478,2023-08-11,VNM
H-2479,2023-08-11,THA
H-2480,2023-08-11,VNM
H-2481,2023-08-11,VNM
H-2482,2023-08-11,KHM
H-2483,2023-08-11,VNM
H-2484,2023-08-11,KHM
H-2485,2023-08-11,KHM
H-2486,2023-08-11,VNM
H-2487,2023-08-11,LAO
H-2488,2023-08-11,VNM
H-2489,2023-08-11,VNM
H-2490,2023-08-11,VNM
H-2491,2023-08-11,VNM
H-2492,2023-08-11,VNM
H-2493,2023-08-11,VNM
H-2494,2023-08-11,VNM
H-2495,2023-08-11,VNM
H-2496,2023-08-11,VNM
H-2497,2023-08-11,VNM
H-2498,2023-08-11,VNM
H-2499,2023-08-11,VNM
H-2500,2023-08-11,KHM
H-2501,2023-08-11,VNM
H-2502,2023-08-11,VNM
H-2503,2023-08-11,VNM
H-2504,2023-08-11,VNM
H-2505,2023-08-11,VNM
H-2506,2023-08-11,VNM
H-2507,2023-08-11,VNM
H-2508,2023-08-11,VNM
H-2509,2023-08-11,KHM
H-2510,2023-08-11,VNM
H-2511,2023-08-11,VNM
H-2512,2023-08-11,VNM
H-2513,2023-08-11,VNM
H-2514,2023-08-11,CHN
H-2515,2023-08-11,THA
H-2516,2023-08-11,VNM
H-2517,2023-08-11,VNM
H-2518,2023-08-11,VNM
H-2519,2023-08-11,VNM
H-2520,2023-08-11,THA
H-2521,2023-08-11,LAO
H-2522,2023-08-11,LAO
H-2523,2023-08-11,VNM
H-2524,2023-08-11,VNM
H-2525,2023-08-11,VNM
H-2526,2023-08-11,VNM
H-2527,2023-08-11,VNM
H-2528,2023-08-11,KHM
H-2529,2023-08-11,VNM
H-2530,2023-08-11,VNM
H-2531,2023-08-11,VNM
H-2532,2023-08-11,THA
H-2533,2023-08-11,VNM
H-2534,2023-08-11,VNM
H-2535,2023-08-11,VNM
H-2536,2023-08-11,VNM
H-2537,2023-08-11,VNM
M-7276,2023-08-06,VNM
M-7277,2023-08-06,VNM
M-7278,2023-08-09,VNM
M-7279,2023-08-11,VNM
M-7280,2023-08-05,VNM
M-7281,2023-08-11,VNM
M-7282,2023-08-05,VNM
M-7283,2023-08-09,CHN
M-7284,2023-08-05,CHN
M-7285,2023-08-06,VNM
M-7286,2023-08-06,VNM
M-7287,2023-08-11,THA
M-7288,2023-08-11,VNM
M-7289,2023-08-07,VNM
M-7290,2023-08-11,VNM
M-7291,2023-08-11,VNM
M-7292,2023-08-10,VNM
M-7293,2023-08-05,VNM
M-7294,2023-08-11,VNM
M-7295,2023-08-05,LAO
M-7296,2023-08-11,LAO
M-7297,2023-08-05,LAO
M-7298,2023-08-11,VNM
M-7299,2023-08-11,VNM
M-7300,2023-08-11,VNM
M-7301,2023-08-09,VNM
M-7302,2023-08-10,VNM
M-7303,2023-08-05,VNM
M-7304,2023-08-05,VNM
M-7305,2023-08-10,VNM
M-7306,2023-08-11,VNM
M-7307,2023-08-11,VNM
M-7308,2023-08-05,VNM
M-7309,2023-08-11,VNM
M-7310,2023-08-11,VNM
M-7311,2023-08-06,VNM
M-7312,2023-08-11,VNM
M-7313,2023-08-05,VNM
M-7314,2023-08-10,VNM
M-7315,2023-08-05,VNM
M-7316,2023-08-11,VNM
M-7317,2023-08-07,VNM
M-7318,2023-08-11,VNM
M-7319,2023-08-11,VNM
M-7320,2023-08-11,VNM
M-7321,2023-08-11,VNM
M-7322,2023-08-05,VNM
M-7323,2023-08-10,VNM
M-7324,2023-08-11,VNM
M-7325,2023-08-11,VNM
M-7326,2023-08-09,VNM
M-7327,2023-08-11,VNM
M-7328,2023-08-05,LAO
M-7329,2023-08-11,VNM
M-7330,2023-08-07,VNM
M-7331,2023-08-11,VNM
M-7332,2023-08-09,VNM
M-7333,2023-08-07,VNM
M-7334,2023-08-05,VNM
M-7335,2023-08-11,VNM
M-7336,2023-08-11,KHM
M-7337,2023-08-06,KHM
M-7338,2023-08-11,VNM
M-7339,2023-08-07,VNM
M-7340,2023-08-06,VNM
M-7341,2023-08-11,KHM
M-7342,2023-08-10,VNM
M-7343,2023-08-09,VNM
M-7344,2023-08-11,THA
M-7345,2023-08-11,THA
M-7346,2023-08-11,VNM
M-7347,2023-08-11,VNM
M-7348,2023-08-11,KHM
M-7349,2023-08-11,VNM
M-7350,2023-08-07,VNM
M-7351,2023-08-05,VNM
M-7352,2023-08-05,VNM
M-7353,2023-08-11,VNM
M-7354,2023-08-11,THA
M-7355,2023-08-11,CHN
M-7356,2023-08-05,KHM
M-7357,2023-08-05,VNM
M-7358,2023-08-05,VNM
M-7359,2023-08-11,THA
M-7360,2023-08-05,VNM
M-7361,2023-08-11,LAO
M-7362,2023-08-07,VNM
M-7363,2023-08-11,VNM
M-7364,2023-08-05,VNM
M-7365,2023-08-05,LAO
M-7366,2023-08-10,VNM
M-7367,2023-08-06,VNM
M-7368,2023-08-05,VNM
M-7369,2023-08-05,VNM
M-7370,2023-08-07,VNM
M-7371,2023-08-11,VNM
M-7372,2023-08-06,LAO
M-7373,2023-08-11,VNM
M-7374,2023-08-11,VNM
M-7375,2023-08-11,VNM
M-7376,2023-08-11,VNM
M-7377,2023-08-09,VNM
M-7378,2023-08-05,VNM
M-7379,2023-08-11,VNM
M-7380,2023-08-10,VNM
M-7381,2023-08-11,VNM
M-7382,2023-08-11,VNM
M-7383,2023-08-11,VNM
M-7384,2023-08-05,KHM
M-7385,2023-08-11,VNM
M-7386,2023-08-06,VNM
M-7387,2023-08-10,VNM
M-7388,2023-08-11,VNM
M-7389,2023-08-11,VNM
M-7390,2023-08-11,VNM
M-7391,2023-08-05,KHM
M-7392,2023-08-05,VNM
M-7393,2023-08-07,VNM
M-7394,2023-08-10,VNM
M-7395,2023-08-09,VNM
M-7396,2023-08-11,VNM
M-7397,2023-08-11,VNM
M-7398,2023-08-05,VNM
M-7399,2023-08-11,VNM
M-7400,2023-08-11,VNM
M-7401,2023-08-05,VNM
M-7402,2023-08-11,VNM
M-7403,2023-08-06,VNM
M-7404,2023-08-11,VNM
M-7405,2023-08-06,VNM
M-7406,2023-08-05,LAO
M-7407,2023-08-11,VNM
M-7408,2023-08-11,VNM
M-7409,2023-08-11,VNM
M-7410,2023-08-11,VNM
M-7411,2023-08-09,VNM
M-7412,2023-08-11,VNM
M-7413,2023-08-05,VNM
M-7414,2023-08-05,VNM
M-7415,2023-08-09,VNM
M-7416,2023-08-05,VNM
M-7417,2023-08-11,KHM
M-7418,2023-08-06,KHM
M-7419,2023-08-05,VNM
M-7420,2023-08-06,VNM
M-7421,2023-08-05,THA
M-7422,2023-08-09,VNM
M-7423,2023-08-11,LAO
M-7424,2023-08-10,LAO
M-7425,2023-08-09,VNM
M-7426,2023-08-05,VNM
M-7427,2023-08-06,VNM
M-7428,2023-08-07,VNM
M-7429,2023-08-05,VNM
M-7430,2023-08-05,VNM
M-7431,2023-08-05,VNM
M-7432,2023-08-11,VNM
M-7433,2023-08-05,VNM
M-7434,2023-08-11,VNM
M-7435,2023-08-10,VNM
M-7436,2023-08-06,VNM
M-7437,2023-08-06,VNM
M-7438,2023-08-05,KHM
M-7439,2023-08-05,KHM
M-7440,2023-08-11,VNM
M-7441,2023-08-10,VNM
M-7442,2023-08-10,VNM
M-7443,2023-08-06,VNM
M-7444,2023-08-11,VNM
M-7445,2023-08-06,VNM
M-7446,2023-08-11,VNM
M-7447,2023-08-07,VNM
M-7448,2023-08-11,KHM
M-7449,2023-08-11,THA
M-7450,2023-08-09,LAO
M-7451,2023-08-11,VNM
M-7452,2023-08-05,VNM
M-7453,2023-08-05,KHM
M-7454,2023-08-09,KHM
M-7455,2023-08-05,VNM
M-7456,2023-08-09,VNM
M-7457,2023-08-05,LAO
M-7458,2023-08-11,VNM
M-7459,2023-08-11,THA
M-7460,2023-08-06,VNM
M-7461,2023-08-07,VNM
M-7462,2023-08-05,THA
M-7463,2023-08-05,VNM
M-7464,2023-08-10,VNM
M-7465,2023-08-11,VNM
M-7466,2023-08-07,VNM
M-7467,2023-08-06,VNM
M-7468,2023-08-11,VNM
M-7469,2023-08-05,THA
M-7470,2023-08-11,THA
M-7471,2023-08-05,VNM
M-7472,2023-08-11,VNM
M-7473,2023-08-05,THA
M-7474,2023-08-05,THA
M-7475,2023-08-06,THA
M-7476,2023-08-11,VNM
M-7477,2023-08-06,KHM
M-7478,2023-08-05,THA
M-7479,2023-08-10,VNM
M-7480,2023-08-05,VNM
M-7481,2023-08-11,LAO
M-7482,2023-08-05,VNM
M-7483,2023-08-05,VNM
M-7484,2023-08-11,VNM
M-7485,2023-08-11,VNM
M-7486,2023-08-05,VNM
M-7487,2023-08-05,VNM
M-7488,2023-08-05,VNM
M-7489,2023-08-05,VNM
M-7490,2023-08-07,VNM
M-7491,2023-08-05,VNM
M-7492,2023-08-06,VNM
M-7493,2023-08-11,THA
M-7494,2023-08-09,VNM
M-7495,2023-08-05,VNM
M-7496,2023-08-05,VNM
M-7497,2023-08-11,VNM
M-7498,2023-08-11,VNM
M-7499,2023-08-10,VNM
M-7500,2023-08-06,VNM
M-7501,2023-08-05,VNM
M-7502,2023-08-05,VNM
M-7503,2023-08-11,VNM
M-7504,2023-08-05,KHM
M-7505,2023-08-11,KHM
M-7506,2023-08-11,VNM
M-7507,2023-08-05,VNM
M-7508,2023-08-06,KHM
M-7509,2023-08-07,VNM
M-7510,2023-08-07,VNM
M-7511,2023-08-06,VNM
M-7512,2023-08-09,VNM
M-7513,2023-08-11,VNM
M-7514,2023-08-05,VNM
M-7515,2023-08-07,VNM
M-7516,2023-08-11,VNM
M-7517,2023-08-11,VNM
M-7518,2023-08-11,VNM
M-7519,2023-08-11,VNM
M-7520,2023-08-07,VNM
M-7521,2023-08-05,VNM
M-7522,2023-08-11,VNM
M-7523,2023-08-06,KHM
M-7524,2023-08-05,VNM
M-7525,2023-08-11,VNM
M-7526,2023-08-05,VNM
M-7527,2023-08-05,VNM
M-7528,2023-08-05,CHN
M-7529,2023-08-11,VNM
M-7530,2023-08-05,VNM
M-7531,2023-08-07,THA
M-7532,2023-08-11,VNM
M-7533,2023-08-10,VNM
M-7534,2023-08-09,VNM
M-7535,2023-08-09,VNM
M-7536,2023-08-06,VNM
M-7537,2023-08-09,VNM
M-7538,2023-08-10,VNM
M-7539,2023-08-11,VNM
M-7540,2023-08-05,VNM
M-7541,2023-08-05,VNM
M-7542,2023-08-10,VNM
M-7543,2023-08-07,VNM
M-7544,2023-08-11,VNM
M-7545,2023-08-09,VNM
M-7546,2023-08-11,KHM
M-7547,2023-08-05,VNM
M-7548,2023-08-11,VNM
M-7549,2023-08-11,VNM
M-7550,2023-08-10,KHM
M-7551,2023-08-07,VNM
M-7552,2023-08-11,VNM
M-7553,2023-08-05,VNM
M-7554,2023-08-06,VNM
M-7555,2023-08-09,LAO
M-7556,2023-08-09,VNM
M-7557,2023-08-05,VNM
M-7558,2023-08-11,VNM
M-7559,2023-08-11,VNM
M-7560,2023-08-05,VNM
M-7561,2023-08-11,KHM
M-7562,2023-08-10,KHM
M-7563,2023-08-11,VNM
M-7564,2023-08-11,VNM
M-7565,2023-08-05,VNM
M-7566,2023-08-05,VNM
M-7567,2023-08-11,LAO
M-7568,2023-08-05,VNM
M-7569,2023-08-09,VNM
M-7570,2023-08-05,VNM
M-7571,2023-08-06,VNM
M-7572,2023-08-09,VNM
M-7573,2023-08-11,VNM
M-7574,2023-08-06,VNM
M-7575,2023-08-07,VNM
M-7576,2023-08-05,VNM
M-7577,2023-08-11,VNM
M-7578,2023-08-06,KHM
M-7579,2023-08-11,KHM
M-7580,2023-08-11,THA
M-7581,2023-08-11,THA
M-7582,2023-08-05,VNM
M-7583,2023-08-11,KHM
M-7584,2023-08-05,KHM
M-7585,2023-08-11,VNM
M-7586,2023-08-09,VNM
M-7587,2023-08-05,VNM
M-7588,2023-08-07,KHM
M-7589,2023-08-09,VNM
M-7590,2023-08-06,VNM
M-7591,2023-08-10,VNM
M-7592,2023-08-11,VNM
M-7593,2023-08-07,VNM
M-7594,2023-08-05,VNM
M-7595,2023-08-05,VNM
M-7596,2023-08-05,VNM
M-7597,2023-08-05,VNM
M-7598,2023-08-05,VNM
M-7599,2023-08-11,THA
M-7600,2023-08-11,THA
M-7601,2023-08-11,VNM
M-7602,2023-08-09,KHM
M-7603,2023-08-11,VNM
M-7604,2023-08-07,VNM
M-7605,2023-08-06,VNM
M-7606,2023-08-11,VNM
M-7607,2023-08-06,VNM
M-7608,2023-08-11,THA
M-7609,2023-08-07,THA
M-7610,2023-08-07,THA
M-7611,2023-08-05,VNM
M-7612,2023-08-05,VNM
M-7613,2023-08-05,VNM
M-7614,2023-08-11,VNM
M-7615,2023-08-11,VNM
M-7616,2023-08-05,VNM
M-7617,2023-08-09,VNM
M-7618,2023-08-09,VNM
M-7619,2023-08-06,VNM
M-7620,2023-08-05,VNM
M-7621,2023-08-05,VNM
M-7622,2023-08-05,VNM
M-7623,2023-08-06,VNM
M-7624,2023-08-11,VNM
M-7625,2023-08-05,VNM
M-7626,2023-08-06,VNM
M-7627,2023-08-05,VNM
M-7628,2023-08-05,VNM
M-7629,2023-08-11,VNM
M-7630,2023-08-11,VNM
M-7631,2023-08-11,VNM
M-7632,2023-08-11,VNM
M-7633,2023-08-10,VNM
M-7634,2023-08-11,VNM
M-7635,2023-08-05,VNM
M-7636,2023-08-05,VNM
M-7637,2023-08-05,VNM
M-7638,2023-08-07,THA
M-7639,2023-08-11,VNM
M-7640,2023-08-06,VNM
M-7641,2023-08-06,VNM
M-7642,2023-08-07,VNM
M-7643,2023-08-07,VNM
M-7644,2023-08-07,KHM
M-7645,2023-08-11,THA
M-7646,2023-08-10,VNM
M-7647,2023-08-06,VNM
M-7648,2023-08-05,VNM
M-7649,2023-08-11,VNM
M-7650,2023-08-05,VNM
M-7651,2023-08-09,VNM
M-7652,2023-08-11,VNM
M-7653,2023-08-07,THA
M-7654,2023-08-11,KHM
M-7655,2023-08-09,VNM
M-7656,2023-08-10,VNM
M-7657,2023-08-07,VNM
M-7658,2023-08-11,KHM
M-7659,2023-08-07,VNM
M-7660,2023-08-11,VNM
M-7661,2023-08-06,VNM
M-7662,2023-08-11,VNM
M-7663,2023-08-06,VNM
M-7664,2023-08-11,VNM
M-7665,2023-08-06,VNM
M-7666,2023-08-06,VNM
M-7667,2023-08-07,VNM
M-7668,2023-08-10,VNM
M-7669,2023-08-11,VNM
M-7670,2023-08-11,VNM
M-7671,2023-08-06,VNM
M-7672,2023-08-07,VNM
M-7673,2023-08-05,VNM
M-7674,2023-08-11,VNM
M-7675,2023-08-05,VNM
M-7676,2023-08-05,VNM
M-7677,2023-08-05,VNM
M-7678,2023-08-11,VNM
M-7679,2023-08-05,VNM
M-7680,2023-08-07,VNM
M-7681,2023-08-11,VNM
M-7682,2023-08-11,VNM
M-7683,2023-08-05,VNM
M-7684,2023-08-06,VNM
M-7685,2023-08-11,VNM
M-7686,2023-08-06,THA
M-7687,2023-08-05,THA
M-7688,2023-08-11,THA
M-7689,2023-08-05,VNM
M-7690,2023-08-11,VNM
M-7691,2023-08-05,VNM
M-7692,2023-08-09,VNM
M-7693,2023-08-05,VNM
M-7694,2023-08-11,VNM
M-7695,2023-08-09,VNM
M-7696,2023-08-05,VNM
M-7697,2023-08-05,VNM
M-7698,2023-08-06,VNM
M-7699,2023-08-07,VNM
M-7700,2023-08-10,VNM
M-7701,2023-08-11,VNM
M-7702,2023-08-05,VNM
M-7703,2023-08-11,VNM
M-7704,2023-08-09,VNM
M-7705,2023-08-06,VNM
M-7706,2023-08-09,VNM
M-7707,2023-08-11,VNM
M-7708,2023-08-11,VNM
M-7709,2023-08-11,VNM
M-7710,2023-08-05,VNM
M-7711,2023-08-11,VNM
M-7712,2023-08-11,VNM
M-7713,2023-08-11,VNM
M-7714,2023-08-05,LAO
M-7715,2023-08-05,VNM
M-7716,2023-08-11,VNM
M-7717,2023-08-11,THA
M-7718,2023-08-11,VNM
M-7719,2023-08-07,VNM
M-7720,2023-08-09,VNM
M-7721,2023-08-05,VNM
M-7722,2023-08-05,VNM
M-7723,2023-08-05,VNM
M-7724,2023-08-11,VNM
M-7725,2023-08-11,VNM
M-7726,2023-08-07,THA
M-7727,2023-08-05,VNM
M-7728,2023-08-09,VNM
M-7729,2023-08-11,THA
M-7730,2023-08-07,VNM
M-7731,2023-08-11,VNM
M-7732,2023-08-11,VNM
M-7733,2023-08-09,VNM
M-7734,2023-08-06,VNM
M-7735,2023-08-09,VNM
M-7736,2023-08-06,VNM
M-7737,2023-08-11,VNM
M-7738,2023-08-09,VNM
M-7739,2023-08-05,VNM
M-7740,2023-08-05,VNM
M-7741,2023-08-06,VNM
M-7742,2023-08-09,LAO
M-7743,2023-08-11,VNM
M-7744,2023-08-06,VNM
M-7745,2023-08-11,VNM
M-7746,2023-08-05,VNM
M-7747,2023-08-11,VNM
M-7748,2023-08-06,VNM
M-7749,2023-08-11,VNM
M-7750,2023-08-06,VNM
M-7751,2023-08-07,VNM
M-7752,2023-08-11,VNM
M-7753,2023-08-11,THA
M-7754,2023-08-10,VNM
M-7755,2023-08-05,VNM
M-7756,2023-08-05,VNM
M-7757,2023-08-10,VNM
M-7758,2023-08-11,VNM
M-7759,2023-08-11,VNM
M-7760,2023-08-11,VNM
M-7761,2023-08-11,THA
M-7762,2023-08-06,VNM
M-7763,2023-08-05,VNM
M-7764,2023-08-09,VNM
M-7765,2023-08-07,VNM
M-7766,2023-08-07,VNM
M-7767,2023-08-11,VNM
M-7768,2023-08-09,VNM
M-7769,2023-08-11,VNM
M-7770,2023-08-11,VNM
M-7771,2023-08-11,VNM
M-7772,2023-08-05,VNM
M-7773,2023-08-11,VNM
M-7774,2023-08-07,VNM
M-7775,2023-08-11,VNM
M-7776,2023-08-11,VNM
M-7777,2023-08-11,VNM
M-7778,2023-08-11,VNM
M-7779,2023-08-10,VNM
M-7780,2023-08-11,THA
M-7781,2023-08-11,VNM
M-7782,2023-08-07,VNM
M-7783,2023-08-11,VNM
M-7784,2023-08-11,VNM
M-7785,2023-08-06,VNM
M-7786,2023-08-11,VNM
M-7787,2023-08-05,VNM
M-7788,2023-08-11,VNM
M-7789,2023-08-11,VNM
M-7790,2023-08-06,VNM
M-7791,2023-08-11,VNM
M-7792,2023-08-05,VNM
M-7793,2023-08-11,VNM
M-7794,2023-08-11,VNM
M-7795,2023-08-07,VNM
M-7796,2023-08-05,VNM
M-7797,2023-08-11,VNM
M-7798,2023-08-11,VNM
M-7799,2023-08-05,VNM
M-7800,2023-08-05,VNM
M-7801,2023-08-10,VNM
M-7802,2023-08-11,VNM
M-7803,2023-08-05,VNM
M-7804,2023-08-05,VNM
M-7805,2023-08-11,VNM
M-7806,2023-08-05,VNM
M-7807,2023-08-05,VNM
M-7808,2023-08-05,VNM
M-7809,2023-08-05,THA
M-7810,2023-08-05,THA
M-7811,2023-08-06,VNM
M-7812,2023-08-05,VNM
M-7813,2023-08-06,VNM
M-7814,2023-08-05,VNM
M-7815,2023-08-07,VNM
M-7816,2023-08-11,VNM
M-7817,2023-08-06,VNM
M-7818,2023-08-11,VNM
M-7819,2023-08-11,VNM
M-7820,2023-08-05,VNM
M-7821,2023-08-05,KHM
M-7822,2023-08-05,VNM
M-7823,2023-08-05,VNM
M-7824,2023-08-11,KHM
M-7825,2023-08-11,VNM
M-7826,2023-08-09,VNM
M-7827,2023-08-11,VNM
M-7828,2023-08-07,VNM
M-7829,2023-08-11,THA
M-7830,2023-08-10,THA
M-7831,2023-08-10,VNM
M-7832,2023-08-11,VNM
M-7833,2023-08-05,VNM
M-7834,2023-08-05,VNM
M-7835,2023-08-10,VNM
M-7836,2023-08-05,VNM
M-7837,2023-08-05,VNM
M-7838,2023-08-05,VNM
M-7839,2023-08-11,VNM
M-7840,2023-08-11,VNM
M-7841,2023-08-06,VNM
M-7842,2023-08-11,VNM
M-7843,2023-08-05,VNM
M-7844,2023-08-10,VNM
M-7845,2023-08-10,VNM
M-7846,2023-08-10,KHM
M-7847,2023-08-11,VNM
M-7848,2023-08-05,VNM
M-7849,2023-08-11,KHM
M-7850,2023-08-11,THA
M-7851,2023-08-11,VNM
M-7852,2023-08-06,LAO
M-7853,2023-08-07,VNM
M-7854,2023-08-11,VNM
M-7855,2023-08-06,THA
M-7856,2023-08-11,VNM
M-7857,2023-08-10,THA
M-7858,2023-08-10,VNM
M-7859,2023-08-05,VNM
M-7860,2023-08-11,VNM
M-7861,2023-08-10,VNM
M-7862,2023-08-05,VNM
M-7863,2023-08-11,VNM
M-7864,2023-08-11,VNM
M-7865,2023-08-11,VNM
M-7866,2023-08-09,VNM
M-7867,2023-08-10,VNM
M-7868,2023-08-11,VNM
M-7869,2023-08-05,VNM
M-7870,2023-08-05,VNM
M-7871,2023-08-10,LAO
M-7872,2023-08-11,VNM
M-7873,2023-08-05,VNM
M-7874,2023-08-11,KHM
M-7875,2023-08-11,VNM
M-7876,2023-08-09,LAO
M-7877,2023-08-07,VNM
M-7878,2023-08-11,VNM
M-7879,2023-08-05,VNM
M-7880,2023-08-09,VNM
M-7881,2023-08-07,VNM
M-7882,2023-08-05,VNM
M-7883,2023-08-07,VNM
M-7884,2023-08-11,VNM
M-7885,2023-08-11,VNM
M-7886,2023-08-11,VNM
M-7887,2023-08-11,VNM
M-7888,2023-08-05,VNM
M-7889,2023-08-07,VNM
M-7890,2023-08-07,VNM
M-7891,2023-08-11,THA
M-7892,2023-08-07,VNM
M-7893,2023-08-11,VNM
M-7894,2023-08-10,VNM
M-7895,2023-08-11,VNM
M-7896,2023-08-05,VNM
M-7897,2023-08-09,THA
M-7898,2023-08-05,VNM
M-7899,2023-08-05,VNM
M-7900,2023-08-11,VNM
M-7901,2023-08-11,VNM
M-7902,2023-08-11,VNM
M-7903,2023-08-07,VNM
M-7904,2023-08-11,VNM
M-7905,2023-08-05,VNM
M-7906,2023-08-05,VNM
M-7907,2023-08-11,LAO
M-7908,2023-08-06,KHM
M-7909,2023-08-07,VNM
M-7910,2023-08-11,LAO
M-7911,2023-08-11,LAO
M-7912,2023-08-05,LAO
M-7913,2023-08-11,VNM
M-7914,2023-08-05,THA
M-7915,2023-08-11,THA
M-7916,2023-08-09,VNM
M-7917,2023-08-06,LAO
M-7918,2023-08-07,VNM
M-7919,2023-08-06,VNM
M-7920,2023-08-11,VNM
M-7921,2023-08-10,THA
M-7922,2023-08-07,THA
M-7923,2023-08-06,VNM
M-7924,2023-08-10,VNM
M-7925,2023-08-11,VNM
M-7926,2023-08-05,VNM
M-7927,2023-08-06,VNM
M-7928,2023-08-11,VNM
M-7929,2023-08-10,VNM
M-7930,2023-08-11,LAO
M-7931,2023-08-11,VNM
M-7932,2023-08-05,VNM
M-7933,2023-08-11,VNM
M-7934,2023-08-07,VNM
M-7935,2023-08-11,VNM
M-7936,2023-08-10,KHM
M-7937,2023-08-11,VNM
M-7938,2023-08-05,VNM
M-7939,2023-08-09,VNM
M-7940,2023-08-11,THA
M-7941,2023-08-07,VNM
M-7942,2023-08-11,VNM
M-7943,2023-08-05,VNM
M-7944,2023-08-05,VNM
M-7945,2023-08-07,VNM
M-7946,2023-08-11,VNM
M-7947,2023-08-11,VNM
M-7948,2023-08-06,VNM
M-7949,2023-08-06,VNM
M-7950,2023-08-11,VNM
M-7951,2023-08-05,VNM
M-7952,2023-08-06,VNM
M-7953,2023-08-11,VNM
M-7954,2023-08-09,VNM
M-7955,2023-08-11,VNM
M-7956,2023-08-06,VNM
M-7957,2023-08-06,VNM
M-7958,2023-08-11,VNM
M-7959,2023-08-05,VNM
M-7960,2023-08-11,VNM
M-7961,2023-08-07,VNM
M-7962,2023-08-05,VNM
M-7963,2023-08-11,VNM
M-7964,2023-08-11,LAO
M-7965,2023-08-11,VNM
M-7966,2023-08-05,KHM
M-7967,2023-08-09,KHM
M-7968,2023-08-07,KHM
M-7969,2023-08-09,VNM
M-7970,2023-08-11,VNM
M-7971,2023-08-09,KHM
M-7972,2023-08-05,VNM
M-7973,2023-08-06,VNM
M-7974,2023-08-11,VNM
M-7975,2023-08-05,VNM
M-7976,2023-08-06,VNM
M-7977,2023-08-06,VNM
M-7978,2023-08-11,VNM
M-7979,2023-08-09,VNM
M-7980,2023-08-07,VNM
M-7981,2023-08-11,VNM
M-7982,2023-08-05,KHM
M-7983,2023-08-05,VNM
M-7984,2023-08-06,VNM
M-7985,2023-08-11,VNM
M-7986,2023-08-07,CHN
M-7987,2023-08-11,VNM
M-7988,2023-08-06,VNM
M-7989,2023-08-11,VNM
M-7990,2023-08-05,VNM
M-7991,2023-08-11,THA
M-7992,2023-08-11,VNM
M-7993,2023-08-05,VNM
H-2538,2023-08-11,KHM
H-2539,2023-08-11,VNM
H-2540,2023-08-11,VNM
H-2541,2023-08-11,VNM
H-2542,2023-08-11,VNM
H-2543,2023-08-11,KHM
H-2544,2023-08-11,VNM
H-2545,2023-08-11,VNM
H-2546,2023-08-11,VNM
H-2547,2023-08-11,VNM
H-2548,2023-08-11,VNM
H-2549,2023-08-11,VNM
H-2550,2023-08-11,VNM
H-2551,2023-08-11,VNM
H-2552,2023-08-11,VNM
H-2553,2023-08-11,VNM
H-2554,2023-08-11,VNM
H-2555,2023-08-11,THA
H-2556,2023-08-11,VNM
H-2557,2023-08-11,VNM
H-2558,2023-08-11,VNM
H-2559,2023-08-11,THA
H-2560,2023-08-11,VNM
H-2561,2023-08-11,VNM
H-2562,2023-08-11,VNM
H-2563,2023-08-11,VNM
H-2564,2023-08-11,KHM
H-2565,2023-08-11,VNM
H-2566,2023-08-11,VNM
H-2567,2023-08-11,KHM
H-2568,2023-08-11,THA
H-2569,2023-08-11,THA
H-2570,2023-08-11,VNM
H-2571,2023-08-11,VNM
H-2572,2023-08-11,VNM
H-2573,2023-08-11,VNM
H-2574,2023-08-11,VNM
H-2575,2023-08-11,VNM
H-2576,2023-08-11,LAO
H-2577,2023-08-11,VNM
H-2578,2023-08-11,KHM
H-2579,2023-08-11,VNM
H-2580,2023-08-11,VNM
H-2581,2023-08-11,VNM
H-2582,2023-08-11,VNM
H-2583,2023-08-11,VNM
H-2584,2023-08-11,VNM
H-2585,2023-08-11,VNM
H-2586,2023-08-11,VNM
H-2587,2023-08-11,VNM
H-2588,2023-08-11,VNM
H-2589,2023-08-11,VNM
H-2590,2023-08-11,KHM
H-2591,2023-08-11,VNM
H-2592,2023-08-11,CHN
H-2593,2023-08-11,VNM
H-2594,2023-08-11,VNM
H-2595,2023-08-11,VNM
H-2596,2023-08-11,VNM
H-2597,2023-08-11,THA
H-2598,2023-08-11,THA
H-2599,2023-08-11,VNM
H-2600,2023-08-11,LAO
H-2601,2023-08-11,VNM
H-2602,2023-08-11,VNM
H-2603,2023-08-11,LAO
H-2604,2023-08-11,VNM
H-2605,2023-08-11,VNM
H-2606,2023-08-11,VNM
H-2607,2023-08-11,VNM
H-2608,2023-08-11,VNM
H-2609,2023-08-11,VNM
H-2610,2023-08-11,VNM
H-2611,2023-08-11,VNM
H-2612,2023-08-11,VNM
H-2613,2023-08-11,VNM
H-2614,2023-08-11,THA
H-2615,2023-08-11,VNM
H-2616,2023-08-11,THA
H-2617,2023-08-11,VNM
H-2618,2023-08-11,VNM
H-2619,2023-08-11,VNM
H-2620,2023-08-11,CHN
H-2621,2023-08-11,VNM
H-2622,2023-08-11,KHM
H-2623,2023-08-11,VNM
H-2624,2023-08-11,THA
H-2625,2023-08-11,VNM
H-2626,2023-08-11,VNM
H-2627,2023-08-11,VNM
H-2628,2023-08-11,VNM
H-2629,2023-08-11,VNM
H-2630,2023-08-11,CHN
H-2631,2023-08-11,VNM
H-2632,2023-08-11,VNM
H-2633,2023-08-11,THA
H-2634,2023-08-11,VNM
H-2635,2023-08-11,VNM
H-2636,2023-08-11,VNM
H-2637,2023-08-11,VNM
H-2638,2023-08-11,KHM
H-2639,2023-08-11,VNM
H-2640,2023-08-11,VNM
H-2641,2023-08-11,VNM
H-2642,2023-08-11,KHM
H-2643,2023-08-11,VNM
H-2644,2023-08-11,VNM
H-2645,2023-08-11,THA
H-2646,2023-08-11,KHM
H-2647,2023-08-11,KHM
H-2648,2023-08-11,KHM
H-2649,2023-08-11,VNM
H-2650,2023-08-11,VNM
H-2651,2023-08-11,VNM
H-2652,2023-08-11,LAO
H-2653,2023-08-11,VNM
H-2654,2023-08-11,VNM
H-2655,2023-08-11,CHN
H-2656,2023-08-11,VNM
H-2657,2023-08-11,VNM
H-2658,2023-08-11,VNM
H-2659,2023-08-11,VNM
H-2660,2023-08-11,VNM
H-2661,2023-08-11,VNM
H-2662,2023-08-11,VNM
H-2663,2023-08-11,THA
H-2664,2023-08-11,VNM
H-2665,2023-08-11,VNM
H-2666,2023-08-11,VNM
H-2667,2023-08-11,CHN
H-2668,2023-08-11,KHM
H-2669,2023-08-11,THA
H-2670,2023-08-11,VNM
H-2671,2023-08-11,LAO
H-2672,2023-08-11,VNM
H-2673,2023-08-11,VNM
H-2674,2023-08-11,LAO
H-2675,2023-08-11,VNM
H-2676,2023-08-11,VNM
H-2677,2023-08-11,VNM
H-2678,2023-08-11,VNM
H-2679,2023-08-11,VNM
H-2680,2023-08-11,VNM
H-2681,2023-08-11,LAO
H-2682,2023-08-11,VNM
H-2683,2023-08-11,THA
H-2684,2023-08-11,VNM
H-2685,2023-08-11,VNM
H-2686,2023-08-11,VNM
H-2687,2023-08-11,CHN
H-2688,2023-08-11,VNM
H-2689,2023-08-11,VNM
H-2690,2023-08-11,KHM
H-2691,2023-08-11,VNM
H-2692,2023-08-11,VNM
H-2693,2023-08-11,VNM
H-2694,2023-08-11,VNM
H-2695,2023-08-11,VNM
H-2696,2023-08-11,VNM
H-2697,2023-08-11,VNM
H-2698,2023-08-11,VNM
H-2699,2023-08-11,VNM
H-2700,2023-08-11,VNM
H-2701,2023-08-11,VNM
H-2702,2023-08-11,THA
H-2703,2023-08-11,VNM
H-2704,2023-08-11,VNM
H-2705,2023-08-11,VNM
H-2706,2023-08-11,VNM
H-2707,2023-08-11,VNM
H-2708,2023-08-11,VNM
H-2709,2023-08-11,VNM
H-2710,2023-08-11,VNM
H-2711,2023-08-11,VNM
H-2712,2023-08-11,VNM
H-2713,2023-08-11,KHM
H-2714,2023-08-11,VNM
H-2715,2023-08-11,VNM
H-2716,2023-08-11,VNM
H-2717,2023-08-11,VNM
H-2718,2023-08-11,KHM
H-2719,2023-08-11,THA
H-2720,2023-08-11,VNM
H-2721,2023-08-11,LAO
H-2722,2023-08-11,THA
H-2723,2023-08-11,LAO
H-2724,2023-08-11,VNM
H-2725,2023-08-11,VNM
H-2726,2023-08-11,VNM
H-2727,2023-08-11,VNM
H-2728,2023-08-11,VNM
H-2729,2023-08-11,THA
H-2730,2023-08-11,VNM
H-2731,2023-08-11,VNM
H-2732,2023-08-11,VNM
H-2733,2023-08-11,THA
H-2734,2023-08-11,VNM
H-2735,2023-08-11,VNM
H-2736,2023-08-11,VNM
H-2737,2023-08-11,THA
H-2738,2023-08-11,VNM
H-2739,2023-08-11,VNM
H-2740,2023-08-11,VNM
H-2741,2023-08-11,CHN
H-2742,2023-08-11,VNM
H-2743,2023-08-11,VNM
H-2744,2023-08-11,VNM
H-2745,2023-08-11,VNM
H-2746,2023-08-11,VNM
H-2747,2023-08-11,VNM
H-2748,2023-08-11,VNM
H-2749,2023-08-11,VNM
H-2750,2023-08-11,VNM
H-2751,2023-08-11,VNM
H-2752,2023-08-11,CHN
H-2753,2023-08-11,VNM
H-2754,2023-08-11,VNM
H-2755,2023-08-11,THA
H-2756,2023-08-11,VNM
H-2757,2023-08-11,LAO
H-2758,2023-08-11,VNM
H-2759,2023-08-11,VNM
H-2760,2023-08-11,VNM
H-2761,2023-08-11,CHN
H-2762,2023-08-11,THA
H-2763,2023-08-11,VNM
H-2764,2023-08-11,THA
H-2765,2023-08-11,KHM
H-2766,2023-08-11,VNM
H-2767,2023-08-11,VNM
H-2768,2023-08-11,THA
H-2769,2023-08-11,VNM
H-2770,2023-08-11,VNM
H-2771,2023-08-11,VNM
H-2772,2023-08-11,THA
H-2773,2023-08-11,VNM
H-2774,2023-08-11,VNM
H-2775,2023-08-11,VNM
H-2776,2023-08-11,VNM
H-2777,2023-08-11,THA
H-2778,2023-08-11,VNM
H-2779,2023-08-11,VNM
H-2780,2023-08-11,VNM
H-2781,2023-08-11,VNM
H-2782,2023-08-11,VNM
H-2783,2023-08-11,VNM
H-2784,2023-08-11,VNM
H-2785,2023-08-11,VNM
H-2786,2023-08-11,VNM
H-2787,2023-08-11,VNM
H-2788,2023-08-11,KHM
H-2789,2023-08-11,VNM
H-2790,2023-08-11,VNM
H-2791,2023-08-11,VNM
H-2792,2023-08-11,VNM
H-2793,2023-08-11,VNM
H-2794,2023-08-11,VNM
H-2795,2023-08-11,VNM
H-2796,2023-08-11,VNM
H-2797,2023-08-11,VNM
H-2798,2023-08-11,VNM
H-2799,2023-08-11,LAO
H-2800,2023-08-11,VNM
H-2801,2023-08-11,VNM
H-2802,2023-08-11,VNM
H-2803,2023-08-11,VNM
M-7994,2023-08-06,VNM
M-7995,2023-08-05,VNM
M-7996,2023-08-05,VNM
M-7997,2023-08-11,VNM
M-7998,2023-08-06,VNM
M-7999,2023-08-11,VNM
M-8000,2023-08-10,VNM
M-8001,2023-08-06,THA
M-8002,2023-08-11,THA
M-8003,2023-08-11,VNM
M-8004,2023-08-10,VNM
M-8005,2023-08-06,LAO
M-8006,2023-08-07,VNM
M-8007,2023-08-07,VNM
M-8008,2023-08-10,VNM
M-8009,2023-08-11,VNM
M-8010,2023-08-11,VNM
M-8011,2023-08-11,VNM
M-8012,2023-08-11,VNM
M-8013,2023-08-07,VNM
M-8014,2023-08-11,VNM
M-8015,2023-08-05,VNM
M-8016,2023-08-11,VNM
M-8017,2023-08-11,VNM
M-8018,2023-08-05,VNM
M-8019,2023-08-11,VNM
M-8020,2023-08-11,VNM
M-8021,2023-08-10,VNM
M-8022,2023-08-11,VNM
M-8023,2023-08-11,VNM
M-8024,2023-08-07,VNM
M-8025,2023-08-05,VNM
M-8026,2023-08-05,VNM
M-8027,2023-08-11,VNM
M-8028,2023-08-10,VNM
M-8029,2023-08-05,VNM
M-8030,2023-08-11,VNM
M-8031,2023-08-11,KHM
M-8032,2023-08-06,VNM
M-8033,2023-08-05,VNM
M-8034,2023-08-11,VNM
M-8035,2023-08-11,KHM
M-8036,2023-08-11,KHM
M-8037,2023-08-06,VNM
M-8038,2023-08-11,VNM
M-8039,2023-08-11,KHM
M-8040,2023-08-06,THA
M-8041,2023-08-11,VNM
M-8042,2023-08-11,VNM
M-8043,2023-08-10,VNM
M-8044,2023-08-07,THA
M-8045,2023-08-11,THA
M-8046,2023-08-06,VNM
M-8047,2023-08-06,VNM
M-8048,2023-08-11,VNM
M-8049,2023-08-07,KHM
M-8050,2023-08-06,VNM
M-8051,2023-08-11,VNM
M-8052,2023-08-09,VNM
M-8053,2023-08-11,VNM
M-8054,2023-08-05,VNM
M-8055,2023-08-06,KHM
M-8056,2023-08-10,KHM
M-8057,2023-08-05,VNM
M-8058,2023-08-11,VNM
M-8059,2023-08-11,VNM
M-8060,2023-08-05,VNM
M-8061,2023-08-05,VNM
M-8062,2023-08-06,VNM
M-8063,2023-08-05,VNM
M-8064,2023-08-05,VNM
M-8065,2023-08-11,KHM
M-8066,2023-08-11,LAO
M-8067,2023-08-11,VNM
M-8068,2023-08-11,VNM
M-8069,2023-08-09,VNM
M-8070,2023-08-11,VNM
M-8071,2023-08-11,VNM
M-8072,2023-08-06,VNM
M-8073,2023-08-09,VNM
M-8074,2023-08-09,VNM
M-8075,2023-08-07,VNM
M-8076,2023-08-06,VNM
M-8077,2023-08-06,LAO
M-8078,2023-08-07,VNM
M-8079,2023-08-11,VNM
M-8080,2023-08-11,VNM
M-8081,2023-08-07,VNM
M-8082,2023-08-11,VNM
M-8083,2023-08-11,VNM
M-8084,2023-08-09,VNM
M-8085,2023-08-07,VNM
M-8086,2023-08-11,VNM
M-8087,2023-08-07,VNM
M-8088,2023-08-11,VNM
M-8089,2023-08-11,KHM
M-8090,2023-08-11,VNM
M-8091,2023-08-06,VNM
M-8092,2023-08-11,VNM
M-8093,2023-08-05,VNM
M-8094,2023-08-11,VNM
M-8095,2023-08-11,VNM
M-8096,2023-08-11,VNM
M-8097,2023-08-10,VNM
M-8098,2023-08-11,VNM
M-8099,2023-08-11,VNM
M-8100,2023-08-06,VNM
M-8101,2023-08-05,VNM
M-8102,2023-08-07,VNM
M-8103,2023-08-11,KHM
M-8104,2023-08-11,KHM
M-8105,2023-08-05,VNM
M-8106,2023-08-06,VNM
M-8107,2023-08-11,VNM
M-8108,2023-08-11,VNM
M-8109,2023-08-05,VNM
M-8110,2023-08-06,VNM
M-8111,2023-08-11,VNM
M-8112,2023-08-11,KHM
M-8113,2023-08-11,KHM
M-8114,2023-08-11,KHM
M-8115,2023-08-05,VNM
M-8116,2023-08-09,VNM
M-8117,2023-08-05,VNM
M-8118,2023-08-11,VNM
M-8119,2023-08-09,VNM
M-8120,2023-08-07,VNM
M-8121,2023-08-05,KHM
M-8122,2023-08-11,THA
M-8123,2023-08-05,VNM
M-8124,2023-08-09,LAO
M-8125,2023-08-05,VNM
M-8126,2023-08-11,VNM
M-8127,2023-08-11,VNM
M-8128,2023-08-11,VNM
M-8129,2023-08-05,VNM
M-8130,2023-08-10,THA
M-8131,2023-08-06,VNM
M-8132,2023-08-05,KHM
M-8133,2023-08-11,KHM
M-8134,2023-08-06,VNM
M-8135,2023-08-07,VNM
M-8136,2023-08-11,VNM
M-8137,2023-08-11,VNM
M-8138,2023-08-11,VNM
M-8139,2023-08-07,KHM
M-8140,2023-08-11,KHM
M-8141,2023-08-11,THA
M-8142,2023-08-10,VNM
M-8143,2023-08-05,VNM
M-8144,2023-08-06,VNM
M-8145,2023-08-11,VNM
M-8146,2023-08-11,KHM
M-8147,2023-08-05,VNM
M-8148,2023-08-06,VNM
M-8149,2023-08-05,KHM
M-8150,2023-08-05,VNM
M-8151,2023-08-07,VNM
M-8152,2023-08-11,LAO
M-8153,2023-08-05,LAO
M-8154,2023-08-11,VNM
M-8155,2023-08-10,VNM
M-8156,2023-08-11,THA
M-8157,2023-08-11,THA
M-8158,2023-08-11,VNM
M-8159,2023-08-11,VNM
M-8160,2023-08-05,VNM
M-8161,2023-08-05,VNM
M-8162,2023-08-06,VNM
M-8163,2023-08-05,KHM
M-8164,2023-08-11,VNM
M-8165,2023-08-11,VNM
M-8166,2023-08-11,VNM
M-8167,2023-08-11,VNM
M-8168,2023-08-11,VNM
M-8169,2023-08-11,VNM
M-8170,2023-08-06,VNM
M-8171,2023-08-06,VNM
M-8172,2023-08-11,KHM
M-8173,2023-08-10,VNM
M-8174,2023-08-09,VNM
M-8175,2023-08-05,VNM
M-8176,2023-08-11,THA
M-8177,2023-08-06,VNM
M-8178,2023-08-07,CHN
M-8179,2023-08-10,VNM
M-8180,2023-08-06,VNM
M-8181,2023-08-11,VNM
M-8182,2023-08-11,VNM
M-8183,2023-08-05,VNM
M-8184,2023-08-06,THA
M-8185,2023-08-07,THA
M-8186,2023-08-11,VNM
M-8187,2023-08-06,LAO
M-8188,2023-08-09,VNM
M-8189,2023-08-11,VNM
M-8190,2023-08-09,VNM
M-8191,2023-08-11,VNM
M-8192,2023-08-07,VNM
M-8193,2023-08-10,VNM
M-8194,2023-08-07,VNM
M-8195,2023-08-11,CHN
M-8196,2023-08-05,VNM
M-8197,2023-08-06,VNM
M-8198,2023-08-11,VNM
M-8199,2023-08-10,VNM
M-8200,2023-08-05,VNM
M-8201,2023-08-11,VNM
M-8202,2023-08-11,THA
M-8203,2023-08-05,THA
M-8204,2023-08-11,VNM
M-8205,2023-08-05,LAO
M-8206,2023-08-11,LAO
M-8207,2023-08-11,VNM
M-8208,2023-08-11,VNM
M-8209,2023-08-11,VNM
M-8210,2023-08-11,VNM
M-8211,2023-08-11,VNM
M-8212,2023-08-11,VNM
M-8213,2023-08-07,VNM
M-8214,2023-08-11,VNM
M-8215,2023-08-06,VNM
M-8216,2023-08-05,KHM
M-8217,2023-08-11,VNM
M-8218,2023-08-11,VNM
M-8219,2023-08-11,VNM
M-8220,2023-08-11,VNM
M-8221,2023-08-09,VNM
M-8222,2023-08-11,VNM
M-8223,2023-08-09,VNM
M-8224,2023-08-11,VNM
M-8225,2023-08-06,VNM
M-8226,2023-08-10,VNM
M-8227,2023-08-05,VNM
M-8228,2023-08-11,VNM
M-8229,2023-08-11,VNM
M-8230,2023-08-05,VNM
M-8231,2023-08-11,VNM
M-8232,2023-08-11,VNM
M-8233,2023-08-11,VNM
M-8234,2023-08-11,VNM
M-8235,2023-08-11,VNM
M-8236,2023-08-11,VNM
M-8237,2023-08-11,VNM
M-8238,2023-08-06,VNM
M-8239,2023-08-09,VNM
M-8240,2023-08-07,VNM
M-8241,2023-08-07,VNM
M-8242,2023-08-11,VNM
M-8243,2023-08-11,VNM
M-8244,2023-08-09,VNM
M-8245,2023-08-11,VNM
M-8246,2023-08-10,VNM
M-8247,2023-08-07,VNM
M-8248,2023-08-11,VNM
M-8249,2023-08-07,VNM
M-8250,2023-08-11,VNM
M-8251,2023-08-07,VNM
M-8252,2023-08-11,VNM
M-8253,2023-08-05,KHM
M-8254,2023-08-09,KHM
M-8255,2023-08-11,VNM
M-8256,2023-08-06,VNM
M-8257,2023-08-09,VNM
M-8258,2023-08-07,VNM
M-8259,2023-08-11,VNM
M-8260,2023-08-09,VNM
M-8261,2023-08-11,VNM
M-8262,2023-08-11,KHM
M-8263,2023-08-11,KHM
M-8264,2023-08-05,VNM
M-8265,2023-08-09,VNM
M-8266,2023-08-10,VNM
M-8267,2023-08-06,VNM
M-8268,2023-08-11,VNM
M-8269,2023-08-05,THA
M-8270,2023-08-11,THA
M-8271,2023-08-06,THA
M-8272,2023-08-09,VNM
M-8273,2023-08-05,VNM
M-8274,2023-08-10,VNM
M-8275,2023-08-07,VNM
M-8276,2023-08-05,VNM
M-8277,2023-08-11,VNM
M-8278,2023-08-07,VNM
M-8279,2023-08-09,VNM
M-8280,2023-08-10,VNM
M-8281,2023-08-06,VNM
M-8282,2023-08-11,VNM
M-8283,2023-08-11,VNM
M-8284,2023-08-07,VNM
M-8285,2023-08-11,VNM
M-8286,2023-08-05,VNM
M-8287,2023-08-11,KHM
M-8288,2023-08-11,KHM
M-8289,2023-08-05,VNM
M-8290,2023-08-07,VNM
M-8291,2023-08-05,THA
M-8292,2023-08-11,THA
M-8293,2023-08-11,VNM
M-8294,2023-08-05,VNM
M-8295,2023-08-11,VNM
M-8296,2023-08-07,VNM
M-8297,2023-08-06,VNM
M-8298,2023-08-11,VNM
M-8299,2023-08-10,VNM
M-8300,2023-08-11,VNM
M-8301,2023-08-11,VNM
M-8302,2023-08-11,VNM
M-8303,2023-08-06,VNM
M-8304,2023-08-06,VNM
M-8305,2023-08-11,VNM
M-8306,2023-08-11,VNM
M-8307,2023-08-05,VNM
M-8308,2023-08-11,THA
M-8309,2023-08-05,THA
M-8310,2023-08-11,THA
M-8311,2023-08-11,THA
M-8312,2023-08-10,VNM
M-8313,2023-08-06,VNM
M-8314,2023-08-11,VNM
M-8315,2023-08-11,VNM
M-8316,2023-08-09,VNM
M-8317,2023-08-11,VNM
M-8318,2023-08-05,VNM
M-8319,2023-08-11,VNM
M-8320,2023-08-06,THA
M-8321,2023-08-06,VNM
M-8322,2023-08-07,VNM
M-8323,2023-08-10,VNM
M-8324,2023-08-11,VNM
M-8325,2023-08-11,VNM
M-8326,2023-08-06,VNM
M-8327,2023-08-09,VNM
M-8328,2023-08-11,VNM
M-8329,2023-08-11,VNM
M-8330,2023-08-11,VNM
M-8331,2023-08-09,VNM
M-8332,2023-08-05,VNM
M-8333,2023-08-06,VNM
M-8334,2023-08-06,VNM
M-8335,2023-08-07,VNM
M-8336,2023-08-11,VNM
M-8337,2023-08-11,VNM
M-8338,2023-08-11,VNM
M-8339,2023-08-11,VNM
M-8340,2023-08-06,VNM
M-8341,2023-08-11,VNM
M-8342,2023-08-11,VNM
M-8343,2023-08-11,VNM
M-8344,2023-08-11,VNM
M-8345,2023-08-05,VNM
M-8346,2023-08-10,VNM
M-8347,2023-08-09,VNM
M-8348,2023-08-11,VNM
M-8349,2023-08-07,VNM
M-8350,2023-08-11,VNM
M-8351,2023-08-10,VNM
M-8352,2023-08-11,VNM
M-8353,2023-08-06,VNM
M-8354,2023-08-07,VNM
M-8355,2023-08-05,LAO
M-8356,2023-08-05,LAO
M-8357,2023-08-06,KHM
M-8358,2023-08-11,KHM
M-8359,2023-08-11,VNM
M-8360,2023-08-11,VNM
M-8361,2023-08-06,VNM
M-8362,2023-08-05,THA
M-8363,2023-08-05,VNM
M-8364,2023-08-11,THA
M-8365,2023-08-11,KHM
M-8366,2023-08-11,VNM
M-8367,2023-08-11,VNM
M-8368,2023-08-11,VNM
M-8369,2023-08-05,VNM
M-8370,2023-08-11,VNM
M-8371,2023-08-11,VNM
M-8372,2023-08-10,VNM
M-8373,2023-08-05,VNM
M-8374,2023-08-11,VNM
M-8375,2023-08-05,VNM
M-8376,2023-08-11,VNM
M-8377,2023-08-05,VNM
M-8378,2023-08-11,VNM
M-8379,2023-08-09,VNM
M-8380,2023-08-11,VNM
M-8381,2023-08-05,VNM
M-8382,2023-08-07,VNM
M-8383,2023-08-11,VNM
M-8384,2023-08-11,VNM
M-8385,2023-08-09,VNM
M-8386,2023-08-11,KHM
M-8387,2023-08-06,THA
M-8388,2023-08-05,THA
M-8389,2023-08-09,VNM
M-8390,2023-08-07,VNM
M-8391,2023-08-09,VNM
M-8392,2023-08-10,VNM
M-8393,2023-08-05,VNM
M-8394,2023-08-05,VNM
M-8395,2023-08-11,KHM
M-8396,2023-08-11,VNM
M-8397,2023-08-09,VNM
M-8398,2023-08-11,VNM
M-8399,2023-08-11,VNM
M-8400,2023-08-09,VNM
M-8401,2023-08-06,VNM
M-8402,2023-08-10,VNM
M-8403,2023-08-11,VNM
M-8404,2023-08-06,VNM
M-8405,2023-08-11,VNM
M-8406,2023-08-06,KHM
M-8407,2023-08-11,THA
M-8408,2023-08-11,THA
M-8409,2023-08-11,VNM
M-8410,2023-08-10,VNM
M-8411,2023-08-11,VNM
M-8412,2023-08-06,VNM
M-8413,2023-08-07,VNM
M-8414,2023-08-11,VNM
M-8415,2023-08-11,VNM
M-8416,2023-08-06,VNM
M-8417,2023-08-05,VNM
M-8418,2023-08-11,VNM
M-8419,2023-08-05,VNM
M-8420,2023-08-11,VNM
M-8421,2023-08-07,VNM
M-8422,2023-08-11,VNM
M-8423,2023-08-05,VNM
M-8424,2023-08-06,VNM
M-8425,2023-08-11,VNM
M-8426,2023-08-07,VNM
M-8427,2023-08-05,VNM
M-8428,2023-08-07,VNM
M-8429,2023-08-05,VNM
M-8430,2023-08-09,VNM
M-8431,2023-08-07,VNM
M-8432,2023-08-06,VNM
M-8433,2023-08-11,THA
M-8434,2023-08-05,THA
M-8435,2023-08-07,KHM
M-8436,2023-08-11,VNM
M-8437,2023-08-05,VNM
M-8438,2023-08-05,VNM
M-8439,2023-08-11,VNM
M-8440,2023-08-10,VNM
M-8441,2023-08-11,VNM
M-8442,2023-08-11,VNM
M-8443,2023-08-11,VNM
M-8444,2023-08-05,VNM
M-8445,2023-08-11,VNM
M-8446,2023-08-11,VNM
M-8447,2023-08-05,VNM
M-8448,2023-08-06,VNM
M-8449,2023-08-07,VNM
M-8450,2023-08-11,VNM
M-8451,2023-08-07,VNM
M-8452,2023-08-06,VNM
M-8453,2023-08-06,VNM
M-8454,2023-08-06,VNM
M-8455,2023-08-11,VNM
M-8456,2023-08-11,VNM
M-8457,2023-08-11,VNM
M-8458,2023-08-11,VNM
M-8459,2023-08-11,VNM
M-8460,2023-08-06,VNM
M-8461,2023-08-11,VNM
M-8462,2023-08-11,VNM
M-8463,2023-08-10,VNM
M-8464,2023-08-05,VNM
M-8465,2023-08-11,VNM
M-8466,2023-08-09,VNM
M-8467,2023-08-10,VNM
M-8468,2023-08-10,VNM
M-8469,2023-08-05,KHM
M-8470,2023-08-09,LAO
M-8471,2023-08-11,THA
M-8472,2023-08-05,VNM
M-8473,2023-08-11,VNM
M-8474,2023-08-11,VNM
M-8475,2023-08-11,VNM
M-8476,2023-08-11,THA
M-8477,2023-08-06,THA
M-8478,2023-08-11,VNM
M-8479,2023-08-05,VNM
M-8480,2023-08-06,VNM
M-8481,2023-08-09,VNM
M-8482,2023-08-11,KHM
M-8483,2023-08-11,KHM
M-8484,2023-08-09,KHM
M-8485,2023-08-09,VNM
M-8486,2023-08-11,VNM
M-8487,2023-08-11,VNM
M-8488,2023-08-09,VNM
M-8489,2023-08-11,VNM
M-8490,2023-08-10,VNM
M-8491,2023-08-09,VNM
M-8492,2023-08-11,VNM
M-8493,2023-08-07,VNM
M-8494,2023-08-11,VNM
M-8495,2023-08-09,VNM
M-8496,2023-08-11,LAO
M-8497,2023-08-11,VNM
M-8498,2023-08-11,VNM
M-8499,2023-08-05,VNM
M-8500,2023-08-11,VNM
M-8501,2023-08-07,VNM
M-8502,2023-08-11,VNM
M-8503,2023-08-11,VNM
M-8504,2023-08-11,VNM
M-8505,2023-08-11,VNM
M-8506,2023-08-11,VNM
M-8507,2023-08-07,THA
M-8508,2023-08-07,THA
M-8509,2023-08-11,THA
M-8510,2023-08-11,THA
M-8511,2023-08-11,VNM
M-8512,2023-08-09,VNM
M-8513,2023-08-11,VNM
M-8514,2023-08-11,VNM
M-8515,2023-08-11,VNM
M-8516,2023-08-07,VNM
M-8517,2023-08-11,VNM
M-8518,2023-08-07,KHM
M-8519,2023-08-11,VNM
M-8520,2023-08-11,VNM
M-8521,2023-08-06,VNM
M-8522,2023-08-11,VNM
M-8523,2023-08-11,VNM
M-8524,2023-08-11,VNM
M-8525,2023-08-11,VNM
M-8526,2023-08-10,THA
M-8527,2023-08-07,VNM
M-8528,2023-08-06,VNM
M-8529,2023-08-06,VNM
M-8530,2023-08-06,VNM
M-8531,2023-08-07,VNM
M-8532,2023-08-06,VNM
M-8533,2023-08-07,VNM
M-8534,2023-08-05,VNM
M-8535,2023-08-11,VNM
M-8536,2023-08-11,VNM
M-8537,2023-08-05,VNM
M-8538,2023-08-06,VNM
M-8539,2023-08-07,VNM
M-8540,2023-08-07,VNM
M-8541,2023-08-07,VNM
M-8542,2023-08-06,VNM
M-8543,2023-08-09,VNM
M-8544,2023-08-06,VNM
M-8545,2023-08-07,VNM
M-8546,2023-08-11,VNM
M-8547,2023-08-07,VNM
M-8548,2023-08-06,VNM
M-8549,2023-08-11,VNM
M-8550,2023-08-09,KHM
M-8551,2023-08-11,KHM
M-8552,2023-08-11,VNM
M-8553,2023-08-05,LAO
M-8554,2023-08-11,VNM
M-8555,2023-08-05,VNM
M-8556,2023-08-06,KHM
M-8557,2023-08-11,CHN
M-8558,2023-08-07,VNM
M-8559,2023-08-06,VNM
M-8560,2023-08-09,VNM
M-8561,2023-08-11,VNM
M-8562,2023-08-11,VNM
M-8563,2023-08-06,VNM
M-8564,2023-08-05,LAO
M-8565,2023-08-07,VNM
M-8566,2023-08-10,VNM
M-8567,2023-08-07,VNM
M-8568,2023-08-05,VNM
M-8569,2023-08-09,VNM
M-8570,2023-08-05,VNM
M-8571,2023-08-11,VNM
M-8572,2023-08-10,VNM
M-8573,2023-08-11,VNM
M-8574,2023-08-05,VNM
M-8575,2023-08-09,VNM
M-8576,2023-08-05,VNM
M-8577,2023-08-11,VNM
M-8578,2023-08-11,VNM
M-8579,2023-08-09,VNM
M-8580,2023-08-11,VNM
M-8581,2023-08-09,THA
M-8582,2023-08-11,THA
M-8583,2023-08-11,VNM
M-8584,2023-08-11,VNM
M-8585,2023-08-10,VNM
M-8586,2023-08-05,VNM
M-8587,2023-08-11,VNM
M-8588,2023-08-11,KHM
M-8589,2023-08-07,VNM
M-8590,2023-08-11,THA
M-8591,2023-08-10,THA
M-8592,2023-08-05,VNM
M-8593,2023-08-05,VNM
M-8594,2023-08-11,VNM
M-8595,2023-08-05,VNM
M-8596,2023-08-11,VNM
M-8597,2023-08-07,THA
M-8598,2023-08-05,VNM
M-8599,2023-08-11,VNM
M-8600,2023-08-06,VNM
M-8601,2023-08-11,VNM
M-8602,2023-08-11,VNM
M-8603,2023-08-06,VNM
M-8604,2023-08-06,VNM
M-8605,2023-08-11,KHM
M-8606,2023-08-10,VNM
M-8607,2023-08-05,VNM
M-8608,2023-08-07,VNM
M-8609,2023-08-07,VNM
M-8610,2023-08-06,VNM
M-8611,2023-08-11,VNM
M-8612,2023-08-06,VNM
M-8613,2023-08-10,VNM
M-8614,2023-08-11,THA
M-8615,2023-08-06,VNM
M-8616,2023-08-06,VNM
M-8617,2023-08-06,VNM
M-8618,2023-08-10,VNM
M-8619,2023-08-11,VNM
M-8620,2023-08-05,VNM
M-8621,2023-08-10,VNM
M-8622,2023-08-11,VNM
M-8623,2023-08-07,VNM
M-8624,2023-08-10,VNM
M-8625,2023-08-11,VNM
M-8626,2023-08-11,VNM
M-8627,2023-08-11,THA
M-8628,2023-08-11,VNM
M-8629,2023-08-11,VNM
M-8630,2023-08-05,VNM
M-8631,2023-08-11,VNM
M-8632,2023-08-11,VNM
M-8633,2023-08-05,CHN
M-8634,2023-08-11,VNM
M-8635,2023-08-11,VNM
M-8636,2023-08-11,THA
M-8637,2023-08-05,THA
M-8638,2023-08-05,VNM
M-8639,2023-08-11,VNM
M-8640,2023-08-11,VNM
M-8641,2023-08-05,KHM
M-8642,2023-08-07,VNM
M-8643,2023-08-07,VNM
M-8644,2023-08-07,VNM
M-8645,2023-08-09,VNM
M-8646,2023-08-07,VNM
M-8647,2023-08-11,VNM
M-8648,2023-08-11,KHM
M-8649,2023-08-10,VNM
M-8650,2023-08-07,VNM
M-8651,2023-08-07,THA
M-8652,2023-08-10,VNM
M-8653,2023-08-05,VNM
M-8654,2023-08-11,VNM
M-8655,2023-08-05,VNM
M-8656,2023-08-11,VNM
M-8657,2023-08-09,VNM
M-8658,2023-08-07,VNM
M-8659,2023-08-07,VNM
M-8660,2023-08-11,VNM
M-8661,2023-08-11,VNM
M-8662,2023-08-05,VNM
M-8663,2023-08-09,VNM
M-8664,2023-08-10,KHM
M-8665,2023-08-10,VNM
M-8666,2023-08-05,VNM
M-8667,2023-08-10,VNM
M-8668,2023-08-11,KHM
M-8669,2023-08-07,VNM
M-8670,2023-08-09,VNM
M-8671,2023-08-05,VNM
M-8672,2023-08-09,VNM
M-8673,2023-08-11,VNM
M-8674,2023-08-10,VNM
M-8675,2023-08-05,VNM
M-8676,2023-08-11,THA
M-8677,2023-08-10,VNM
M-8678,2023-08-07,VNM
M-8679,2023-08-06,VNM
M-8680,2023-08-07,VNM
M-8681,2023-08-11,VNM
M-8682,2023-08-11,VNM
M-8683,2023-08-06,VNM
M-8684,2023-08-11,VNM
M-8685,2023-08-10,VNM
M-8686,2023-08-06,VNM
M-8687,2023-08-10,VNM
M-8688,2023-08-10,VNM
M-8689,2023-08-07,VNM
M-8690,2023-08-05,VNM
M-8691,2023-08-05,VNM
M-8692,2023-08-06,VNM
M-8693,2023-08-10,VNM
M-8694,2023-08-11,VNM
M-8695,2023-08-11,VNM
M-8696,2023-08-11,VNM
M-8697,2023-08-07,VNM
M-8698,2023-08-05,VNM
M-8699,2023-08-11,VNM
M-8700,2023-08-11,LAO
M-8701,2023-08-06,VNM
M-8702,2023-08-11,VNM
M-8703,2023-08-11,THA
M-8704,2023-08-09,VNM
M-8705,2023-08-11,VNM
M-8706,2023-08-11,VNM
M-8707,2023-08-07,VNM
M-8708,2023-08-11,VNM
M-8709,2023-08-11,VNM
M-8710,2023-08-11,VNM
M-8711,2023-08-11,VNM
M-8712,2023-08-07,VNM
M-8713,2023-08-09,VNM
M-8714,2023-08-07,VNM
M-8715,2023-08-06,VNM
M-8716,2023-08-05,VNM
M-8717,2023-08-06,VNM
M-8718,2023-08-11,VNM
M-8719,2023-08-11,VNM
M-8720,2023-08-05,VNM
M-8721,2023-08-11,VNM
M-8722,2023-08-11,VNM
M-8723,2023-08-10,LAO
M-8724,2023-08-10,VNM
M-8725,2023-08-05,VNM
M-8726,2023-08-06,VNM
M-8727,2023-08-09,VNM
M-8728,2023-08-07,LAO
M-8729,2023-08-10,VNM
M-8730,2023-08-06,VNM
M-8731,2023-08-11,VNM
M-8732,2023-08-07,VNM
M-8733,2023-08-11,VNM
M-8734,2023-08-09,VNM
M-8735,2023-08-11,VNM
M-8736,2023-08-11,LAO
M-8737,2023-08-11,VNM
M-8738,2023-08-06,VNM
M-8739,2023-08-10,KHM
M-8740,2023-08-11,THA
M-8741,2023-08-11,VNM
M-8742,2023-08-09,VNM
M-8743,2023-08-11,VNM
M-8744,2023-08-06,VNM
M-8745,2023-08-11,VNM
M-8746,2023-08-09,VNM
M-8747,2023-08-11,VNM
M-8748,2023-08-05,LAO
M-8749,2023-08-05,LAO
M-8750,2023-08-09,VNM
M-8751,2023-08-11,VNM
M-8752,2023-08-05,VNM
M-8753,2023-08-11,VNM
M-8754,2023-08-11,LAO
M-8755,2023-08-11,VNM
M-8756,2023-08-11,VNM
M-8757,2023-08-11,VNM
M-8758,2023-08-11,LAO
M-8759,2023-08-10,VNM
M-8760,2023-08-07,VNM
M-8761,2023-08-11,VNM
M-8762,2023-08-11,VNM
M-8763,2023-08-11,VNM
M-8764,2023-08-11,VNM
M-8765,2023-08-11,VNM
M-8766,2023-08-10,VNM
M-8767,2023-08-11,VNM
M-8768,2023-08-05,VNM
M-8769,2023-08-11,VNM
M-8770,2023-08-07,VNM
M-8771,2023-08-05,VNM
M-8772,2023-08-06,VNM
M-8773,2023-08-11,VNM
M-8774,2023-08-05,VNM
M-8775,2023-08-09,VNM
M-8776,2023-08-11,VNM
M-8777,2023-08-11,VNM
M-8778,2023-08-11,VNM
M-8779,2023-08-05,KHM
M-8780,2023-08-11,VNM
M-8781,2023-08-11,VNM
M-8782,2023-08-11,VNM
M-8783,2023-08-10,VNM
M-8784,2023-08-07,VNM
M-8785,2023-08-11,VNM
M-8786,2023-08-11,VNM
M-8787,2023-08-11,VNM
M-8788,2023-08-07,VNM
M-8789,2023-08-09,VNM
M-8790,2023-08-11,LAO
M-8791,2023-08-09,VNM
M-8792,2023-08-10,THA
M-8793,2023-08-10,VNM
M-8794,2023-08-07,VNM
M-8795,2023-08-11,VNM
H-2804,2023-08-11,VNM
H-2805,2023-08-11,VNM
H-2806,2023-08-11,VNM
H-2807,2023-08-11,VNM
H-2808,2023-08-11,VNM
H-2809,2023-08-11,KHM
H-2810,2023-08-11,VNM
H-2811,2023-08-11,VNM
H-2812,2023-08-11,VNM
H-2813,2023-08-11,VNM
H-2814,2023-08-11,KHM
H-2815,2023-08-11,VNM
H-2816,2023-08-11,VNM
H-2817,2023-08-11,VNM
H-2818,2023-08-11,VNM
H-2819,2023-08-11,VNM
H-2820,2023-08-11,VNM
H-2821,2023-08-11,VNM
H-2822,2023-08-11,VNM
H-2823,2023-08-11,VNM
H-2824,2023-08-11,VNM
H-2825,2023-08-11,KHM
H-2826,2023-08-11,VNM
H-2827,2023-08-11,VNM
H-2828,2023-08-11,VNM
H-2829,2023-08-11,VNM
H-2830,2023-08-11,VNM
H-2831,2023-08-11,VNM
H-2832,2023-08-11,THA
H-2833,2023-08-11,VNM
H-2834,2023-08-11,VNM
H-2835,2023-08-11,VNM
H-2836,2023-08-11,VNM
H-2837,2023-08-11,VNM
H-2838,2023-08-11,VNM
H-2839,2023-08-11,VNM
H-2840,2023-08-11,VNM
H-2841,2023-08-11,VNM
H-2842,2023-08-11,VNM
H-2843,2023-08-11,VNM
H-2844,2023-08-11,VNM
H-2845,2023-08-11,KHM
H-2846,2023-08-11,THA
H-2847,2023-08-11,VNM
H-2848,2023-08-11,VNM
H-2849,2023-08-11,VNM
H-2850,2023-08-11,VNM
H-2851,2023-08-11,VNM
H-2852,2023-08-11,VNM
H-2853,2023-08-11,LAO
H-2854,2023-08-11,VNM
H-2855,2023-08-11,VNM
H-2856,2023-08-11,VNM
H-2857,2023-08-11,VNM
H-2858,2023-08-11,VNM
H-2859,2023-08-11,KHM
H-2860,2023-08-11,VNM
H-2861,2023-08-11,VNM
H-2862,2023-08-11,VNM
H-2863,2023-08-11,VNM
H-2864,2023-08-11,VNM
H-2865,2023-08-11,VNM
H-2866,2023-08-11,THA
H-2867,2023-08-11,VNM
H-2868,2023-08-11,VNM
H-2869,2023-08-11,VNM
H-2870,2023-08-11,VNM
H-2871,2023-08-11,VNM
H-2872,2023-08-11,VNM
H-2873,2023-08-11,VNM
H-2874,2023-08-11,VNM
H-2875,2023-08-11,VNM
H-2876,2023-08-11,VNM
H-2877,2023-08-11,VNM
H-2878,2023-08-11,VNM
H-2879,2023-08-11,KHM
H-2880,2023-08-11,VNM
H-2881,2023-08-11,VNM
H-2882,2023-08-11,VNM
H-2883,2023-08-11,CHN
H-2884,2023-08-11,VNM
H-2885,2023-08-11,VNM
H-2886,2023-08-11,VNM
H-2887,2023-08-11,VNM
H-2888,2023-08-11,VNM
H-2889,2023-08-11,THA
H-2890,2023-08-11,KHM
H-2891,2023-08-11,KHM
H-2892,2023-08-11,THA
H-2893,2023-08-11,VNM
H-2894,2023-08-11,VNM
H-2895,2023-08-11,VNM
H-2896,2023-08-11,VNM
H-2897,2023-08-11,VNM
H-2898,2023-08-11,VNM
H-2899,2023-08-11,VNM
H-2900,2023-08-11,VNM
H-2901,2023-08-11,VNM
H-2902,2023-08-11,VNM
H-2903,2023-08-11,VNM
H-2904,2023-08-11,THA
H-2905,2023-08-11,VNM
H-2906,2023-08-11,VNM
H-2907,2023-08-11,VNM
H-2908,2023-08-11,LAO
H-2909,2023-08-11,VNM
H-2910,2023-08-11,LAO
H-2911,2023-08-11,VNM
H-2912,2023-08-11,VNM
H-2913,2023-08-11,VNM
H-2914,2023-08-11,THA
H-2915,2023-08-11,VNM
H-2916,2023-08-11,VNM
H-2917,2023-08-11,VNM
H-2918,2023-08-11,VNM
H-2919,2023-08-11,KHM
H-2920,2023-08-11,VNM
H-2921,2023-08-11,THA
H-2922,2023-08-11,THA
H-2923,2023-08-11,VNM
H-2924,2023-08-11,LAO
H-2925,2023-08-11,VNM
H-2926,2023-08-11,VNM
H-2927,2023-08-11,VNM
H-2928,2023-08-11,VNM
H-2929,2023-08-11,VNM
H-2930,2023-08-11,LAO
H-2931,2023-08-11,THA
H-2932,2023-08-11,KHM
H-2933,2023-08-11,VNM
H-2934,2023-08-11,VNM
H-2935,2023-08-11,VNM
H-2936,2023-08-11,VNM
H-2937,2023-08-11,VNM
H-2938,2023-08-11,VNM
H-2939,2023-08-11,LAO
H-2940,2023-08-11,VNM
H-2941,2023-08-11,LAO
H-2942,2023-08-11,VNM
H-2943,2023-08-11,VNM
H-2944,2023-08-11,VNM
H-2945,2023-08-11,THA
H-2946,2023-08-11,VNM
H-2947,2023-08-11,VNM
H-2948,2023-08-11,VNM
H-2949,2023-08-11,CHN
H-2950,2023-08-11,VNM
H-2951,2023-08-11,VNM
H-2952,2023-08-11,KHM
H-2953,2023-08-11,VNM
H-2954,2023-08-11,VNM
H-2955,2023-08-11,THA
H-2956,2023-08-11,VNM
H-2957,2023-08-11,VNM
H-2958,2023-08-11,VNM
H-2959,2023-08-11,VNM
H-2960,2023-08-11,VNM
H-2961,2023-08-11,THA
H-2962,2023-08-11,VNM
H-2963,2023-08-11,VNM
H-2964,2023-08-11,VNM
H-2965,2023-08-11,VNM
H-2966,2023-08-11,VNM
H-2967,2023-08-11,VNM
H-2968,2023-08-11,CHN
H-2969,2023-08-11,VNM
H-2970,2023-08-11,VNM
H-2971,2023-08-11,VNM
H-2972,2023-08-11,THA
H-2973,2023-08-11,KHM
H-2974,2023-08-11,KHM
H-2975,2023-08-11,VNM
H-2976,2023-08-11,VNM
H-2977,2023-08-11,VNM
H-2978,2023-08-11,VNM
H-2979,2023-08-11,VNM
H-2980,2023-08-11,VNM
H-2981,2023-08-11,VNM
H-2982,2023-08-11,VNM
H-2983,2023-08-11,VNM
H-2984,2023-08-11,VNM
H-2985,2023-08-11,CHN
H-2986,2023-08-11,VNM
H-2987,2023-08-11,VNM
H-2988,2023-08-11,VNM
H-2989,2023-08-11,VNM
H-2990,2023-08-11,VNM
H-2991,2023-08-11,VNM
H-2992,2023-08-11,VNM
H-2993,2023-08-11,VNM
H-2994,2023-08-11,VNM
H-2995,2023-08-11,THA
H-2996,2023-08-11,VNM
H-2997,2023-08-11,VNM
H-2998,2023-08-11,THA
H-2999,2023-08-11,VNM
H-3000,2023-08-11,VNM
H-3001,2023-08-11,VNM
H-3002,2023-08-11,VNM
H-3003,2023-08-11,THA
H-3004,2023-08-11,KHM
H-3005,2023-08-11,VNM
H-3006,2023-08-11,VNM
H-3007,2023-08-11,VNM
H-3008,2023-08-11,VNM
H-3009,2023-08-11,VNM
H-3010,2023-08-11,VNM
H-3011,2023-08-11,VNM
H-3012,2023-08-11,VNM
H-3013,2023-08-11,VNM
H-3014,2023-08-11,VNM
H-3015,2023-08-11,THA
H-3016,2023-08-11,VNM
H-3017,2023-08-11,VNM
H-3018,2023-08-11,VNM
H-3019,2023-08-11,VNM
H-3020,2023-08-11,THA
H-3021,2023-08-11,VNM
H-3022,2023-08-11,THA
H-3023,2023-08-11,VNM
H-3024,2023-08-11,VNM
H-3025,2023-08-11,VNM
H-3026,2023-08-11,VNM
H-3027,2023-08-11,VNM
H-3028,2023-08-11,VNM
H-3029,2023-08-11,VNM
H-3030,2023-08-11,VNM
H-3031,2023-08-11,VNM
H-3032,2023-08-11,VNM
H-3033,2023-08-11,VNM
H-3034,2023-08-11,VNM
H-3035,2023-08-11,LAO
H-3036,2023-08-11,VNM
H-3037,2023-08-11,VNM
H-3038,2023-08-11,VNM
H-3039,2023-08-11,VNM
H-3040,2023-08-11,VNM
H-3041,2023-08-11,VNM
H-3042,2023-08-11,VNM
H-3043,2023-08-11,VNM
H-3044,2023-08-11,VNM
H-3045,2023-08-11,VNM
H-3046,2023-08-11,KHM
H-3047,2023-08-11,LAO
H-3048,2023-08-11,LAO
H-3049,2023-08-11,VNM
H-3050,2023-08-11,VNM
H-3051,2023-08-11,VNM
H-3052,2023-08-11,VNM
H-3053,2023-08-11,VNM
H-3054,2023-08-11,VNM
H-3055,2023-08-11,VNM
H-3056,2023-08-11,VNM
H-3057,2023-08-11,VNM
H-3058,2023-08-11,VNM
H-3059,2023-08-11,VNM
H-3060,2023-08-11,VNM
H-3061,2023-08-11,VNM
H-3062,2023-08-11,THA
H-3063,2023-08-11,VNM
H-3064,2023-08-11,VNM
H-3065,2023-08-11,VNM
H-3066,2023-08-11,VNM
H-3067,2023-08-11,VNM
H-3068,2023-08-11,VNM
H-3069,2023-08-11,VNM
H-3070,2023-08-11,VNM
H-3071,2023-08-11,VNM
H-3072,2023-08-11,VNM
H-3073,2023-08-11,VNM
H-3074,2023-08-11,VNM
H-3075,2023-08-11,VNM
H-3076,2023-08-11,VNM
H-3077,2023-08-11,VNM
H-3078,2023-08-11,CHN
H-3079,2023-08-11,VNM
H-3080,2023-08-11,VNM
H-3081,2023-08-11,VNM
H-3082,2023-08-11,VNM
H-3083,2023-08-11,THA
H-3084,2023-08-11,KHM
H-3085,2023-08-11,VNM
H-3086,2023-08-11,VNM
M-8796,2023-08-06,VNM
M-8797,2023-08-11,VNM
M-8798,2023-08-09,VNM
M-8799,2023-08-07,VNM
M-8800,2023-08-11,CHN
M-8801,2023-08-11,THA
M-8802,2023-08-11,VNM
M-8803,2023-08-11,CHN
M-8804,2023-08-11,VNM
M-8805,2023-08-07,VNM
M-8806,2023-08-11,VNM
M-8807,2023-08-11,VNM
M-8808,2023-08-11,VNM
M-8809,2023-08-11,VNM
M-8810,2023-08-11,VNM
M-8811,2023-08-10,VNM
M-8812,2023-08-11,VNM
M-8813,2023-08-11,VNM
M-8814,2023-08-11,VNM
M-8815,2023-08-06,VNM
M-8816,2023-08-11,VNM
M-8817,2023-08-06,VNM
M-8818,2023-08-11,VNM
M-8819,2023-08-11,VNM
M-8820,2023-08-06,VNM
M-8821,2023-08-11,VNM
M-8822,2023-08-11,VNM
M-8823,2023-08-06,VNM
M-8824,2023-08-11,VNM
M-8825,2023-08-11,LAO
M-8826,2023-08-06,VNM
M-8827,2023-08-06,VNM
M-8828,2023-08-11,VNM
M-8829,2023-08-11,VNM
M-8830,2023-08-11,VNM
M-8831,2023-08-10,VNM
M-8832,2023-08-11,VNM
M-8833,2023-08-10,VNM
M-8834,2023-08-07,VNM
M-8835,2023-08-06,THA
M-8836,2023-08-06,VNM
M-8837,2023-08-11,VNM
M-8838,2023-08-06,VNM
M-8839,2023-08-11,VNM
M-8840,2023-08-11,VNM
M-8841,2023-08-11,VNM
M-8842,2023-08-11,VNM
M-8843,2023-08-06,THA
M-8844,2023-08-06,KHM
M-8845,2023-08-09,KHM
M-8846,2023-08-06,KHM
M-8847,2023-08-11,KHM
M-8848,2023-08-09,VNM
M-8849,2023-08-10,VNM
M-8850,2023-08-11,LAO
M-8851,2023-08-11,VNM
M-8852,2023-08-11,VNM
M-8853,2023-08-10,LAO
M-8854,2023-08-06,VNM
M-8855,2023-08-06,VNM
M-8856,2023-08-11,VNM
M-8857,2023-08-09,VNM
M-8858,2023-08-09,VNM
M-8859,2023-08-06,LAO
M-8860,2023-08-11,VNM
M-8861,2023-08-11,VNM
M-8862,2023-08-06,VNM
M-8863,2023-08-09,VNM
M-8864,2023-08-06,VNM
M-8865,2023-08-11,VNM
M-8866,2023-08-10,VNM
M-8867,2023-08-07,VNM
M-8868,2023-08-11,KHM
M-8869,2023-08-11,KHM
M-8870,2023-08-10,VNM
M-8871,2023-08-07,VNM
M-8872,2023-08-11,VNM
M-8873,2023-08-10,VNM
M-8874,2023-08-07,VNM
M-8875,2023-08-07,VNM
M-8876,2023-08-06,VNM
M-8877,2023-08-06,VNM
M-8878,2023-08-09,VNM
M-8879,2023-08-06,VNM
M-8880,2023-08-10,LAO
M-8881,2023-08-09,VNM
M-8882,2023-08-06,VNM
M-8883,2023-08-11,VNM
M-8884,2023-08-10,VNM
M-8885,2023-08-11,KHM
M-8886,2023-08-11,VNM
M-8887,2023-08-10,VNM
M-8888,2023-08-11,VNM
M-8889,2023-08-07,KHM
M-8890,2023-08-11,THA
M-8891,2023-08-11,VNM
M-8892,2023-08-11,LAO
M-8893,2023-08-11,LAO
M-8894,2023-08-06,VNM
M-8895,2023-08-11,VNM
M-8896,2023-08-11,THA
M-8897,2023-08-11,THA
M-8898,2023-08-11,VNM
M-8899,2023-08-11,KHM
M-8900,2023-08-11,VNM
M-8901,2023-08-11,VNM
M-8902,2023-08-10,VNM
M-8903,2023-08-11,VNM
M-8904,2023-08-10,VNM
M-8905,2023-08-06,VNM
M-8906,2023-08-09,THA
M-8907,2023-08-06,THA
M-8908,2023-08-10,LAO
M-8909,2023-08-10,VNM
M-8910,2023-08-06,KHM
M-8911,2023-08-11,VNM
M-8912,2023-08-06,VNM
M-8913,2023-08-11,VNM
M-8914,2023-08-11,VNM
M-8915,2023-08-07,VNM
M-8916,2023-08-10,THA
M-8917,2023-08-09,VNM
M-8918,2023-08-10,VNM
M-8919,2023-08-11,VNM
M-8920,2023-08-11,THA
M-8921,2023-08-11,VNM
M-8922,2023-08-07,VNM
M-8923,2023-08-06,KHM
M-8924,2023-08-09,VNM
M-8925,2023-08-11,VNM
M-8926,2023-08-11,THA
M-8927,2023-08-07,VNM
M-8928,2023-08-11,VNM
M-8929,2023-08-11,VNM
M-8930,2023-08-11,VNM
M-8931,2023-08-11,VNM
M-8932,2023-08-10,VNM
M-8933,2023-08-11,VNM
M-8934,2023-08-11,KHM
M-8935,2023-08-06,THA
M-8936,2023-08-07,VNM
M-8937,2023-08-06,LAO
M-8938,2023-08-07,VNM
M-8939,2023-08-11,VNM
M-8940,2023-08-11,VNM
M-8941,2023-08-06,VNM
M-8942,2023-08-11,VNM
M-8943,2023-08-11,VNM
M-8944,2023-08-07,VNM
M-8945,2023-08-11,VNM
M-8946,2023-08-09,VNM
M-8947,2023-08-06,VNM
M-8948,2023-08-11,CHN
M-8949,2023-08-09,VNM
M-8950,2023-08-11,VNM
M-8951,2023-08-11,VNM
M-8952,2023-08-09,VNM
M-8953,2023-08-09,VNM
M-8954,2023-08-06,VNM
M-8955,2023-08-11,VNM
M-8956,2023-08-07,VNM
M-8957,2023-08-11,LAO
M-8958,2023-08-11,LAO
M-8959,2023-08-11,VNM
M-8960,2023-08-11,VNM
M-8961,2023-08-11,VNM
M-8962,2023-08-11,VNM
M-8963,2023-08-09,VNM
M-8964,2023-08-06,KHM
M-8965,2023-08-10,VNM
M-8966,2023-08-11,VNM
M-8967,2023-08-06,VNM
M-8968,2023-08-06,VNM
M-8969,2023-08-11,VNM
M-8970,2023-08-11,VNM
M-8971,2023-08-09,VNM
M-8972,2023-08-06,VNM
M-8973,2023-08-11,VNM
M-8974,2023-08-07,VNM
M-8975,2023-08-06,VNM
M-8976,2023-08-11,VNM
M-8977,2023-08-06,VNM
M-8978,2023-08-09,VNM
M-8979,2023-08-11,VNM
M-8980,2023-08-06,VNM
M-8981,2023-08-11,VNM
M-8982,2023-08-06,VNM
M-8983,2023-08-07,VNM
M-8984,2023-08-06,VNM
M-8985,2023-08-11,VNM
M-8986,2023-08-11,VNM
M-8987,2023-08-11,THA
M-8988,2023-08-11,VNM
M-8989,2023-08-11,VNM
M-8990,2023-08-11,VNM
M-8991,2023-08-09,KHM
M-8992,2023-08-07,VNM
M-8993,2023-08-06,VNM
M-8994,2023-08-11,VNM
M-8995,2023-08-11,VNM
M-8996,2023-08-11,VNM
M-8997,2023-08-07,VNM
M-8998,2023-08-06,VNM
M-8999,2023-08-09,THA
M-9000,2023-08-06,KHM
M-9001,2023-08-11,VNM
M-9002,2023-08-11,VNM
M-9003,2023-08-11,VNM
M-9004,2023-08-11,VNM
M-9005,2023-08-07,KHM
M-9006,2023-08-07,VNM
M-9007,2023-08-09,VNM
M-9008,2023-08-11,VNM
M-9009,2023-08-07,VNM
M-9010,2023-08-11,VNM
M-9011,2023-08-11,THA
M-9012,2023-08-09,VNM
M-9013,2023-08-11,VNM
M-9014,2023-08-11,VNM
M-9015,2023-08-11,VNM
M-9016,2023-08-11,VNM
M-9017,2023-08-11,VNM
M-9018,2023-08-11,VNM
M-9019,2023-08-11,VNM
M-9020,2023-08-11,VNM
M-9021,2023-08-11,KHM
M-9022,2023-08-11,KHM
M-9023,2023-08-11,VNM
M-9024,2023-08-11,VNM
M-9025,2023-08-11,LAO
M-9026,2023-08-11,LAO
M-9027,2023-08-11,THA
M-9028,2023-08-10,VNM
M-9029,2023-08-07,VNM
M-9030,2023-08-11,VNM
M-9031,2023-08-11,VNM
M-9032,2023-08-11,VNM
M-9033,2023-08-11,VNM
M-9034,2023-08-11,VNM
M-9035,2023-08-11,VNM
M-9036,2023-08-07,KHM
M-9037,2023-08-11,VNM
M-9038,2023-08-07,KHM
M-9039,2023-08-10,VNM
M-9040,2023-08-11,VNM
M-9041,2023-08-11,VNM
M-9042,2023-08-11,VNM
M-9043,2023-08-06,KHM
M-9044,2023-08-09,KHM
M-9045,2023-08-11,KHM
M-9046,2023-08-11,KHM
M-9047,2023-08-11,KHM
M-9048,2023-08-06,VNM
M-9049,2023-08-11,VNM
M-9050,2023-08-11,VNM
M-9051,2023-08-07,VNM
M-9052,2023-08-11,VNM
M-9053,2023-08-09,VNM
M-9054,2023-08-09,VNM
M-9055,2023-08-07,VNM
M-9056,2023-08-09,VNM
M-9057,2023-08-06,VNM
M-9058,2023-08-06,KHM
M-9059,2023-08-11,VNM
M-9060,2023-08-11,VNM
M-9061,2023-08-06,VNM
M-9062,2023-08-11,VNM
M-9063,2023-08-11,VNM
M-9064,2023-08-11,VNM
M-9065,2023-08-07,THA
M-9066,2023-08-11,VNM
M-9067,2023-08-06,VNM
M-9068,2023-08-10,VNM
M-9069,2023-08-09,VNM
M-9070,2023-08-11,VNM
M-9071,2023-08-11,VNM
M-9072,2023-08-11,VNM
M-9073,2023-08-11,VNM
M-9074,2023-08-06,VNM
M-9075,2023-08-11,VNM
M-9076,2023-08-11,VNM
M-9077,2023-08-09,VNM
M-9078,2023-08-10,VNM
M-9079,2023-08-07,VNM
M-9080,2023-08-07,VNM
M-9081,2023-08-06,VNM
M-9082,2023-08-11,VNM
M-9083,2023-08-11,VNM
M-9084,2023-08-11,VNM
M-9085,2023-08-11,VNM
M-9086,2023-08-06,VNM
M-9087,2023-08-11,VNM
M-9088,2023-08-09,VNM
M-9089,2023-08-09,VNM
M-9090,2023-08-11,VNM
M-9091,2023-08-10,VNM
M-9092,2023-08-11,VNM
M-9093,2023-08-07,VNM
M-9094,2023-08-06,VNM
M-9095,2023-08-09,VNM
M-9096,2023-08-09,VNM
M-9097,2023-08-07,VNM
M-9098,2023-08-06,VNM
M-9099,2023-08-09,VNM
M-9100,2023-08-11,VNM
M-9101,2023-08-06,VNM
M-9102,2023-08-11,VNM
M-9103,2023-08-06,VNM
M-9104,2023-08-07,VNM
M-9105,2023-08-11,VNM
M-9106,2023-08-09,VNM
M-9107,2023-08-11,KHM
M-9108,2023-08-11,VNM
M-9109,2023-08-11,THA
M-9110,2023-08-11,VNM
M-9111,2023-08-06,VNM
M-9112,2023-08-11,VNM
M-9113,2023-08-06,VNM
M-9114,2023-08-11,VNM
M-9115,2023-08-10,KHM
M-9116,2023-08-11,VNM
M-9117,2023-08-07,VNM
M-9118,2023-08-09,VNM
M-9119,2023-08-11,VNM
M-9120,2023-08-06,VNM
M-9121,2023-08-11,VNM
M-9122,2023-08-11,KHM
M-9123,2023-08-11,KHM
M-9124,2023-08-06,KHM
M-9125,2023-08-11,KHM
M-9126,2023-08-10,VNM
M-9127,2023-08-11,VNM
M-9128,2023-08-11,VNM
M-9129,2023-08-11,VNM
M-9130,2023-08-06,VNM
M-9131,2023-08-11,VNM
M-9132,2023-08-06,VNM
M-9133,2023-08-11,VNM
M-9134,2023-08-09,VNM
M-9135,2023-08-11,VNM
M-9136,2023-08-06,VNM
M-9137,2023-08-10,VNM
M-9138,2023-08-06,VNM
M-9139,2023-08-11,VNM
M-9140,2023-08-10,VNM
M-9141,2023-08-06,VNM
M-9142,2023-08-09,VNM
M-9143,2023-08-11,VNM
M-9144,2023-08-09,VNM
M-9145,2023-08-11,VNM
M-9146,2023-08-11,VNM
M-9147,2023-08-09,KHM
M-9148,2023-08-11,THA
M-9149,2023-08-11,THA
M-9150,2023-08-11,VNM
M-9151,2023-08-11,VNM
M-9152,2023-08-06,KHM
M-9153,2023-08-07,VNM
M-9154,2023-08-10,VNM
M-9155,2023-08-09,VNM
M-9156,2023-08-11,VNM
M-9157,2023-08-09,VNM
M-9158,2023-08-06,KHM
M-9159,2023-08-09,VNM
M-9160,2023-08-11,VNM
M-9161,2023-08-11,VNM
M-9162,2023-08-11,VNM
M-9163,2023-08-11,VNM
M-9164,2023-08-07,VNM
M-9165,2023-08-11,VNM
M-9166,2023-08-11,VNM
M-9167,2023-08-09,VNM
M-9168,2023-08-07,VNM
M-9169,2023-08-11,VNM
M-9170,2023-08-11,KHM
M-9171,2023-08-11,KHM
M-9172,2023-08-07,THA
M-9173,2023-08-07,THA
M-9174,2023-08-09,VNM
M-9175,2023-08-09,VNM
M-9176,2023-08-07,VNM
M-9177,2023-08-11,VNM
M-9178,2023-08-11,VNM
M-9179,2023-08-07,VNM
M-9180,2023-08-11,VNM
M-9181,2023-08-06,VNM
M-9182,2023-08-07,VNM
M-9183,2023-08-11,VNM
M-9184,2023-08-11,VNM
M-9185,2023-08-06,VNM
M-9186,2023-08-09,VNM
M-9187,2023-08-11,VNM
M-9188,2023-08-09,VNM
M-9189,2023-08-07,VNM
M-9190,2023-08-11,VNM
M-9191,2023-08-11,VNM
M-9192,2023-08-11,VNM
M-9193,2023-08-10,VNM
M-9194,2023-08-10,VNM
M-9195,2023-08-07,KHM
M-9196,2023-08-10,VNM
M-9197,2023-08-06,VNM
M-9198,2023-08-06,VNM
M-9199,2023-08-10,VNM
M-9200,2023-08-06,VNM
M-9201,2023-08-09,VNM
M-9202,2023-08-11,VNM
M-9203,2023-08-11,VNM
M-9204,2023-08-11,VNM
M-9205,2023-08-11,VNM
M-9206,2023-08-10,VNM
M-9207,2023-08-10,VNM
M-9208,2023-08-09,VNM
M-9209,2023-08-11,THA
M-9210,2023-08-11,THA
M-9211,2023-08-07,VNM
M-9212,2023-08-09,VNM
M-9213,2023-08-11,THA
M-9214,2023-08-06,VNM
M-9215,2023-08-10,VNM
M-9216,2023-08-06,VNM
M-9217,2023-08-11,VNM
M-9218,2023-08-10,VNM
M-9219,2023-08-11,VNM
M-9220,2023-08-07,VNM
M-9221,2023-08-11,VNM
M-9222,2023-08-11,VNM
M-9223,2023-08-07,VNM
M-9224,2023-08-11,VNM
M-9225,2023-08-11,VNM
M-9226,2023-08-11,VNM
M-9227,2023-08-06,VNM
M-9228,2023-08-06,VNM
M-9229,2023-08-06,VNM
M-9230,2023-08-06,VNM
M-9231,2023-08-11,VNM
M-9232,2023-08-07,VNM
M-9233,2023-08-11,VNM
M-9234,2023-08-07,VNM
M-9235,2023-08-09,VNM
M-9236,2023-08-11,VNM
M-9237,2023-08-11,THA
M-9238,2023-08-11,VNM
M-9239,2023-08-11,VNM
M-9240,2023-08-07,VNM
M-9241,2023-08-11,VNM
M-9242,2023-08-06,VNM
M-9243,2023-08-06,VNM
M-9244,2023-08-06,VNM
M-9245,2023-08-09,VNM
M-9246,2023-08-10,VNM
M-9247,2023-08-11,LAO
M-9248,2023-08-09,LAO
M-9249,2023-08-11,VNM
M-9250,2023-08-10,VNM
M-9251,2023-08-06,VNM
M-9252,2023-08-10,VNM
M-9253,2023-08-07,VNM
M-9254,2023-08-11,VNM
M-9255,2023-08-11,THA
M-9256,2023-08-11,THA
M-9257,2023-08-11,THA
M-9258,2023-08-11,THA
M-9259,2023-08-11,VNM
M-9260,2023-08-06,VNM
M-9261,2023-08-06,VNM
M-9262,2023-08-09,VNM
M-9263,2023-08-09,VNM
M-9264,2023-08-10,VNM
M-9265,2023-08-06,KHM
M-9266,2023-08-11,KHM
M-9267,2023-08-10,KHM
M-9268,2023-08-11,THA
M-9269,2023-08-06,VNM
M-9270,2023-08-11,KHM
M-9271,2023-08-11,KHM
M-9272,2023-08-10,VNM
M-9273,2023-08-11,VNM
M-9274,2023-08-07,VNM
M-9275,2023-08-11,VNM
M-9276,2023-08-11,VNM
M-9277,2023-08-10,THA
M-9278,2023-08-10,THA
M-9279,2023-08-11,THA
M-9280,2023-08-11,THA
M-9281,2023-08-11,VNM
M-9282,2023-08-09,VNM
M-9283,2023-08-11,VNM
M-9284,2023-08-11,VNM
M-9285,2023-08-11,VNM
M-9286,2023-08-10,VNM
M-9287,2023-08-07,VNM
M-9288,2023-08-07,VNM
M-9289,2023-08-07,VNM
M-9290,2023-08-07,VNM
M-9291,2023-08-06,VNM
M-9292,2023-08-06,VNM
M-9293,2023-08-07,VNM
M-9294,2023-08-11,VNM
M-9295,2023-08-09,VNM
M-9296,2023-08-11,VNM
M-9297,2023-08-11,VNM
M-9298,2023-08-11,VNM
M-9299,2023-08-06,VNM
M-9300,2023-08-07,VNM
M-9301,2023-08-07,LAO
M-9302,2023-08-11,LAO
M-9303,2023-08-11,VNM
M-9304,2023-08-09,VNM
M-9305,2023-08-10,VNM
M-9306,2023-08-11,VNM
M-9307,2023-08-06,THA
M-9308,2023-08-11,VNM
M-9309,2023-08-09,VNM
M-9310,2023-08-07,VNM
M-9311,2023-08-09,VNM
M-9312,2023-08-11,VNM
M-9313,2023-08-10,VNM
M-9314,2023-08-11,VNM
M-9315,2023-08-11,VNM
M-9316,2023-08-06,VNM
M-9317,2023-08-11,VNM
M-9318,2023-08-07,VNM
M-9319,2023-08-11,VNM
M-9320,2023-08-11,VNM
M-9321,2023-08-09,VNM
M-9322,2023-08-10,VNM
M-9323,2023-08-11,THA
M-9324,2023-08-06,VNM
M-9325,2023-08-09,VNM
M-9326,2023-08-11,VNM
M-9327,2023-08-09,VNM
M-9328,2023-08-11,VNM
M-9329,2023-08-11,VNM
M-9330,2023-08-10,VNM
M-9331,2023-08-06,VNM
M-9332,2023-08-07,VNM
M-9333,2023-08-06,VNM
M-9334,2023-08-09,VNM
M-9335,2023-08-07,VNM
M-9336,2023-08-11,VNM
M-9337,2023-08-07,THA
M-9338,2023-08-10,VNM
M-9339,2023-08-11,VNM
M-9340,2023-08-11,VNM
M-9341,2023-08-11,VNM
M-9342,2023-08-11,VNM
M-9343,2023-08-06,VNM
M-9344,2023-08-11,CHN
M-9345,2023-08-06,VNM
M-9346,2023-08-06,VNM
M-9347,2023-08-07,VNM
M-9348,2023-08-11,VNM
M-9349,2023-08-07,VNM
M-9350,2023-08-06,VNM
M-9351,2023-08-06,VNM
M-9352,2023-08-07,VNM
M-9353,2023-08-11,VNM
M-9354,2023-08-11,VNM
M-9355,2023-08-06,VNM
M-9356,2023-08-09,VNM
M-9357,2023-08-11,VNM
M-9358,2023-08-07,VNM
M-9359,2023-08-07,VNM
M-9360,2023-08-11,VNM
M-9361,2023-08-11,VNM
M-9362,2023-08-10,VNM
M-9363,2023-08-11,VNM
M-9364,2023-08-11,VNM
M-9365,2023-08-06,VNM
M-9366,2023-08-11,VNM
M-9367,2023-08-07,KHM
M-9368,2023-08-09,KHM
M-9369,2023-08-11,VNM
M-9370,2023-08-11,VNM
M-9371,2023-08-09,VNM
M-9372,2023-08-06,KHM
M-9373,2023-08-11,KHM
M-9374,2023-08-11,VNM
M-9375,2023-08-06,VNM
M-9376,2023-08-07,VNM
M-9377,2023-08-07,VNM
M-9378,2023-08-06,CHN
M-9379,2023-08-07,CHN
M-9380,2023-08-07,VNM
M-9381,2023-08-11,VNM
M-9382,2023-08-11,KHM
M-9383,2023-08-11,KHM
M-9384,2023-08-11,VNM
M-9385,2023-08-06,VNM
M-9386,2023-08-11,VNM
M-9387,2023-08-06,VNM
M-9388,2023-08-11,VNM
M-9389,2023-08-10,VNM
M-9390,2023-08-11,VNM
M-9391,2023-08-06,VNM
M-9392,2023-08-07,VNM
M-9393,2023-08-09,LAO
M-9394,2023-08-11,VNM
M-9395,2023-08-11,VNM
M-9396,2023-08-06,VNM
M-9397,2023-08-11,VNM
M-9398,2023-08-10,VNM
M-9399,2023-08-11,VNM
M-9400,2023-08-06,VNM
M-9401,2023-08-11,VNM
M-9402,2023-08-11,VNM
M-9403,2023-08-07,VNM
M-9404,2023-08-06,VNM
M-9405,2023-08-11,THA
M-9406,2023-08-11,THA
M-9407,2023-08-11,VNM
M-9408,2023-08-11,VNM
M-9409,2023-08-07,VNM
M-9410,2023-08-11,VNM
M-9411,2023-08-11,VNM
M-9412,2023-08-11,VNM
M-9413,2023-08-11,VNM
M-9414,2023-08-11,VNM
M-9415,2023-08-10,VNM
M-9416,2023-08-11,VNM
M-9417,2023-08-11,VNM
M-9418,2023-08-07,VNM
M-9419,2023-08-11,VNM
M-9420,2023-08-11,KHM
M-9421,2023-08-09,VNM
M-9422,2023-08-11,VNM
M-9423,2023-08-11,THA
M-9424,2023-08-11,VNM
M-9425,2023-08-11,KHM
M-9426,2023-08-10,VNM
M-9427,2023-08-10,VNM
M-9428,2023-08-10,VNM
M-9429,2023-08-10,VNM
M-9430,2023-08-09,VNM
M-9431,2023-08-10,VNM
M-9432,2023-08-10,VNM
M-9433,2023-08-09,VNM
M-9434,2023-08-11,VNM
M-9435,2023-08-06,KHM
M-9436,2023-08-11,VNM
M-9437,2023-08-06,VNM
M-9438,2023-08-10,VNM
M-9439,2023-08-06,VNM
M-9440,2023-08-11,VNM
M-9441,2023-08-11,VNM
M-9442,2023-08-06,VNM
M-9443,2023-08-11,KHM
M-9444,2023-08-06,KHM
M-9445,2023-08-09,KHM
M-9446,2023-08-07,VNM
M-9447,2023-08-11,KHM
M-9448,2023-08-11,VNM
M-9449,2023-08-11,THA
M-9450,2023-08-07,THA
M-9451,2023-08-11,VNM
M-9452,2023-08-11,VNM
M-9453,2023-08-09,LAO
M-9454,2023-08-10,VNM
M-9455,2023-08-11,VNM
M-9456,2023-08-11,VNM
M-9457,2023-08-11,VNM
M-9458,2023-08-11,VNM
M-9459,2023-08-09,KHM
M-9460,2023-08-11,KHM
M-9461,2023-08-11,VNM
M-9462,2023-08-11,VNM
M-9463,2023-08-06,VNM
M-9464,2023-08-11,VNM
M-9465,2023-08-11,THA
M-9466,2023-08-11,KHM
M-9467,2023-08-11,KHM
M-9468,2023-08-11,VNM
M-9469,2023-08-07,VNM
M-9470,2023-08-07,VNM
M-9471,2023-08-11,VNM
M-9472,2023-08-09,VNM
M-9473,2023-08-06,VNM
M-9474,2023-08-11,VNM
M-9475,2023-08-10,VNM
M-9476,2023-08-11,VNM
M-9477,2023-08-11,VNM
M-9478,2023-08-11,THA
M-9479,2023-08-11,VNM
M-9480,2023-08-11,CHN
M-9481,2023-08-06,VNM
M-9482,2023-08-11,VNM
M-9483,2023-08-07,VNM
M-9484,2023-08-11,VNM
M-9485,2023-08-11,VNM
M-9486,2023-08-11,VNM
M-9487,2023-08-11,VNM
M-9488,2023-08-06,VNM
M-9489,2023-08-10,VNM
M-9490,2023-08-06,VNM
M-9491,2023-08-11,KHM
M-9492,2023-08-06,VNM
M-9493,2023-08-07,VNM
M-9494,2023-08-09,VNM
M-9495,2023-08-11,VNM
M-9496,2023-08-09,VNM
M-9497,2023-08-11,VNM
M-9498,2023-08-09,VNM
M-9499,2023-08-10,VNM
M-9500,2023-08-11,VNM
M-9501,2023-08-11,THA
M-9502,2023-08-11,THA
M-9503,2023-08-10,VNM
M-9504,2023-08-11,VNM
M-9505,2023-08-11,VNM
M-9506,2023-08-11,VNM
M-9507,2023-08-11,VNM
M-9508,2023-08-07,VNM
M-9509,2023-08-09,VNM
M-9510,2023-08-11,VNM
M-9511,2023-08-11,VNM
M-9512,2023-08-11,VNM
M-9513,2023-08-11,KHM
M-9514,2023-08-06,KHM
M-9515,2023-08-09,VNM
M-9516,2023-08-11,VNM
M-9517,2023-08-11,KHM
M-9518,2023-08-11,VNM
M-9519,2023-08-07,VNM
M-9520,2023-08-11,THA
M-9521,2023-08-11,VNM
M-9522,2023-08-06,VNM
M-9523,2023-08-11,KHM
M-9524,2023-08-09,VNM
M-9525,2023-08-09,VNM
M-9526,2023-08-11,VNM
M-9527,2023-08-11,VNM
M-9528,2023-08-09,VNM
M-9529,2023-08-07,VNM
M-9530,2023-08-11,VNM
M-9531,2023-08-07,VNM
M-9532,2023-08-10,VNM
M-9533,2023-08-10,VNM
M-9534,2023-08-06,VNM
M-9535,2023-08-11,VNM
M-9536,2023-08-07,KHM
M-9537,2023-08-11,VNM
M-9538,2023-08-10,VNM
M-9539,2023-08-06,VNM
M-9540,2023-08-11,KHM
M-9541,2023-08-10,VNM
M-9542,2023-08-11,VNM
M-9543,2023-08-09,VNM
M-9544,2023-08-06,VNM
M-9545,2023-08-11,VNM
M-9546,2023-08-10,KHM
M-9547,2023-08-06,VNM
M-9548,2023-08-07,VNM
M-9549,2023-08-11,CHN
M-9550,2023-08-11,VNM
M-9551,2023-08-11,KHM
M-9552,2023-08-10,VNM
M-9553,2023-08-10,VNM
M-9554,2023-08-11,VNM
M-9555,2023-08-06,VNM
M-9556,2023-08-10,THA
M-9557,2023-08-11,VNM
M-9558,2023-08-09,VNM
M-9559,2023-08-11,VNM
M-9560,2023-08-07,VNM
M-9561,2023-08-06,VNM
M-9562,2023-08-11,VNM
M-9563,2023-08-07,VNM
M-9564,2023-08-11,THA
M-9565,2023-08-07,THA
M-9566,2023-08-11,VNM
M-9567,2023-08-11,THA
M-9568,2023-08-11,VNM
M-9569,2023-08-06,VNM
M-9570,2023-08-06,VNM
M-9571,2023-08-11,VNM
M-9572,2023-08-11,VNM
M-9573,2023-08-11,VNM
M-9574,2023-08-06,VNM
M-9575,2023-08-11,VNM
M-9576,2023-08-11,VNM
M-9577,2023-08-07,VNM
M-9578,2023-08-09,VNM
M-9579,2023-08-11,VNM
M-9580,2023-08-11,KHM
M-9581,2023-08-11,VNM
M-9582,2023-08-10,VNM
M-9583,2023-08-11,VNM
M-9584,2023-08-06,VNM
M-9585,2023-08-06,VNM
M-9586,2023-08-11,VNM
M-9587,2023-08-11,VNM
M-9588,2023-08-11,VNM
M-9589,2023-08-10,VNM
M-9590,2023-08-11,VNM
M-9591,2023-08-11,VNM
M-9592,2023-08-11,VNM
M-9593,2023-08-10,VNM
M-9594,2023-08-07,THA
M-9595,2023-08-07,VNM
M-9596,2023-08-07,VNM
M-9597,2023-08-11,VNM
M-9598,2023-08-07,VNM
M-9599,2023-08-11,VNM
M-9600,2023-08-11,VNM
M-9601,2023-08-11,THA
M-9602,2023-08-11,VNM
M-9603,2023-08-11,KHM
M-9604,2023-08-09,VNM
M-9605,2023-08-11,VNM
M-9606,2023-08-07,VNM
M-9607,2023-08-11,VNM
M-9608,2023-08-11,VNM
M-9609,2023-08-11,VNM
M-9610,2023-08-06,VNM
M-9611,2023-08-11,VNM
M-9612,2023-08-11,VNM
M-9613,2023-08-07,VNM
M-9614,2023-08-10,VNM
M-9615,2023-08-07,VNM
M-9616,2023-08-11,VNM
M-9617,2023-08-06,THA
M-9618,2023-08-06,VNM
M-9619,2023-08-06,VNM
M-9620,2023-08-11,VNM
M-9621,2023-08-11,VNM
M-9622,2023-08-06,VNM
M-9623,2023-08-11,VNM
M-9624,2023-08-10,VNM
M-9625,2023-08-11,VNM
M-9626,2023-08-06,VNM
M-9627,2023-08-10,VNM
M-9628,2023-08-11,VNM
M-9629,2023-08-11,VNM
M-9630,2023-08-07,VNM
M-9631,2023-08-11,THA
M-9632,2023-08-06,VNM
M-9633,2023-08-11,VNM
M-9634,2023-08-07,VNM
M-9635,2023-08-07,VNM
M-9636,2023-08-11,VNM
M-9637,2023-08-06,VNM
M-9638,2023-08-11,VNM
M-9639,2023-08-10,VNM
M-9640,2023-08-11,VNM
M-9641,2023-08-07,VNM
M-9642,2023-08-11,VNM
M-9643,2023-08-11,VNM
M-9644,2023-08-09,VNM
M-9645,2023-08-11,VNM
M-9646,2023-08-11,VNM
M-9647,2023-08-11,VNM
M-9648,2023-08-11,THA
M-9649,2023-08-11,VNM
M-9650,2023-08-06,VNM
M-9651,2023-08-11,THA
M-9652,2023-08-06,VNM
M-9653,2023-08-09,KHM
M-9654,2023-08-06,VNM
M-9655,2023-08-11,VNM
M-9656,2023-08-11,VNM
M-9657,2023-08-10,KHM
M-9658,2023-08-07,VNM
M-9659,2023-08-11,THA
M-9660,2023-08-06,LAO
M-9661,2023-08-11,VNM
M-9662,2023-08-11,VNM
M-9663,2023-08-11,VNM
M-9664,2023-08-11,VNM
M-9665,2023-08-11,VNM
M-9666,2023-08-11,VNM
M-9667,2023-08-07,VNM
M-9668,2023-08-11,LAO
M-9669,2023-08-11,VNM
M-9670,2023-08-11,VNM
M-9671,2023-08-09,VNM
M-9672,2023-08-11,LAO
M-9673,2023-08-09,VNM
M-9674,2023-08-06,VNM
M-9675,2023-08-06,VNM
M-9676,2023-08-07,VNM
M-9677,2023-08-07,VNM
M-9678,2023-08-11,LAO
M-9679,2023-08-11,VNM
M-9680,2023-08-10,VNM
M-9681,2023-08-11,VNM
M-9682,2023-08-11,VNM
M-9683,2023-08-07,VNM
M-9684,2023-08-11,VNM
M-9685,2023-08-11,VNM
M-9686,2023-08-06,VNM
M-9687,2023-08-11,VNM
M-9688,2023-08-07,VNM
M-9689,2023-08-11,VNM
M-9690,2023-08-11,VNM
M-9691,2023-08-06,VNM
M-9692,2023-08-07,VNM
M-9693,2023-08-07,VNM
M-9694,2023-08-10,VNM
M-9695,2023-08-09,KHM
M-9696,2023-08-11,KHM
M-9697,2023-08-11,KHM
M-9698,2023-08-11,VNM
M-9699,2023-08-11,VNM
M-9700,2023-08-11,THA
M-9701,2023-08-11,VNM
M-9702,2023-08-11,VNM
M-9703,2023-08-10,VNM
M-9704,2023-08-11,VNM
M-9705,2023-08-11,VNM
M-9706,2023-08-11,VNM
M-9707,2023-08-11,VNM
H-3087,2023-08-11,VNM
H-3088,2023-08-11,VNM
H-3089,2023-08-11,KHM
H-3090,2023-08-11,KHM
H-3091,2023-08-11,KHM
H-3092,2023-08-11,CHN
H-3093,2023-08-11,VNM
H-3094,2023-08-11,VNM
H-3095,2023-08-11,VNM
H-3096,2023-08-11,THA
H-3097,2023-08-11,VNM
H-3098,2023-08-11,VNM
H-3099,2023-08-11,VNM
H-3100,2023-08-11,VNM
H-3101,2023-08-11,VNM
H-3102,2023-08-11,VNM
H-3103,2023-08-11,VNM
H-3104,2023-08-11,VNM
H-3105,2023-08-11,VNM
H-3106,2023-08-11,VNM
H-3107,2023-08-11,LAO
H-3108,2023-08-11,THA
H-3109,2023-08-11,VNM
H-3110,2023-08-11,VNM
H-3111,2023-08-11,VNM
H-3112,2023-08-11,CHN
H-3113,2023-08-11,VNM
H-3114,2023-08-11,VNM
H-3115,2023-08-11,VNM
H-3116,2023-08-11,VNM
H-3117,2023-08-11,VNM
H-3118,2023-08-11,VNM
H-3119,2023-08-11,VNM
H-3120,2023-08-11,VNM
H-3121,2023-08-11,VNM
H-3122,2023-08-11,VNM
H-3123,2023-08-11,VNM
H-3124,2023-08-11,VNM
H-3125,2023-08-11,VNM
H-3126,2023-08-11,KHM
H-3127,2023-08-11,VNM
H-3128,2023-08-11,VNM
H-3129,2023-08-11,THA
H-3130,2023-08-11,VNM
H-3131,2023-08-11,LAO
H-3132,2023-08-11,VNM
H-3133,2023-08-11,VNM
H-3134,2023-08-11,VNM
H-3135,2023-08-11,VNM
H-3136,2023-08-11,VNM
H-3137,2023-08-11,KHM
H-3138,2023-08-11,VNM
H-3139,2023-08-11,VNM
H-3140,2023-08-11,CHN
H-3141,2023-08-11,VNM
H-3142,2023-08-11,VNM
H-3143,2023-08-11,VNM
H-3144,2023-08-11,KHM
H-3145,2023-08-11,VNM
H-3146,2023-08-11,VNM
H-3147,2023-08-11,VNM
H-3148,2023-08-11,VNM
H-3149,2023-08-11,VNM
H-3150,2023-08-11,VNM
H-3151,2023-08-11,VNM
H-3152,2023-08-11,VNM
H-3153,2023-08-11,VNM
H-3154,2023-08-11,LAO
H-3155,2023-08-11,VNM
H-3156,2023-08-11,VNM
H-3157,2023-08-11,KHM
H-3158,2023-08-11,VNM
H-3159,2023-08-11,VNM
H-3160,2023-08-11,VNM
H-3161,2023-08-11,VNM
H-3162,2023-08-11,VNM
H-3163,2023-08-11,VNM
H-3164,2023-08-11,VNM
H-3165,2023-08-11,KHM
H-3166,2023-08-11,VNM
H-3167,2023-08-11,VNM
H-3168,2023-08-11,CHN
H-3169,2023-08-11,VNM
H-3170,2023-08-11,VNM
H-3171,2023-08-11,VNM
H-3172,2023-08-11,VNM
H-3173,2023-08-11,VNM
H-3174,2023-08-11,THA
H-3175,2023-08-11,VNM
H-3176,2023-08-11,KHM
H-3177,2023-08-11,VNM
H-3178,2023-08-11,VNM
H-3179,2023-08-11,VNM
H-3180,2023-08-11,VNM
H-3181,2023-08-11,THA
H-3182,2023-08-11,VNM
H-3183,2023-08-11,LAO
H-3184,2023-08-11,THA
H-3185,2023-08-11,THA
H-3186,2023-08-11,VNM
H-3187,2023-08-11,VNM
H-3188,2023-08-11,VNM
H-3189,2023-08-11,VNM
H-3190,2023-08-11,VNM
H-3191,2023-08-11,THA
H-3192,2023-08-11,THA
H-3193,2023-08-11,LAO
H-3194,2023-08-11,VNM
H-3195,2023-08-11,VNM
H-3196,2023-08-11,LAO
H-3197,2023-08-11,THA
H-3198,2023-08-11,VNM
H-3199,2023-08-11,VNM
H-3200,2023-08-11,CHN
H-3201,2023-08-11,THA
H-3202,2023-08-11,VNM
H-3203,2023-08-11,VNM
H-3204,2023-08-11,VNM
H-3205,2023-08-11,VNM
H-3206,2023-08-11,KHM
H-3207,2023-08-11,VNM
H-3208,2023-08-11,VNM
H-3209,2023-08-11,VNM
H-3210,2023-08-11,VNM
H-3211,2023-08-11,VNM
H-3212,2023-08-11,VNM
H-3213,2023-08-11,VNM
H-3214,2023-08-11,THA
H-3215,2023-08-11,LAO
H-3216,2023-08-11,VNM
H-3217,2023-08-11,VNM
H-3218,2023-08-11,VNM
H-3219,2023-08-11,VNM
H-3220,2023-08-11,VNM
H-3221,2023-08-11,CHN
H-3222,2023-08-11,THA
H-3223,2023-08-11,VNM
H-3224,2023-08-11,VNM
H-3225,2023-08-11,VNM
H-3226,2023-08-11,VNM
H-3227,2023-08-11,VNM
H-3228,2023-08-11,THA
H-3229,2023-08-11,VNM
H-3230,2023-08-11,VNM
H-3231,2023-08-11,VNM
H-3232,2023-08-11,VNM
H-3233,2023-08-11,VNM
H-3234,2023-08-11,VNM
H-3235,2023-08-11,VNM
H-3236,2023-08-11,LAO
H-3237,2023-08-11,VNM
H-3238,2023-08-11,VNM
H-3239,2023-08-11,VNM
H-3240,2023-08-11,VNM
H-3241,2023-08-11,THA
H-3242,2023-08-11,VNM
H-3243,2023-08-11,VNM
H-3244,2023-08-11,VNM
H-3245,2023-08-11,VNM
H-3246,2023-08-11,VNM
H-3247,2023-08-11,VNM
H-3248,2023-08-11,THA
H-3249,2023-08-11,VNM
H-3250,2023-08-11,VNM
H-3251,2023-08-11,VNM
H-3252,2023-08-11,VNM
H-3253,2023-08-11,VNM
H-3254,2023-08-11,VNM
H-3255,2023-08-11,VNM
H-3256,2023-08-11,VNM
H-3257,2023-08-11,VNM
H-3258,2023-08-11,VNM
H-3259,2023-08-11,VNM
H-3260,2023-08-11,VNM
H-3261,2023-08-11,LAO
H-3262,2023-08-11,VNM
H-3263,2023-08-11,VNM
H-3264,2023-08-11,VNM
H-3265,2023-08-11,KHM
H-3266,2023-08-11,VNM
H-3267,2023-08-11,THA
H-3268,2023-08-11,VNM
H-3269,2023-08-11,VNM
H-3270,2023-08-11,VNM
H-3271,2023-08-11,THA
H-3272,2023-08-11,VNM
H-3273,2023-08-11,VNM
H-3274,2023-08-11,VNM
H-3275,2023-08-11,VNM
H-3276,2023-08-11,THA
H-3277,2023-08-11,THA
H-3278,2023-08-11,VNM
H-3279,2023-08-11,VNM
H-3280,2023-08-11,VNM
H-3281,2023-08-11,KHM
H-3282,2023-08-11,VNM
H-3283,2023-08-11,VNM
H-3284,2023-08-11,VNM
H-3285,2023-08-11,VNM
H-3286,2023-08-11,CHN
H-3287,2023-08-11,KHM
H-3288,2023-08-11,VNM
H-3289,2023-08-11,VNM
H-3290,2023-08-11,VNM
H-3291,2023-08-11,THA
H-3292,2023-08-11,VNM
H-3293,2023-08-11,VNM
H-3294,2023-08-11,VNM
H-3295,2023-08-11,VNM
H-3296,2023-08-11,VNM
H-3297,2023-08-11,VNM
H-3298,2023-08-11,VNM
H-3299,2023-08-11,THA
H-3300,2023-08-11,VNM
H-3301,2023-08-11,VNM
H-3302,2023-08-11,VNM
H-3303,2023-08-11,VNM
H-3304,2023-08-11,VNM
H-3305,2023-08-11,VNM
H-3306,2023-08-11,VNM
H-3307,2023-08-11,VNM
H-3308,2023-08-11,VNM
H-3309,2023-08-11,VNM
H-3310,2023-08-11,VNM
H-3311,2023-08-11,VNM
H-3312,2023-08-11,KHM
H-3313,2023-08-11,VNM
H-3314,2023-08-11,VNM
H-3315,2023-08-11,VNM
H-3316,2023-08-11,VNM
H-3317,2023-08-11,VNM
H-3318,2023-08-11,THA
H-3319,2023-08-11,VNM
H-3320,2023-08-11,THA
H-3321,2023-08-11,VNM
H-3322,2023-08-11,VNM
H-3323,2023-08-11,VNM
H-3324,2023-08-11,VNM
H-3325,2023-08-11,VNM
H-3326,2023-08-11,THA
H-3327,2023-08-11,VNM
H-3328,2023-08-11,VNM
H-3329,2023-08-11,VNM
H-3330,2023-08-11,VNM
H-3331,2023-08-11,VNM
H-3332,2023-08-11,VNM
H-3333,2023-08-11,VNM
H-3334,2023-08-11,VNM
H-3335,2023-08-11,VNM
H-3336,2023-08-11,VNM
H-3337,2023-08-11,VNM
H-3338,2023-08-11,VNM
H-3339,2023-08-11,VNM
H-3340,2023-08-11,VNM
H-3341,2023-08-11,VNM
H-3342,2023-08-11,VNM
H-3343,2023-08-11,VNM
H-3344,2023-08-11,VNM
H-3345,2023-08-11,VNM
H-3346,2023-08-11,KHM
H-3347,2023-08-11,VNM
H-3348,2023-08-11,VNM
H-3349,2023-08-11,VNM
H-3350,2023-08-11,VNM
H-3351,2023-08-11,THA
H-3352,2023-08-11,VNM
H-3353,2023-08-11,KHM
H-3354,2023-08-11,THA
H-3355,2023-08-11,VNM
H-3356,2023-08-11,VNM
H-3357,2023-08-11,VNM
H-3358,2023-08-11,VNM
H-3359,2023-08-11,VNM
H-3360,2023-08-11,VNM
H-3361,2023-08-11,VNM
H-3362,2023-08-11,VNM
H-3363,2023-08-11,CHN
H-3364,2023-08-11,VNM
H-3365,2023-08-11,THA
H-3366,2023-08-11,KHM
H-3367,2023-08-11,VNM
H-3368,2023-08-11,VNM
H-3369,2023-08-11,VNM
H-3370,2023-08-11,LAO
H-3371,2023-08-11,VNM
H-3372,2023-08-11,VNM
H-3373,2023-08-11,CHN
H-3374,2023-08-11,VNM
H-3375,2023-08-11,THA
H-3376,2023-08-11,VNM
H-3377,2023-08-11,VNM
H-3378,2023-08-11,VNM
H-3379,2023-08-11,VNM
H-3380,2023-08-11,VNM
H-3381,2023-08-11,VNM
H-3382,2023-08-11,VNM
H-3383,2023-08-11,VNM
H-3384,2023-08-11,VNM
H-3385,2023-08-11,VNM
H-3386,2023-08-11,VNM
H-3387,2023-08-11,VNM
H-3388,2023-08-11,KHM
H-3389,2023-08-11,VNM
H-3390,2023-08-11,VNM
H-3391,2023-08-11,VNM
H-3392,2023-08-11,VNM
H-3393,2023-08-11,VNM
H-3394,2023-08-11,VNM
H-3395,2023-08-11,VNM
H-3396,2023-08-11,VNM
H-3397,2023-08-11,VNM
H-3398,2023-08-11,LAO
H-3399,2023-08-11,VNM
H-3400,2023-08-11,VNM
H-3401,2023-08-11,VNM
H-3402,2023-08-11,THA
H-3403,2023-08-11,VNM
H-3404,2023-08-11,VNM
H-3405,2023-08-11,VNM
H-3406,2023-08-11,VNM
H-3407,2023-08-11,VNM
H-3408,2023-08-11,KHM
H-3409,2023-08-11,VNM
H-3410,2023-08-11,VNM
H-3411,2023-08-11,VNM
H-3412,2023-08-11,THA
H-3413,2023-08-11,VNM
H-3414,2023-08-11,VNM
H-3415,2023-08-11,VNM
H-3416,2023-08-11,THA
H-3417,2023-08-11,VNM
H-3418,2023-08-11,THA
H-3419,2023-08-11,VNM
H-3420,2023-08-11,VNM
H-3421,2023-08-11,LAO
H-3422,2023-08-11,KHM
H-3423,2023-08-11,KHM
H-3424,2023-08-11,VNM
H-3425,2023-08-11,VNM
H-3426,2023-08-11,VNM
M-10000,2023-08-11,VNM
M-10001,2023-08-11,VNM
M-10002,2023-08-11,VNM
M-10003,2023-08-11,VNM
M-10004,2023-08-10,KHM
M-10005,2023-08-11,VNM
M-10006,2023-08-07,VNM
M-10007,2023-08-09,VNM
M-10008,2023-08-09,VNM
M-10009,2023-08-07,VNM
M-10010,2023-08-10,VNM
M-10011,2023-08-11,VNM
M-10012,2023-08-11,VNM
M-10013,2023-08-11,VNM
M-10014,2023-08-11,VNM
M-10015,2023-08-11,KHM
M-10016,2023-08-11,KHM
M-10017,2023-08-11,KHM
M-10018,2023-08-11,KHM
M-10019,2023-08-10,VNM
M-10020,2023-08-11,VNM
M-10021,2023-08-11,VNM
M-10022,2023-08-11,VNM
M-10023,2023-08-07,VNM
M-10024,2023-08-11,VNM
M-10025,2023-08-07,VNM
M-10026,2023-08-07,VNM
M-10027,2023-08-11,VNM
M-10028,2023-08-09,VNM
M-10029,2023-08-11,VNM
M-10030,2023-08-10,VNM
M-10031,2023-08-09,VNM
M-10032,2023-08-11,KHM
M-10033,2023-08-09,VNM
M-10034,2023-08-09,VNM
M-10035,2023-08-11,VNM
M-10036,2023-08-10,VNM
M-10037,2023-08-09,VNM
M-10038,2023-08-11,VNM
M-10039,2023-08-07,VNM
M-10040,2023-08-09,VNM
M-10041,2023-08-11,VNM
M-10042,2023-08-11,VNM
M-10043,2023-08-11,THA
M-10044,2023-08-11,THA
M-10045,2023-08-11,THA
M-10046,2023-08-11,VNM
M-10047,2023-08-10,VNM
M-10048,2023-08-07,VNM
M-10049,2023-08-11,THA
M-10050,2023-08-11,KHM
M-10051,2023-08-11,VNM
M-10052,2023-08-10,VNM
M-10053,2023-08-11,VNM
M-10054,2023-08-11,VNM
M-10055,2023-08-10,VNM
M-10056,2023-08-11,VNM
M-10057,2023-08-09,VNM
M-10058,2023-08-07,VNM
M-10059,2023-08-11,VNM
M-10060,2023-08-11,VNM
M-10061,2023-08-11,VNM
M-10062,2023-08-10,VNM
M-10063,2023-08-11,VNM
M-10064,2023-08-11,VNM
M-10065,2023-08-11,VNM
M-10066,2023-08-10,THA
M-10067,2023-08-10,THA
M-10068,2023-08-11,VNM
M-10069,2023-08-10,VNM
M-10070,2023-08-11,VNM
M-10071,2023-08-10,VNM
M-10072,2023-08-11,VNM
M-10073,2023-08-10,LAO
M-10074,2023-08-11,LAO
M-10075,2023-08-11,VNM
M-10076,2023-08-07,VNM
M-10077,2023-08-11,VNM
M-10078,2023-08-09,VNM
M-10079,2023-08-10,VNM
M-10080,2023-08-07,VNM
M-10081,2023-08-07,VNM
M-10082,2023-08-11,VNM
M-10083,2023-08-10,VNM
M-10084,2023-08-11,VNM
M-10085,2023-08-07,VNM
M-10086,2023-08-11,VNM
M-10087,2023-08-09,VNM
M-10088,2023-08-07,THA
M-10089,2023-08-11,THA
M-10090,2023-08-11,VNM
M-10091,2023-08-07,VNM
M-10092,2023-08-11,VNM
M-10093,2023-08-09,VNM
M-10094,2023-08-07,VNM
M-10095,2023-08-07,KHM
M-10096,2023-08-11,LAO
M-10097,2023-08-07,VNM
M-10098,2023-08-11,VNM
M-10099,2023-08-11,VNM
M-10100,2023-08-11,VNM
M-10101,2023-08-09,KHM
M-10102,2023-08-07,VNM
M-10103,2023-08-10,VNM
M-10104,2023-08-11,VNM
M-10105,2023-08-07,VNM
M-10106,2023-08-11,VNM
M-10107,2023-08-11,VNM
M-10108,2023-08-11,VNM
M-10109,2023-08-11,VNM
M-10110,2023-08-11,VNM
M-10111,2023-08-11,VNM
M-10112,2023-08-11,VNM
M-10113,2023-08-11,VNM
M-10114,2023-08-11,VNM
M-10115,2023-08-09,VNM
M-10116,2023-08-11,VNM
M-10117,2023-08-11,VNM
M-10118,2023-08-11,KHM
M-10119,2023-08-10,VNM
M-10120,2023-08-11,VNM
M-10121,2023-08-11,VNM
M-10122,2023-08-11,VNM
M-10123,2023-08-11,VNM
M-10124,2023-08-11,VNM
M-10125,2023-08-07,VNM
M-10126,2023-08-07,VNM
M-10127,2023-08-10,VNM
M-10128,2023-08-10,VNM
M-10129,2023-08-11,VNM
M-10130,2023-08-11,VNM
M-10131,2023-08-11,VNM
M-10132,2023-08-11,VNM
M-10133,2023-08-11,VNM
M-10134,2023-08-11,VNM
M-10135,2023-08-11,VNM
M-10136,2023-08-09,LAO
M-10137,2023-08-09,VNM
M-10138,2023-08-09,VNM
M-10139,2023-08-09,VNM
M-10140,2023-08-10,VNM
M-10141,2023-08-11,VNM
M-10142,2023-08-11,VNM
M-10143,2023-08-11,VNM
M-10144,2023-08-09,THA
M-10145,2023-08-09,VNM
M-10146,2023-08-11,VNM
M-10147,2023-08-10,VNM
M-10148,2023-08-11,VNM
M-10149,2023-08-11,VNM
M-10150,2023-08-10,VNM
M-10151,2023-08-10,VNM
M-10152,2023-08-07,VNM
M-10153,2023-08-11,VNM
M-10154,2023-08-11,VNM
M-10155,2023-08-11,VNM
M-10156,2023-08-11,VNM
M-10157,2023-08-11,VNM
M-10158,2023-08-11,THA
M-10159,2023-08-07,VNM
M-10160,2023-08-09,CHN
M-10161,2023-08-10,CHN
M-10162,2023-08-11,VNM
M-10163,2023-08-07,VNM
M-10164,2023-08-07,VNM
M-10165,2023-08-11,VNM
M-10166,2023-08-09,VNM
M-10167,2023-08-09,VNM
M-10168,2023-08-11,VNM
M-10169,2023-08-11,VNM
M-10170,2023-08-11,VNM
M-10171,2023-08-07,VNM
M-10172,2023-08-10,VNM
M-10173,2023-08-09,VNM
M-10174,2023-08-11,THA
M-10175,2023-08-11,VNM
M-10176,2023-08-11,VNM
M-10177,2023-08-11,VNM
M-10178,2023-08-11,VNM
M-10179,2023-08-11,VNM
M-10180,2023-08-09,VNM
M-10181,2023-08-11,VNM
M-10182,2023-08-11,VNM
M-10183,2023-08-11,VNM
M-10184,2023-08-11,CHN
M-10185,2023-08-10,VNM
M-10186,2023-08-11,VNM
M-10187,2023-08-11,VNM
M-10188,2023-08-11,VNM
M-10189,2023-08-11,VNM
M-10190,2023-08-11,VNM
M-10191,2023-08-10,VNM
M-10192,2023-08-11,VNM
M-10193,2023-08-09,VNM
M-10194,2023-08-09,VNM
M-10195,2023-08-07,VNM
M-10196,2023-08-09,VNM
M-10197,2023-08-11,VNM
M-10198,2023-08-07,VNM
M-10199,2023-08-11,VNM
M-10200,2023-08-11,VNM
M-10201,2023-08-11,VNM
M-10202,2023-08-09,VNM
M-10203,2023-08-07,VNM
M-10204,2023-08-11,VNM
M-10205,2023-08-11,VNM
M-10206,2023-08-07,VNM
M-10207,2023-08-10,VNM
M-10208,2023-08-07,VNM
M-10209,2023-08-11,VNM
M-10210,2023-08-09,VNM
M-10211,2023-08-11,KHM
M-10212,2023-08-11,VNM
M-10213,2023-08-11,VNM
M-10214,2023-08-11,VNM
M-10215,2023-08-07,KHM
M-10216,2023-08-07,VNM
M-10217,2023-08-11,VNM
M-10218,2023-08-10,VNM
M-10219,2023-08-11,KHM
M-10220,2023-08-10,KHM
M-10221,2023-08-10,KHM
M-10222,2023-08-09,VNM
M-10223,2023-08-11,VNM
M-10224,2023-08-07,VNM
M-10225,2023-08-11,LAO
M-10226,2023-08-09,LAO
M-10227,2023-08-07,VNM
M-10228,2023-08-11,VNM
M-10229,2023-08-09,VNM
M-10230,2023-08-11,VNM
M-10231,2023-08-09,THA
M-10232,2023-08-11,VNM
M-10233,2023-08-09,VNM
M-10234,2023-08-09,VNM
M-10235,2023-08-09,KHM
M-10236,2023-08-11,CHN
M-10237,2023-08-07,VNM
M-10238,2023-08-07,VNM
M-10239,2023-08-07,VNM
M-10240,2023-08-09,VNM
M-10241,2023-08-11,VNM
M-10242,2023-08-11,KHM
M-10243,2023-08-11,KHM
M-10244,2023-08-11,KHM
M-10245,2023-08-11,VNM
M-10246,2023-08-07,VNM
M-10247,2023-08-09,VNM
M-10248,2023-08-11,VNM
M-10249,2023-08-07,VNM
M-10250,2023-08-11,VNM
M-10251,2023-08-11,VNM
M-10252,2023-08-07,VNM
M-10253,2023-08-11,VNM
M-10254,2023-08-07,VNM
M-10255,2023-08-11,LAO
M-10256,2023-08-11,VNM
M-10257,2023-08-09,VNM
M-10258,2023-08-11,VNM
M-10259,2023-08-07,VNM
M-10260,2023-08-11,VNM
M-10261,2023-08-11,VNM
M-10262,2023-08-07,VNM
M-10263,2023-08-07,VNM
M-10264,2023-08-09,VNM
M-10265,2023-08-11,VNM
M-10266,2023-08-09,VNM
M-10267,2023-08-09,VNM
M-10268,2023-08-11,VNM
M-10269,2023-08-11,VNM
M-10270,2023-08-10,KHM
M-10271,2023-08-11,VNM
M-10272,2023-08-07,VNM
M-10273,2023-08-11,VNM
M-10274,2023-08-11,VNM
M-10275,2023-08-09,LAO
M-10276,2023-08-07,VNM
M-10277,2023-08-11,VNM
M-10278,2023-08-11,THA
M-10279,2023-08-11,THA
M-10280,2023-08-11,VNM
M-10281,2023-08-07,VNM
M-10282,2023-08-11,VNM
M-10283,2023-08-07,VNM
M-10284,2023-08-09,VNM
M-10285,2023-08-11,VNM
M-10286,2023-08-11,VNM
M-10287,2023-08-11,VNM
M-10288,2023-08-07,VNM
M-10289,2023-08-09,VNM
M-10290,2023-08-11,VNM
M-10291,2023-08-07,VNM
M-10292,2023-08-11,VNM
M-10293,2023-08-09,VNM
M-10294,2023-08-11,VNM
M-10295,2023-08-11,VNM
M-10296,2023-08-07,VNM
M-10297,2023-08-10,VNM
M-10298,2023-08-09,KHM
M-10299,2023-08-07,VNM
M-10300,2023-08-11,VNM
M-10301,2023-08-07,THA
M-10302,2023-08-09,VNM
M-10303,2023-08-11,THA
M-10304,2023-08-11,KHM
M-10305,2023-08-11,KHM
M-10306,2023-08-11,VNM
M-10307,2023-08-09,VNM
M-10308,2023-08-07,VNM
M-10309,2023-08-11,VNM
M-10310,2023-08-11,VNM
M-10311,2023-08-09,VNM
M-10312,2023-08-11,VNM
M-10313,2023-08-07,VNM
M-10314,2023-08-11,VNM
M-10315,2023-08-11,VNM
M-10316,2023-08-11,KHM
M-10317,2023-08-09,KHM
M-10318,2023-08-07,KHM
M-10319,2023-08-07,THA
M-10320,2023-08-10,THA
M-10321,2023-08-07,VNM
M-10322,2023-08-09,VNM
M-10323,2023-08-07,VNM
M-10324,2023-08-11,VNM
M-10325,2023-08-11,VNM
M-10326,2023-08-11,VNM
M-10327,2023-08-07,VNM
M-10328,2023-08-10,VNM
M-10329,2023-08-11,VNM
M-10330,2023-08-11,VNM
M-10331,2023-08-11,VNM
M-10332,2023-08-11,VNM
M-10333,2023-08-11,VNM
M-10334,2023-08-07,VNM
M-10335,2023-08-11,THA
M-10336,2023-08-10,CHN
M-10337,2023-08-07,VNM
M-10338,2023-08-11,VNM
M-10339,2023-08-11,KHM
M-10340,2023-08-11,VNM
M-10341,2023-08-09,VNM
M-10342,2023-08-07,THA
M-10343,2023-08-11,THA
M-10344,2023-08-09,VNM
M-10345,2023-08-09,LAO
M-10346,2023-08-11,VNM
M-10347,2023-08-09,VNM
M-10348,2023-08-11,VNM
M-10349,2023-08-11,VNM
M-10350,2023-08-11,VNM
M-10351,2023-08-11,VNM
M-10352,2023-08-11,VNM
M-10353,2023-08-11,KHM
M-10354,2023-08-11,VNM
M-10355,2023-08-11,VNM
M-10356,2023-08-07,THA
M-10357,2023-08-10,KHM
M-10358,2023-08-11,KHM
M-10359,2023-08-07,VNM
M-10360,2023-08-11,VNM
M-10361,2023-08-11,VNM
M-10362,2023-08-07,VNM
M-10363,2023-08-09,KHM
M-10364,2023-08-11,VNM
M-10365,2023-08-07,VNM
M-10366,2023-08-09,VNM
M-10367,2023-08-10,VNM
M-10368,2023-08-10,VNM
M-10369,2023-08-10,VNM
M-10370,2023-08-11,VNM
M-10371,2023-08-10,VNM
M-10372,2023-08-11,KHM
M-10373,2023-08-11,KHM
M-10374,2023-08-07,KHM
M-10375,2023-08-11,VNM
M-10376,2023-08-11,VNM
M-10377,2023-08-11,VNM
M-10378,2023-08-11,VNM
M-10379,2023-08-11,VNM
M-10380,2023-08-11,VNM
M-10381,2023-08-11,VNM
M-10382,2023-08-11,VNM
M-10383,2023-08-11,VNM
M-10384,2023-08-07,VNM
M-10385,2023-08-10,VNM
M-10386,2023-08-07,THA
M-10387,2023-08-11,VNM
M-10388,2023-08-11,VNM
M-10389,2023-08-11,VNM
M-10390,2023-08-11,VNM
M-10391,2023-08-07,VNM
M-10392,2023-08-11,VNM
M-10393,2023-08-11,KHM
M-10394,2023-08-09,VNM
M-10395,2023-08-07,VNM
M-10396,2023-08-07,VNM
M-10397,2023-08-11,VNM
M-10398,2023-08-07,VNM
M-10399,2023-08-07,VNM
M-10400,2023-08-11,THA
M-10401,2023-08-11,THA
M-10402,2023-08-11,VNM
M-10403,2023-08-07,VNM
M-10404,2023-08-11,VNM
M-10405,2023-08-11,VNM
M-10406,2023-08-11,VNM
M-10407,2023-08-07,VNM
M-10408,2023-08-09,VNM
M-10409,2023-08-09,VNM
M-10410,2023-08-09,VNM
M-10411,2023-08-07,VNM
M-10412,2023-08-07,VNM
M-10413,2023-08-11,VNM
M-10414,2023-08-11,VNM
M-10415,2023-08-10,KHM
M-10416,2023-08-09,KHM
M-10417,2023-08-11,VNM
M-10418,2023-08-10,VNM
M-10419,2023-08-11,THA
M-10420,2023-08-09,THA
M-10421,2023-08-09,THA
M-10422,2023-08-09,VNM
M-10423,2023-08-11,VNM
M-10424,2023-08-11,VNM
M-10425,2023-08-11,VNM
M-10426,2023-08-07,VNM
M-10427,2023-08-11,KHM
M-10428,2023-08-11,VNM
M-10429,2023-08-11,VNM
M-10430,2023-08-11,VNM
M-10431,2023-08-09,VNM
M-10432,2023-08-10,VNM
M-10433,2023-08-10,THA
M-10434,2023-08-10,THA
M-10435,2023-08-11,THA
M-10436,2023-08-09,VNM
M-10437,2023-08-11,VNM
M-10438,2023-08-11,VNM
M-10439,2023-08-09,VNM
M-10440,2023-08-07,VNM
M-10441,2023-08-11,VNM
M-10442,2023-08-07,VNM
M-10443,2023-08-11,KHM
M-10444,2023-08-11,VNM
M-10445,2023-08-07,VNM
M-10446,2023-08-11,VNM
M-10447,2023-08-11,VNM
M-10448,2023-08-10,VNM
M-10449,2023-08-11,VNM
M-10450,2023-08-11,VNM
M-10451,2023-08-11,THA
M-10452,2023-08-11,VNM
M-10453,2023-08-11,VNM
M-10454,2023-08-10,VNM
M-10455,2023-08-11,VNM
M-10456,2023-08-11,VNM
M-10457,2023-08-11,VNM
M-10458,2023-08-11,VNM
M-10459,2023-08-07,VNM
M-10460,2023-08-11,LAO
M-10461,2023-08-11,VNM
M-10462,2023-08-11,VNM
M-10463,2023-08-09,VNM
M-10464,2023-08-11,VNM
M-10465,2023-08-11,KHM
M-10466,2023-08-11,KHM
M-10467,2023-08-11,VNM
M-10468,2023-08-11,VNM
M-10469,2023-08-11,VNM
M-10470,2023-08-07,VNM
M-10471,2023-08-11,VNM
M-10472,2023-08-11,VNM
M-10473,2023-08-11,VNM
M-10474,2023-08-09,VNM
M-10475,2023-08-11,VNM
M-10476,2023-08-11,VNM
M-10477,2023-08-11,VNM
M-10478,2023-08-11,VNM
M-10479,2023-08-09,VNM
M-10480,2023-08-07,VNM
M-10481,2023-08-11,VNM
M-10482,2023-08-07,VNM
M-10483,2023-08-11,VNM
M-10484,2023-08-09,VNM
M-10485,2023-08-07,VNM
M-10486,2023-08-11,THA
M-10487,2023-08-11,VNM
M-10488,2023-08-09,VNM
M-10489,2023-08-10,KHM
M-10490,2023-08-11,VNM
M-10491,2023-08-09,VNM
M-10492,2023-08-11,VNM
M-10493,2023-08-10,VNM
M-10494,2023-08-11,VNM
M-10495,2023-08-11,VNM
M-10496,2023-08-09,VNM
M-10497,2023-08-11,LAO
M-10498,2023-08-11,VNM
M-10499,2023-08-07,THA
M-10500,2023-08-10,VNM
M-10501,2023-08-11,VNM
M-10502,2023-08-11,KHM
M-10503,2023-08-11,VNM
M-10504,2023-08-11,KHM
M-10505,2023-08-11,VNM
M-10506,2023-08-11,VNM
M-10507,2023-08-09,VNM
M-10508,2023-08-09,VNM
M-10509,2023-08-11,VNM
M-10510,2023-08-09,VNM
M-10511,2023-08-11,VNM
M-10512,2023-08-07,VNM
M-10513,2023-08-11,VNM
M-10514,2023-08-09,VNM
M-10515,2023-08-11,VNM
M-10516,2023-08-11,VNM
M-10517,2023-08-09,VNM
M-10518,2023-08-11,VNM
M-10519,2023-08-07,VNM
M-10520,2023-08-11,KHM
M-10521,2023-08-11,VNM
M-10522,2023-08-09,VNM
M-10523,2023-08-10,VNM
M-10524,2023-08-09,KHM
M-10525,2023-08-11,KHM
M-10526,2023-08-07,THA
M-10527,2023-08-07,VNM
M-10528,2023-08-11,VNM
M-10529,2023-08-10,VNM
M-10530,2023-08-07,VNM
M-10531,2023-08-11,VNM
M-10532,2023-08-11,VNM
M-10533,2023-08-10,VNM
M-10534,2023-08-11,VNM
M-10535,2023-08-11,VNM
M-10536,2023-08-11,VNM
M-10537,2023-08-11,VNM
M-10538,2023-08-07,THA
M-10539,2023-08-11,VNM
M-10540,2023-08-07,VNM
M-10541,2023-08-11,VNM
M-10542,2023-08-11,VNM
M-10543,2023-08-11,VNM
M-10544,2023-08-10,VNM
M-10545,2023-08-11,VNM
M-10546,2023-08-09,VNM
M-10547,2023-08-11,VNM
M-10548,2023-08-07,VNM
M-10549,2023-08-11,VNM
M-10550,2023-08-10,VNM
M-10551,2023-08-11,VNM
M-10552,2023-08-11,VNM
M-10553,2023-08-07,VNM
M-10554,2023-08-11,VNM
M-10555,2023-08-11,VNM
M-10556,2023-08-11,VNM
M-10557,2023-08-11,VNM
M-10558,2023-08-09,VNM
M-10559,2023-08-11,KHM
M-10560,2023-08-10,LAO
M-10561,2023-08-11,VNM
M-10562,2023-08-11,VNM
M-10563,2023-08-11,VNM
M-10564,2023-08-09,KHM
M-10565,2023-08-11,LAO
M-10566,2023-08-11,VNM
M-10567,2023-08-11,LAO
M-10568,2023-08-11,VNM
M-10569,2023-08-11,VNM
M-10570,2023-08-10,VNM
M-10571,2023-08-07,VNM
M-10572,2023-08-11,VNM
M-10573,2023-08-11,VNM
M-10574,2023-08-11,VNM
M-10575,2023-08-11,VNM
M-10576,2023-08-07,THA
M-10577,2023-08-09,VNM
M-10578,2023-08-11,VNM
M-10579,2023-08-11,VNM
M-10580,2023-08-11,VNM
M-10581,2023-08-10,VNM
M-10582,2023-08-11,VNM
M-10583,2023-08-11,VNM
M-10584,2023-08-11,VNM
M-10585,2023-08-07,VNM
M-10586,2023-08-07,THA
M-10587,2023-08-11,VNM
M-10588,2023-08-11,VNM
M-10589,2023-08-09,VNM
M-10590,2023-08-07,VNM
M-10591,2023-08-11,VNM
M-10592,2023-08-07,VNM
M-10593,2023-08-11,LAO
M-10594,2023-08-10,VNM
M-10595,2023-08-11,VNM
M-10596,2023-08-11,KHM
M-10597,2023-08-11,VNM
M-10598,2023-08-11,VNM
M-10599,2023-08-11,VNM
M-10600,2023-08-11,VNM
M-10601,2023-08-11,VNM
M-10602,2023-08-11,VNM
M-10603,2023-08-11,KHM
M-10604,2023-08-07,VNM
M-10605,2023-08-09,VNM
M-10606,2023-08-09,VNM
M-10607,2023-08-11,VNM
M-10608,2023-08-07,VNM
M-10609,2023-08-07,VNM
M-10610,2023-08-11,VNM
M-10611,2023-08-09,VNM
M-10612,2023-08-11,VNM
M-10613,2023-08-11,THA
M-10614,2023-08-11,VNM
M-10615,2023-08-11,VNM
M-10616,2023-08-09,VNM
M-10617,2023-08-07,VNM
M-10618,2023-08-11,VNM
M-10619,2023-08-10,VNM
M-10620,2023-08-11,VNM
M-10621,2023-08-11,VNM
M-10622,2023-08-11,VNM
M-10623,2023-08-11,VNM
M-10624,2023-08-11,VNM
M-10625,2023-08-09,VNM
M-10626,2023-08-07,LAO
M-10627,2023-08-10,VNM
M-10628,2023-08-09,VNM
M-10629,2023-08-11,KHM
M-10630,2023-08-10,VNM
M-10631,2023-08-11,LAO
M-10632,2023-08-11,LAO
M-10633,2023-08-10,VNM
M-10634,2023-08-11,VNM
M-10635,2023-08-09,VNM
M-10636,2023-08-07,VNM
M-10637,2023-08-07,VNM
M-10638,2023-08-11,THA
M-10639,2023-08-07,THA
M-10640,2023-08-07,VNM
M-10641,2023-08-11,VNM
M-10642,2023-08-11,VNM
M-10643,2023-08-11,VNM
M-10644,2023-08-11,VNM
M-10645,2023-08-09,VNM
M-10646,2023-08-11,VNM
M-10647,2023-08-07,VNM
M-10648,2023-08-11,LAO
M-10649,2023-08-11,VNM
M-10650,2023-08-09,VNM
M-10651,2023-08-11,VNM
M-10652,2023-08-10,VNM
M-10653,2023-08-11,KHM
M-10654,2023-08-11,VNM
M-10655,2023-08-11,VNM
M-10656,2023-08-07,THA
M-10657,2023-08-11,VNM
M-10658,2023-08-11,VNM
M-10659,2023-08-07,VNM
M-10660,2023-08-11,VNM
M-10661,2023-08-09,VNM
M-10662,2023-08-11,VNM
M-10663,2023-08-11,VNM
M-10664,2023-08-10,VNM
M-10665,2023-08-11,VNM
M-10666,2023-08-09,VNM
M-10667,2023-08-10,VNM
M-10668,2023-08-11,VNM
M-10669,2023-08-11,VNM
M-10670,2023-08-11,VNM
M-10671,2023-08-11,LAO
M-10672,2023-08-10,VNM
M-10673,2023-08-09,VNM
M-10674,2023-08-07,VNM
M-10675,2023-08-11,VNM
M-10676,2023-08-10,VNM
M-10677,2023-08-11,VNM
M-10678,2023-08-07,VNM
M-10679,2023-08-07,THA
M-10680,2023-08-07,VNM
M-10681,2023-08-11,VNM
M-10682,2023-08-11,VNM
M-10683,2023-08-11,VNM
M-10684,2023-08-11,CHN
M-10685,2023-08-11,VNM
M-10686,2023-08-10,KHM
M-10687,2023-08-07,VNM
M-10688,2023-08-11,VNM
M-10689,2023-08-11,VNM
M-10690,2023-08-10,VNM
M-10691,2023-08-09,VNM
M-10692,2023-08-11,VNM
M-10693,2023-08-07,THA
M-10694,2023-08-09,VNM
M-10695,2023-08-11,VNM
M-10696,2023-08-09,VNM
M-10697,2023-08-11,VNM
M-10698,2023-08-11,VNM
M-10699,2023-08-11,THA
M-10700,2023-08-07,VNM
M-10701,2023-08-11,LAO
M-10702,2023-08-09,KHM
M-10703,2023-08-09,VNM
M-10704,2023-08-11,VNM
M-10705,2023-08-11,KHM
M-10706,2023-08-11,KHM
M-10707,2023-08-10,VNM
M-10708,2023-08-11,VNM
M-10709,2023-08-11,VNM
M-10710,2023-08-10,VNM
M-10711,2023-08-09,VNM
M-10712,2023-08-11,KHM
M-10713,2023-08-11,VNM
M-10714,2023-08-11,VNM
M-10715,2023-08-11,VNM
M-10716,2023-08-11,VNM
M-10717,2023-08-10,LAO
M-10718,2023-08-11,VNM
M-10719,2023-08-11,VNM
M-9708,2023-08-07,VNM
M-9709,2023-08-11,VNM
M-9710,2023-08-11,VNM
M-9711,2023-08-11,THA
M-9712,2023-08-11,VNM
M-9713,2023-08-11,THA
M-9714,2023-08-11,VNM
M-9715,2023-08-11,VNM
M-9716,2023-08-11,VNM
M-9717,2023-08-11,VNM
M-9718,2023-08-11,VNM
M-9719,2023-08-09,VNM
M-9720,2023-08-11,VNM
M-9721,2023-08-11,VNM
M-9722,2023-08-11,VNM
M-9723,2023-08-11,VNM
M-9724,2023-08-09,VNM
M-9725,2023-08-09,VNM
M-9726,2023-08-11,VNM
M-9727,2023-08-11,KHM
M-9728,2023-08-11,VNM
M-9729,2023-08-11,VNM
M-9730,2023-08-10,VNM
M-9731,2023-08-07,VNM
M-9732,2023-08-11,THA
M-9733,2023-08-07,VNM
M-9734,2023-08-11,VNM
M-9735,2023-08-11,VNM
M-9736,2023-08-11,VNM
M-9737,2023-08-07,THA
M-9738,2023-08-09,VNM
M-9739,2023-08-11,VNM
M-9740,2023-08-10,THA
M-9741,2023-08-09,VNM
M-9742,2023-08-07,VNM
M-9743,2023-08-11,VNM
M-9744,2023-08-11,VNM
M-9745,2023-08-11,VNM
M-9746,2023-08-11,VNM
M-9747,2023-08-11,VNM
M-9748,2023-08-11,VNM
M-9749,2023-08-10,VNM
M-9750,2023-08-10,VNM
M-9751,2023-08-07,VNM
M-9752,2023-08-09,VNM
M-9753,2023-08-11,KHM
M-9754,2023-08-11,VNM
M-9755,2023-08-11,VNM
M-9756,2023-08-11,VNM
M-9757,2023-08-10,VNM
M-9758,2023-08-07,VNM
M-9759,2023-08-10,VNM
M-9760,2023-08-07,VNM
M-9761,2023-08-11,VNM
M-9762,2023-08-07,LAO
M-9763,2023-08-10,VNM
M-9764,2023-08-10,VNM
M-9765,2023-08-11,VNM
M-9766,2023-08-11,VNM
M-9767,2023-08-07,VNM
M-9768,2023-08-09,VNM
M-9769,2023-08-11,THA
M-9770,2023-08-09,THA
M-9771,2023-08-11,VNM
M-9772,2023-08-10,VNM
M-9773,2023-08-07,VNM
M-9774,2023-08-11,VNM
M-9775,2023-08-07,VNM
M-9776,2023-08-11,KHM
M-9777,2023-08-11,KHM
M-9778,2023-08-09,VNM
M-9779,2023-08-11,VNM
M-9780,2023-08-10,VNM
M-9781,2023-08-10,VNM
M-9782,2023-08-11,VNM
M-9783,2023-08-11,VNM
M-9784,2023-08-10,VNM
M-9785,2023-08-11,THA
M-9786,2023-08-07,THA
M-9787,2023-08-10,VNM
M-9788,2023-08-10,VNM
M-9789,2023-08-11,THA
M-9790,2023-08-07,LAO
M-9791,2023-08-07,KHM
M-9792,2023-08-07,KHM
M-9793,2023-08-07,LAO
M-9794,2023-08-07,VNM
M-9795,2023-08-09,VNM
M-9796,2023-08-07,VNM
M-9797,2023-08-11,VNM
M-9798,2023-08-11,CHN
M-9799,2023-08-10,VNM
M-9800,2023-08-11,VNM
M-9801,2023-08-11,VNM
M-9802,2023-08-07,VNM
M-9803,2023-08-11,VNM
M-9804,2023-08-11,VNM
M-9805,2023-08-10,VNM
M-9806,2023-08-10,VNM
M-9807,2023-08-11,THA
M-9808,2023-08-07,VNM
M-9809,2023-08-09,LAO
M-9810,2023-08-11,VNM
M-9811,2023-08-11,VNM
M-9812,2023-08-11,VNM
M-9813,2023-08-10,VNM
M-9814,2023-08-11,VNM
M-9815,2023-08-11,VNM
M-9816,2023-08-09,VNM
M-9817,2023-08-11,VNM
M-9818,2023-08-09,VNM
M-9819,2023-08-11,VNM
M-9820,2023-08-11,VNM
M-9821,2023-08-11,KHM
M-9822,2023-08-11,VNM
M-9823,2023-08-11,VNM
M-9824,2023-08-07,VNM
M-9825,2023-08-09,VNM
M-9826,2023-08-11,VNM
M-9827,2023-08-07,VNM
M-9828,2023-08-09,VNM
M-9829,2023-08-10,VNM
M-9830,2023-08-09,VNM
M-9831,2023-08-11,VNM
M-9832,2023-08-09,VNM
M-9833,2023-08-11,VNM
M-9834,2023-08-11,KHM
M-9835,2023-08-11,KHM
M-9836,2023-08-11,KHM
M-9837,2023-08-10,VNM
M-9838,2023-08-11,VNM
M-9839,2023-08-11,VNM
M-9840,2023-08-11,VNM
M-9841,2023-08-11,VNM
M-9842,2023-08-11,VNM
M-9843,2023-08-11,VNM
M-9844,2023-08-11,THA
M-9845,2023-08-10,VNM
M-9846,2023-08-10,VNM
M-9847,2023-08-11,VNM
M-9848,2023-08-11,VNM
M-9849,2023-08-11,VNM
M-9850,2023-08-07,VNM
M-9851,2023-08-11,VNM
M-9852,2023-08-11,VNM
M-9853,2023-08-11,VNM
M-9854,2023-08-11,VNM
M-9855,2023-08-10,VNM
M-9856,2023-08-11,VNM
M-9857,2023-08-11,VNM
M-9858,2023-08-07,VNM
M-9859,2023-08-07,VNM
M-9860,2023-08-11,VNM
M-9861,2023-08-11,VNM
M-9862,2023-08-11,VNM
M-9863,2023-08-11,KHM
M-9864,2023-08-11,VNM
M-9865,2023-08-11,VNM
M-9866,2023-08-07,VNM
M-9867,2023-08-10,LAO
M-9868,2023-08-09,THA
M-9869,2023-08-09,THA
M-9870,2023-08-11,VNM
M-9871,2023-08-11,VNM
M-9872,2023-08-07,VNM
M-9873,2023-08-11,VNM
M-9874,2023-08-09,KHM
M-9875,2023-08-11,VNM
M-9876,2023-08-11,VNM
M-9877,2023-08-11,VNM
M-9878,2023-08-07,VNM
M-9879,2023-08-11,VNM
M-9880,2023-08-11,LAO
M-9881,2023-08-11,LAO
M-9882,2023-08-11,THA
M-9883,2023-08-11,VNM
M-9884,2023-08-07,VNM
M-9885,2023-08-11,VNM
M-9886,2023-08-11,VNM
M-9887,2023-08-11,KHM
M-9888,2023-08-11,KHM
M-9889,2023-08-11,KHM
M-9890,2023-08-11,VNM
M-9891,2023-08-07,KHM
M-9892,2023-08-10,THA
M-9893,2023-08-11,VNM
M-9894,2023-08-07,VNM
M-9895,2023-08-11,VNM
M-9896,2023-08-11,VNM
M-9897,2023-08-11,KHM
M-9898,2023-08-09,KHM
M-9899,2023-08-11,VNM
M-9900,2023-08-11,VNM
M-9901,2023-08-09,VNM
M-9902,2023-08-11,VNM
M-9903,2023-08-11,VNM
M-9904,2023-08-11,VNM
M-9905,2023-08-07,VNM
M-9906,2023-08-07,VNM
M-9907,2023-08-11,VNM
M-9908,2023-08-11,THA
M-9909,2023-08-09,VNM
M-9910,2023-08-07,KHM
M-9911,2023-08-09,VNM
M-9912,2023-08-11,VNM
M-9913,2023-08-11,VNM
M-9914,2023-08-11,VNM
M-9915,2023-08-11,VNM
M-9916,2023-08-11,VNM
M-9917,2023-08-11,VNM
M-9918,2023-08-11,VNM
M-9919,2023-08-10,VNM
M-9920,2023-08-07,VNM
M-9921,2023-08-10,VNM
M-9922,2023-08-07,VNM
M-9923,2023-08-10,VNM
M-9924,2023-08-11,VNM
M-9925,2023-08-10,VNM
M-9926,2023-08-07,VNM
M-9927,2023-08-11,VNM
M-9928,2023-08-07,VNM
M-9929,2023-08-11,VNM
M-9930,2023-08-11,VNM
M-9931,2023-08-11,VNM
M-9932,2023-08-11,VNM
M-9933,2023-08-07,VNM
M-9934,2023-08-07,VNM
M-9935,2023-08-11,VNM
M-9936,2023-08-11,VNM
M-9937,2023-08-10,VNM
M-9938,2023-08-07,VNM
M-9939,2023-08-11,VNM
M-9940,2023-08-11,VNM
M-9941,2023-08-11,VNM
M-9942,2023-08-10,VNM
M-9943,2023-08-09,VNM
M-9944,2023-08-11,VNM
M-9945,2023-08-11,VNM
M-9946,2023-08-11,VNM
M-9947,2023-08-11,VNM
M-9948,2023-08-10,VNM
M-9949,2023-08-10,THA
M-9950,2023-08-11,VNM
M-9951,2023-08-11,VNM
M-9952,2023-08-11,VNM
M-9953,2023-08-07,VNM
M-9954,2023-08-10,LAO
M-9955,2023-08-11,LAO
M-9956,2023-08-11,VNM
M-9957,2023-08-11,VNM
M-9958,2023-08-11,VNM
M-9959,2023-08-07,VNM
M-9960,2023-08-09,KHM
M-9961,2023-08-10,KHM
M-9962,2023-08-11,VNM
M-9963,2023-08-11,VNM
M-9964,2023-08-11,VNM
M-9965,2023-08-10,VNM
M-9966,2023-08-10,THA
M-9967,2023-08-10,VNM
M-9968,2023-08-11,KHM
M-9969,2023-08-11,KHM
M-9970,2023-08-09,KHM
M-9971,2023-08-10,KHM
M-9972,2023-08-09,KHM
M-9973,2023-08-11,KHM
M-9974,2023-08-11,KHM
M-9975,2023-08-11,VNM
M-9976,2023-08-11,VNM
M-9977,2023-08-11,VNM
M-9978,2023-08-11,VNM
M-9979,2023-08-11,VNM
M-9980,2023-08-11,VNM
M-9981,2023-08-11,VNM
M-9982,2023-08-11,VNM
M-9983,2023-08-10,VNM
M-9984,2023-08-11,VNM
M-9985,2023-08-11,VNM
M-9986,2023-08-11,VNM
M-9987,2023-08-11,VNM
M-9988,2023-08-11,KHM
M-9989,2023-08-11,KHM
M-9990,2023-08-07,THA
M-9991,2023-08-11,THA
M-9992,2023-08-11,VNM
M-9993,2023-08-11,KHM
M-9994,2023-08-10,VNM
M-9995,2023-08-11,VNM
M-9996,2023-08-11,VNM
M-9997,2023-08-10,VNM
M-9998,2023-08-11,VNM
M-9999,2023-08-11,VNM
H-3427,2023-08-11,VNM
H-3428,2023-08-11,THA
H-3429,2023-08-11,LAO
H-3430,2023-08-11,VNM
H-3431,2023-08-11,VNM
H-3432,2023-08-11,VNM
H-3433,2023-08-11,VNM
H-3434,2023-08-11,VNM
H-3435,2023-08-11,VNM
H-3436,2023-08-11,VNM
H-3437,2023-08-11,VNM
H-3438,2023-08-11,VNM
H-3439,2023-08-11,VNM
H-3440,2023-08-11,VNM
H-3441,2023-08-11,VNM
H-3442,2023-08-11,VNM
H-3443,2023-08-11,KHM
H-3444,2023-08-11,VNM
H-3445,2023-08-11,VNM
H-3446,2023-08-11,LAO
H-3447,2023-08-11,KHM
H-3448,2023-08-11,VNM
H-3449,2023-08-11,VNM
H-3450,2023-08-11,VNM
H-3451,2023-08-11,VNM
H-3452,2023-08-11,LAO
H-3453,2023-08-11,VNM
H-3454,2023-08-11,KHM
H-3455,2023-08-11,KHM
H-3456,2023-08-11,VNM
H-3457,2023-08-11,VNM
H-3458,2023-08-11,VNM
H-3459,2023-08-11,VNM
H-3460,2023-08-11,VNM
H-3461,2023-08-11,VNM
H-3462,2023-08-11,VNM
H-3463,2023-08-11,VNM
H-3464,2023-08-11,VNM
H-3465,2023-08-11,VNM
H-3466,2023-08-11,VNM
H-3467,2023-08-11,VNM
H-3468,2023-08-11,VNM
H-3469,2023-08-11,VNM
H-3470,2023-08-11,THA
H-3471,2023-08-11,VNM
H-3472,2023-08-11,THA
H-3473,2023-08-11,VNM
H-3474,2023-08-11,VNM
H-3475,2023-08-11,LAO
H-3476,2023-08-11,VNM
H-3477,2023-08-11,VNM
H-3478,2023-08-11,VNM
H-3479,2023-08-11,VNM
H-3480,2023-08-11,VNM
H-3481,2023-08-11,VNM
H-3482,2023-08-11,VNM
H-3483,2023-08-11,VNM
H-3484,2023-08-11,VNM
H-3485,2023-08-11,KHM
H-3486,2023-08-11,VNM
H-3487,2023-08-11,VNM
H-3488,2023-08-11,VNM
H-3489,2023-08-11,LAO
H-3490,2023-08-11,VNM
H-3491,2023-08-11,VNM
H-3492,2023-08-11,VNM
H-3493,2023-08-11,VNM
H-3494,2023-08-11,VNM
H-3495,2023-08-11,THA
H-3496,2023-08-11,VNM
H-3497,2023-08-11,VNM
H-3498,2023-08-11,VNM
H-3499,2023-08-11,VNM
H-3500,2023-08-11,THA
H-3501,2023-08-11,VNM
H-3502,2023-08-11,VNM
H-3503,2023-08-11,VNM
H-3504,2023-08-11,THA
H-3505,2023-08-11,VNM
H-3506,2023-08-11,VNM
H-3507,2023-08-11,VNM
H-3508,2023-08-11,VNM
H-3509,2023-08-11,THA
H-3510,2023-08-11,VNM
H-3511,2023-08-11,LAO
H-3512,2023-08-11,THA
H-3513,2023-08-11,KHM
H-3514,2023-08-11,VNM
H-3515,2023-08-11,VNM
H-3516,2023-08-11,VNM
H-3517,2023-08-11,THA
H-3518,2023-08-11,VNM
H-3519,2023-08-11,THA
H-3520,2023-08-11,VNM
H-3521,2023-08-11,VNM
H-3522,2023-08-11,VNM
H-3523,2023-08-11,VNM
H-3524,2023-08-11,VNM
H-3525,2023-08-11,VNM
H-3526,2023-08-11,VNM
H-3527,2023-08-11,VNM
H-3528,2023-08-11,VNM
H-3529,2023-08-11,VNM
H-3530,2023-08-11,THA
H-3531,2023-08-11,VNM
H-3532,2023-08-11,VNM
H-3533,2023-08-11,KHM
H-3534,2023-08-11,VNM
H-3535,2023-08-11,VNM
H-3536,2023-08-11,VNM
H-3537,2023-08-11,VNM
H-3538,2023-08-11,THA
H-3539,2023-08-11,VNM
H-3540,2023-08-11,VNM
H-3541,2023-08-11,VNM
H-3542,2023-08-11,VNM
H-3543,2023-08-11,VNM
H-3544,2023-08-11,VNM
H-3545,2023-08-11,KHM
H-3546,2023-08-11,VNM
H-3547,2023-08-11,VNM
H-3548,2023-08-11,VNM
H-3549,2023-08-11,LAO
H-3550,2023-08-11,VNM
H-3551,2023-08-11,VNM
H-3552,2023-08-11,THA
H-3553,2023-08-11,VNM
H-3554,2023-08-11,LAO
H-3555,2023-08-11,VNM
H-3556,2023-08-11,VNM
H-3557,2023-08-11,VNM
H-3558,2023-08-11,VNM
H-3559,2023-08-11,VNM
H-3560,2023-08-11,VNM
H-3561,2023-08-11,VNM
H-3562,2023-08-11,VNM
H-3563,2023-08-11,VNM
H-3564,2023-08-11,VNM
H-3565,2023-08-11,LAO
H-3566,2023-08-11,VNM
H-3567,2023-08-11,VNM
H-3568,2023-08-11,VNM
H-3569,2023-08-11,THA
H-3570,2023-08-11,VNM
H-3571,2023-08-11,VNM
H-3572,2023-08-11,VNM
H-3573,2023-08-11,KHM
H-3574,2023-08-11,THA
H-3575,2023-08-11,CHN
H-3576,2023-08-11,THA
H-3577,2023-08-11,KHM
H-3578,2023-08-11,VNM
H-3579,2023-08-11,VNM
H-3580,2023-08-11,VNM
H-3581,2023-08-11,VNM
H-3582,2023-08-11,VNM
H-3583,2023-08-11,VNM
H-3584,2023-08-11,VNM
H-3585,2023-08-11,VNM
H-3586,2023-08-11,VNM
H-3587,2023-08-11,VNM
H-3588,2023-08-11,VNM
H-3589,2023-08-11,VNM
H-3590,2023-08-11,VNM
H-3591,2023-08-11,VNM
H-3592,2023-08-11,VNM
H-3593,2023-08-11,VNM
H-3594,2023-08-11,VNM
H-3595,2023-08-11,VNM
H-3596,2023-08-11,VNM
H-3597,2023-08-11,VNM
H-3598,2023-08-11,VNM
H-3599,2023-08-11,VNM
H-3600,2023-08-11,VNM
H-3601,2023-08-11,KHM
H-3602,2023-08-11,VNM
H-3603,2023-08-11,VNM
H-3604,2023-08-11,VNM
H-3605,2023-08-11,VNM
H-3606,2023-08-11,KHM
H-3607,2023-08-11,THA
H-3608,2023-08-11,VNM
H-3609,2023-08-11,CHN
H-3610,2023-08-11,VNM
H-3611,2023-08-11,VNM
H-3612,2023-08-11,VNM
H-3613,2023-08-11,THA
H-3614,2023-08-11,VNM
H-3615,2023-08-11,VNM
H-3616,2023-08-11,VNM
H-3617,2023-08-11,VNM
H-3618,2023-08-11,VNM
H-3619,2023-08-11,VNM
H-3620,2023-08-11,VNM
H-3621,2023-08-11,VNM
H-3622,2023-08-11,KHM
H-3623,2023-08-11,VNM
H-3624,2023-08-11,VNM
H-3625,2023-08-11,THA
H-3626,2023-08-11,VNM
H-3627,2023-08-11,VNM
H-3628,2023-08-11,VNM
H-3629,2023-08-11,KHM
H-3630,2023-08-11,VNM
H-3631,2023-08-11,VNM
H-3632,2023-08-11,VNM
H-3633,2023-08-11,VNM
H-3634,2023-08-11,VNM
H-3635,2023-08-11,VNM
H-3636,2023-08-11,VNM
H-3637,2023-08-11,VNM
H-3638,2023-08-11,VNM
H-3639,2023-08-11,VNM
H-3640,2023-08-11,KHM
H-3641,2023-08-11,VNM
H-3642,2023-08-11,VNM
H-3643,2023-08-11,VNM
H-3644,2023-08-11,VNM
H-3645,2023-08-11,VNM
H-3646,2023-08-11,VNM
H-3647,2023-08-11,VNM
H-3648,2023-08-11,VNM
H-3649,2023-08-11,VNM
H-3650,2023-08-11,VNM
H-3651,2023-08-11,VNM
H-3652,2023-08-11,KHM
H-3653,2023-08-11,KHM
H-3654,2023-08-11,VNM
H-3655,2023-08-11,VNM
H-3656,2023-08-11,KHM
H-3657,2023-08-11,THA
H-3658,2023-08-11,THA
H-3659,2023-08-11,VNM
H-3660,2023-08-11,VNM
H-3661,2023-08-11,VNM
H-3662,2023-08-11,VNM
H-3663,2023-08-11,VNM
H-3664,2023-08-11,VNM
H-3665,2023-08-11,VNM
H-3666,2023-08-11,VNM
H-3667,2023-08-11,VNM
H-3668,2023-08-11,VNM
H-3669,2023-08-11,KHM
H-3670,2023-08-11,THA
H-3671,2023-08-11,VNM
H-3672,2023-08-11,VNM
H-3673,2023-08-11,VNM
H-3674,2023-08-11,VNM
H-3675,2023-08-11,LAO
H-3676,2023-08-11,KHM
H-3677,2023-08-11,VNM
H-3678,2023-08-11,VNM
H-3679,2023-08-11,VNM
H-3680,2023-08-11,VNM
H-3681,2023-08-11,THA
H-3682,2023-08-11,VNM
H-3683,2023-08-11,VNM
H-3684,2023-08-11,VNM
H-3685,2023-08-11,VNM
H-3686,2023-08-11,VNM
H-3687,2023-08-11,THA
H-3688,2023-08-11,VNM
H-3689,2023-08-11,VNM
H-3690,2023-08-11,VNM
H-3691,2023-08-11,VNM
H-3692,2023-08-11,VNM
H-3693,2023-08-11,VNM
H-3694,2023-08-11,VNM
H-3695,2023-08-11,VNM
H-3696,2023-08-11,VNM
H-3697,2023-08-11,KHM
H-3698,2023-08-11,VNM
H-3699,2023-08-11,VNM
H-3700,2023-08-11,VNM
H-3701,2023-08-11,THA
H-3702,2023-08-11,VNM
H-3703,2023-08-11,VNM
H-3704,2023-08-11,VNM
H-3705,2023-08-11,VNM
H-3706,2023-08-11,VNM
H-3707,2023-08-11,VNM
H-3708,2023-08-11,VNM
H-3709,2023-08-11,VNM
H-3710,2023-08-11,VNM
H-3711,2023-08-11,VNM
H-3712,2023-08-11,VNM
H-3713,2023-08-11,VNM
H-3714,2023-08-11,VNM
H-3715,2023-08-11,VNM
H-3716,2023-08-11,VNM
H-3717,2023-08-11,VNM
H-3718,2023-08-11,VNM
H-3719,2023-08-11,VNM
H-3720,2023-08-11,VNM
H-3721,2023-08-11,VNM
H-3722,2023-08-11,VNM
H-3723,2023-08-11,VNM
H-3724,2023-08-11,VNM
H-3725,2023-08-11,THA
H-3726,2023-08-11,VNM
H-3727,2023-08-11,VNM
H-3728,2023-08-11,VNM
H-3729,2023-08-11,VNM
H-3730,2023-08-11,VNM
H-3731,2023-08-11,VNM
H-3732,2023-08-11,VNM
H-3733,2023-08-11,VNM
H-3734,2023-08-11,VNM
H-3735,2023-08-11,THA
H-3736,2023-08-11,VNM
H-3737,2023-08-11,VNM
H-3738,2023-08-11,VNM
H-3739,2023-08-11,VNM
H-3740,2023-08-11,VNM
H-3741,2023-08-11,VNM
H-3742,2023-08-11,LAO
H-3743,2023-08-11,VNM
H-3744,2023-08-11,VNM
H-3745,2023-08-11,KHM
H-3746,2023-08-11,VNM
H-3747,2023-08-11,THA
H-3748,2023-08-11,VNM
H-3749,2023-08-11,VNM
H-3750,2023-08-11,VNM
H-3751,2023-08-11,VNM
H-3752,2023-08-11,VNM
H-3753,2023-08-11,VNM
H-3754,2023-08-11,KHM
H-3755,2023-08-11,VNM
H-3756,2023-08-11,VNM
H-3757,2023-08-11,VNM
H-3758,2023-08-11,CHN
H-3759,2023-08-11,VNM
H-3760,2023-08-11,THA
H-3761,2023-08-11,VNM
H-3762,2023-08-11,VNM
H-3763,2023-08-11,THA
H-3764,2023-08-11,VNM
H-3765,2023-08-11,VNM
H-3766,2023-08-11,VNM
H-3767,2023-08-11,VNM
H-3768,2023-08-11,VNM
H-3769,2023-08-11,THA
H-3770,2023-08-11,CHN
H-3771,2023-08-11,KHM
H-3772,2023-08-11,THA
H-3773,2023-08-11,VNM
H-3774,2023-08-11,THA
H-3775,2023-08-11,KHM
H-3776,2023-08-11,THA
H-3777,2023-08-11,VNM
M-10720,2023-08-11,VNM
M-10721,2023-08-11,VNM
M-10722,2023-08-11,VNM
M-10723,2023-08-11,CHN
M-10724,2023-08-11,VNM
M-10725,2023-08-10,THA
M-10726,2023-08-11,VNM
M-10727,2023-08-09,VNM
M-10728,2023-08-11,VNM
M-10729,2023-08-11,VNM
M-10730,2023-08-11,VNM
M-10731,2023-08-09,VNM
M-10732,2023-08-11,VNM
M-10733,2023-08-11,THA
M-10734,2023-08-11,KHM
M-10735,2023-08-11,VNM
M-10736,2023-08-11,VNM
M-10737,2023-08-11,VNM
M-10738,2023-08-10,VNM
M-10739,2023-08-11,VNM
M-10740,2023-08-11,VNM
M-10741,2023-08-11,VNM
M-10742,2023-08-09,KHM
M-10743,2023-08-11,VNM
M-10744,2023-08-11,VNM
M-10745,2023-08-11,LAO
M-10746,2023-08-09,VNM
M-10747,2023-08-09,VNM
M-10748,2023-08-10,VNM
M-10749,2023-08-11,VNM
M-10750,2023-08-11,VNM
M-10751,2023-08-11,VNM
M-10752,2023-08-11,VNM
M-10753,2023-08-10,VNM
M-10754,2023-08-11,CHN
M-10755,2023-08-11,VNM
M-10756,2023-08-11,VNM
M-10757,2023-08-11,VNM
M-10758,2023-08-09,VNM
M-10759,2023-08-11,VNM
M-10760,2023-08-11,VNM
M-10761,2023-08-10,VNM
M-10762,2023-08-11,VNM
M-10763,2023-08-11,VNM
M-10764,2023-08-11,VNM
M-10765,2023-08-11,VNM
M-10766,2023-08-11,VNM
M-10767,2023-08-11,VNM
M-10768,2023-08-11,THA
M-10769,2023-08-09,LAO
M-10770,2023-08-11,VNM
M-10771,2023-08-11,VNM
M-10772,2023-08-09,VNM
M-10773,2023-08-11,THA
M-10774,2023-08-11,KHM
M-10775,2023-08-11,VNM
M-10776,2023-08-11,VNM
M-10777,2023-08-11,VNM
M-10778,2023-08-11,VNM
M-10779,2023-08-11,VNM
M-10780,2023-08-10,KHM
M-10781,2023-08-10,VNM
M-10782,2023-08-11,VNM
M-10783,2023-08-11,KHM
M-10784,2023-08-11,VNM
M-10785,2023-08-11,THA
M-10786,2023-08-11,VNM
M-10787,2023-08-10,VNM
M-10788,2023-08-09,VNM
M-10789,2023-08-11,VNM
M-10790,2023-08-11,VNM
M-10791,2023-08-11,VNM
M-10792,2023-08-11,VNM
M-10793,2023-08-10,VNM
M-10794,2023-08-11,VNM
M-10795,2023-08-11,VNM
M-10796,2023-08-10,VNM
M-10797,2023-08-09,VNM
M-10798,2023-08-10,VNM
M-10799,2023-08-11,VNM
M-10800,2023-08-11,VNM
M-10801,2023-08-11,VNM
M-10802,2023-08-11,VNM
M-10803,2023-08-10,VNM
M-10804,2023-08-11,VNM
M-10805,2023-08-11,VNM
M-10806,2023-08-11,VNM
M-10807,2023-08-11,VNM
M-10808,2023-08-11,VNM
M-10809,2023-08-11,VNM
M-10810,2023-08-11,VNM
M-10811,2023-08-11,KHM
M-10812,2023-08-11,VNM
M-10813,2023-08-11,VNM
M-10814,2023-08-11,VNM
M-10815,2023-08-11,VNM
M-10816,2023-08-11,VNM
M-10817,2023-08-11,VNM
M-10818,2023-08-11,VNM
M-10819,2023-08-11,VNM
M-10820,2023-08-11,VNM
M-10821,2023-08-11,VNM
M-10822,2023-08-09,VNM
M-10823,2023-08-11,KHM
M-10824,2023-08-11,KHM
M-10825,2023-08-11,VNM
M-10826,2023-08-09,VNM
M-10827,2023-08-10,VNM
M-10828,2023-08-11,VNM
M-10829,2023-08-11,CHN
M-10830,2023-08-11,VNM
M-10831,2023-08-10,VNM
M-10832,2023-08-09,VNM
M-10833,2023-08-11,VNM
M-10834,2023-08-10,VNM
M-10835,2023-08-11,VNM
M-10836,2023-08-09,VNM
M-10837,2023-08-10,VNM
M-10838,2023-08-10,KHM
M-10839,2023-08-10,VNM
M-10840,2023-08-11,VNM
M-10841,2023-08-11,VNM
M-10842,2023-08-09,VNM
M-10843,2023-08-10,KHM
M-10844,2023-08-11,KHM
M-10845,2023-08-11,VNM
M-10846,2023-08-10,VNM
M-10847,2023-08-11,VNM
M-10848,2023-08-11,THA
M-10849,2023-08-11,VNM
M-10850,2023-08-11,VNM
M-10851,2023-08-11,VNM
M-10852,2023-08-10,THA
M-10853,2023-08-11,THA
M-10854,2023-08-11,VNM
M-10855,2023-08-09,VNM
M-10856,2023-08-11,KHM
M-10857,2023-08-10,VNM
M-10858,2023-08-11,THA
M-10859,2023-08-11,THA
M-10860,2023-08-11,VNM
M-10861,2023-08-10,VNM
M-10862,2023-08-11,VNM
M-10863,2023-08-11,VNM
M-10864,2023-08-11,VNM
M-10865,2023-08-11,THA
M-10866,2023-08-11,VNM
M-10867,2023-08-10,KHM
M-10868,2023-08-11,VNM
M-10869,2023-08-11,VNM
M-10870,2023-08-10,VNM
M-10871,2023-08-11,VNM
M-10872,2023-08-11,VNM
M-10873,2023-08-11,VNM
M-10874,2023-08-09,VNM
M-10875,2023-08-09,VNM
M-10876,2023-08-11,THA
M-10877,2023-08-11,THA
M-10878,2023-08-11,VNM
M-10879,2023-08-11,VNM
M-10880,2023-08-11,VNM
M-10881,2023-08-11,VNM
M-10882,2023-08-09,VNM
M-10883,2023-08-11,VNM
M-10884,2023-08-09,VNM
M-10885,2023-08-11,VNM
M-10886,2023-08-10,VNM
M-10887,2023-08-09,VNM
M-10888,2023-08-11,VNM
M-10889,2023-08-11,VNM
M-10890,2023-08-11,VNM
M-10891,2023-08-10,VNM
M-10892,2023-08-10,VNM
M-10893,2023-08-11,VNM
M-10894,2023-08-09,VNM
M-10895,2023-08-10,VNM
M-10896,2023-08-11,VNM
M-10897,2023-08-11,VNM
M-10898,2023-08-11,VNM
M-10899,2023-08-11,VNM
M-10900,2023-08-09,VNM
M-10901,2023-08-11,VNM
M-10902,2023-08-10,VNM
M-10903,2023-08-11,VNM
M-10904,2023-08-11,VNM
M-10905,2023-08-11,VNM
M-10906,2023-08-11,VNM
M-10907,2023-08-11,VNM
M-10908,2023-08-11,VNM
M-10909,2023-08-11,VNM
M-10910,2023-08-10,VNM
M-10911,2023-08-11,VNM
M-10912,2023-08-11,VNM
M-10913,2023-08-11,VNM
M-10914,2023-08-09,VNM
M-10915,2023-08-11,VNM
M-10916,2023-08-11,VNM
M-10917,2023-08-11,VNM
M-10918,2023-08-11,VNM
M-10919,2023-08-09,VNM
M-10920,2023-08-09,VNM
M-10921,2023-08-11,VNM
M-10922,2023-08-11,LAO
M-10923,2023-08-11,LAO
M-10924,2023-08-11,VNM
M-10925,2023-08-11,VNM
M-10926,2023-08-11,VNM
M-10927,2023-08-11,VNM
M-10928,2023-08-11,VNM
M-10929,2023-08-09,VNM
M-10930,2023-08-11,VNM
M-10931,2023-08-10,VNM
M-10932,2023-08-09,VNM
M-10933,2023-08-10,VNM
M-10934,2023-08-11,VNM
M-10935,2023-08-09,VNM
M-10936,2023-08-11,THA
M-10937,2023-08-11,KHM
M-10938,2023-08-09,THA
M-10939,2023-08-11,KHM
M-10940,2023-08-11,KHM
M-10941,2023-08-11,KHM
M-10942,2023-08-11,VNM
M-10943,2023-08-11,VNM
M-10944,2023-08-09,VNM
M-10945,2023-08-11,VNM
M-10946,2023-08-11,VNM
M-10947,2023-08-11,KHM
M-10948,2023-08-10,VNM
M-10949,2023-08-11,VNM
M-10950,2023-08-11,VNM
M-10951,2023-08-10,VNM
M-10952,2023-08-11,VNM
M-10953,2023-08-11,VNM
M-10954,2023-08-10,VNM
M-10955,2023-08-11,KHM
M-10956,2023-08-11,VNM
M-10957,2023-08-10,VNM
M-10958,2023-08-11,VNM
M-10959,2023-08-11,KHM
M-10960,2023-08-11,VNM
M-10961,2023-08-10,VNM
M-10962,2023-08-09,VNM
M-10963,2023-08-11,VNM
M-10964,2023-08-11,VNM
M-10965,2023-08-11,VNM
M-10966,2023-08-11,VNM
M-10967,2023-08-09,VNM
M-10968,2023-08-11,VNM
M-10969,2023-08-09,VNM
M-10970,2023-08-11,VNM
M-10971,2023-08-10,VNM
M-10972,2023-08-09,VNM
M-10973,2023-08-10,VNM
M-10974,2023-08-11,VNM
M-10975,2023-08-11,VNM
M-10976,2023-08-11,VNM
M-10977,2023-08-09,VNM
M-10978,2023-08-11,VNM
M-10979,2023-08-11,VNM
M-10980,2023-08-11,VNM
M-10981,2023-08-09,KHM
M-10982,2023-08-11,VNM
M-10983,2023-08-09,VNM
M-10984,2023-08-11,VNM
M-10985,2023-08-11,VNM
M-10986,2023-08-11,VNM
M-10987,2023-08-10,VNM
M-10988,2023-08-11,VNM
M-10989,2023-08-09,VNM
M-10990,2023-08-11,VNM
M-10991,2023-08-10,VNM
M-10992,2023-08-11,VNM
M-10993,2023-08-10,VNM
M-10994,2023-08-09,VNM
M-10995,2023-08-11,VNM
M-10996,2023-08-11,VNM
M-10997,2023-08-11,VNM
M-10998,2023-08-09,VNM
M-10999,2023-08-11,THA
M-11000,2023-08-11,KHM
M-11001,2023-08-11,VNM
M-11002,2023-08-11,VNM
M-11003,2023-08-10,VNM
M-11004,2023-08-11,VNM
M-11005,2023-08-11,VNM
M-11006,2023-08-09,VNM
M-11007,2023-08-11,VNM
M-11008,2023-08-11,VNM
M-11009,2023-08-11,VNM
M-11010,2023-08-11,VNM
M-11011,2023-08-11,VNM
M-11012,2023-08-11,VNM
M-11013,2023-08-11,VNM
M-11014,2023-08-11,VNM
M-11015,2023-08-11,VNM
M-11016,2023-08-11,VNM
M-11017,2023-08-11,VNM
M-11018,2023-08-11,VNM
M-11019,2023-08-11,VNM
M-11020,2023-08-11,VNM
M-11021,2023-08-11,VNM
M-11022,2023-08-11,VNM
M-11023,2023-08-11,VNM
M-11024,2023-08-10,VNM
M-11025,2023-08-11,VNM
M-11026,2023-08-11,VNM
M-11027,2023-08-11,VNM
M-11028,2023-08-10,VNM
M-11029,2023-08-11,VNM
M-11030,2023-08-10,VNM
M-11031,2023-08-09,LAO
M-11032,2023-08-11,VNM
M-11033,2023-08-11,VNM
M-11034,2023-08-09,VNM
M-11035,2023-08-11,VNM
M-11036,2023-08-11,THA
M-11037,2023-08-11,THA
M-11038,2023-08-10,VNM
M-11039,2023-08-11,VNM
M-11040,2023-08-11,VNM
M-11041,2023-08-11,VNM
M-11042,2023-08-10,VNM
M-11043,2023-08-11,VNM
M-11044,2023-08-11,VNM
M-11045,2023-08-11,VNM
M-11046,2023-08-09,VNM
M-11047,2023-08-09,VNM
M-11048,2023-08-10,VNM
M-11049,2023-08-10,VNM
M-11050,2023-08-11,VNM
M-11051,2023-08-11,VNM
M-11052,2023-08-11,VNM
M-11053,2023-08-10,VNM
M-11054,2023-08-11,VNM
M-11055,2023-08-11,VNM
M-11056,2023-08-09,VNM
M-11057,2023-08-11,VNM
M-11058,2023-08-10,VNM
M-11059,2023-08-11,VNM
M-11060,2023-08-11,VNM
M-11061,2023-08-11,VNM
M-11062,2023-08-11,VNM
M-11063,2023-08-11,LAO
M-11064,2023-08-11,LAO
M-11065,2023-08-11,VNM
M-11066,2023-08-11,VNM
M-11067,2023-08-11,VNM
M-11068,2023-08-11,VNM
M-11069,2023-08-10,VNM
M-11070,2023-08-11,VNM
M-11071,2023-08-11,VNM
M-11072,2023-08-10,THA
M-11073,2023-08-11,THA
M-11074,2023-08-11,THA
M-11075,2023-08-11,VNM
M-11076,2023-08-11,VNM
M-11077,2023-08-10,VNM
M-11078,2023-08-11,VNM
M-11079,2023-08-11,VNM
M-11080,2023-08-09,VNM
M-11081,2023-08-11,VNM
M-11082,2023-08-10,VNM
M-11083,2023-08-11,VNM
M-11084,2023-08-11,VNM
M-11085,2023-08-11,THA
M-11086,2023-08-11,THA
M-11087,2023-08-11,KHM
M-11088,2023-08-11,KHM
M-11089,2023-08-11,VNM
M-11090,2023-08-10,CHN
M-11091,2023-08-11,CHN
M-11092,2023-08-09,VNM
M-11093,2023-08-10,VNM
M-11094,2023-08-11,VNM
M-11095,2023-08-11,VNM
M-11096,2023-08-11,VNM
M-11097,2023-08-09,VNM
M-11098,2023-08-11,VNM
M-11099,2023-08-11,THA
M-11100,2023-08-11,VNM
M-11101,2023-08-10,VNM
M-11102,2023-08-11,VNM
M-11103,2023-08-11,VNM
M-11104,2023-08-11,VNM
M-11105,2023-08-09,VNM
M-11106,2023-08-09,VNM
M-11107,2023-08-09,VNM
M-11108,2023-08-09,VNM
M-11109,2023-08-11,VNM
M-11110,2023-08-11,VNM
M-11111,2023-08-11,VNM
M-11112,2023-08-11,VNM
M-11113,2023-08-11,VNM
M-11114,2023-08-11,VNM
M-11115,2023-08-10,VNM
M-11116,2023-08-11,VNM
M-11117,2023-08-11,VNM
M-11118,2023-08-11,VNM
M-11119,2023-08-09,VNM
M-11120,2023-08-11,VNM
M-11121,2023-08-11,VNM
M-11122,2023-08-11,VNM
M-11123,2023-08-11,VNM
M-11124,2023-08-11,VNM
M-11125,2023-08-11,VNM
M-11126,2023-08-09,VNM
M-11127,2023-08-11,VNM
M-11128,2023-08-10,VNM
M-11129,2023-08-11,VNM
M-11130,2023-08-10,VNM
M-11131,2023-08-11,VNM
M-11132,2023-08-11,VNM
M-11133,2023-08-11,VNM
M-11134,2023-08-09,VNM
M-11135,2023-08-11,VNM
M-11136,2023-08-09,VNM
M-11137,2023-08-10,VNM
M-11138,2023-08-11,VNM
M-11139,2023-08-11,VNM
M-11140,2023-08-11,VNM
M-11141,2023-08-11,VNM
M-11142,2023-08-10,VNM
M-11143,2023-08-09,VNM
M-11144,2023-08-11,KHM
M-11145,2023-08-09,THA
M-11146,2023-08-11,VNM
M-11147,2023-08-11,KHM
M-11148,2023-08-11,VNM
M-11149,2023-08-11,VNM
M-11150,2023-08-09,KHM
M-11151,2023-08-11,KHM
M-11152,2023-08-11,VNM
M-11153,2023-08-09,VNM
M-11154,2023-08-10,VNM
M-11155,2023-08-11,VNM
M-11156,2023-08-11,VNM
M-11157,2023-08-09,VNM
M-11158,2023-08-11,VNM
M-11159,2023-08-10,VNM
M-11160,2023-08-11,VNM
M-11161,2023-08-11,VNM
M-11162,2023-08-11,LAO
M-11163,2023-08-11,LAO
M-11164,2023-08-11,VNM
M-11165,2023-08-09,VNM
M-11166,2023-08-09,THA
M-11167,2023-08-11,THA
M-11168,2023-08-11,THA
M-11169,2023-08-11,VNM
M-11170,2023-08-10,VNM
M-11171,2023-08-11,VNM
M-11172,2023-08-11,KHM
M-11173,2023-08-11,CHN
M-11174,2023-08-11,KHM
M-11175,2023-08-11,KHM
M-11176,2023-08-11,VNM
M-11177,2023-08-11,VNM
M-11178,2023-08-11,VNM
M-11179,2023-08-11,VNM
M-11180,2023-08-11,VNM
M-11181,2023-08-11,VNM
M-11182,2023-08-11,VNM
M-11183,2023-08-11,VNM
M-11184,2023-08-11,LAO
M-11185,2023-08-11,VNM
M-11186,2023-08-11,VNM
M-11187,2023-08-11,VNM
M-11188,2023-08-11,VNM
M-11189,2023-08-10,VNM
M-11190,2023-08-11,VNM
M-11191,2023-08-11,VNM
M-11192,2023-08-09,VNM
M-11193,2023-08-11,VNM
M-11194,2023-08-11,VNM
M-11195,2023-08-10,VNM
M-11196,2023-08-11,VNM
M-11197,2023-08-11,VNM
M-11198,2023-08-11,VNM
M-11199,2023-08-09,VNM
M-11200,2023-08-11,KHM
M-11201,2023-08-09,KHM
M-11202,2023-08-09,VNM
M-11203,2023-08-10,VNM
M-11204,2023-08-11,VNM
M-11205,2023-08-11,VNM
M-11206,2023-08-11,VNM
M-11207,2023-08-11,VNM
M-11208,2023-08-10,VNM
M-11209,2023-08-11,LAO
M-11210,2023-08-11,LAO
M-11211,2023-08-11,VNM
M-11212,2023-08-11,VNM
M-11213,2023-08-09,VNM
M-11214,2023-08-10,VNM
M-11215,2023-08-10,VNM
M-11216,2023-08-10,THA
M-11217,2023-08-09,VNM
M-11218,2023-08-11,VNM
M-11219,2023-08-11,VNM
M-11220,2023-08-11,VNM
M-11221,2023-08-11,VNM
M-11222,2023-08-11,VNM
M-11223,2023-08-11,VNM
M-11224,2023-08-09,VNM
M-11225,2023-08-09,VNM
M-11226,2023-08-11,VNM
M-11227,2023-08-11,VNM
M-11228,2023-08-10,VNM
M-11229,2023-08-09,VNM
M-11230,2023-08-09,VNM
M-11231,2023-08-09,VNM
M-11232,2023-08-10,VNM
M-11233,2023-08-11,VNM
M-11234,2023-08-11,VNM
M-11235,2023-08-10,VNM
M-11236,2023-08-11,VNM
M-11237,2023-08-10,VNM
M-11238,2023-08-10,VNM
M-11239,2023-08-11,VNM
M-11240,2023-08-11,VNM
M-11241,2023-08-10,THA
M-11242,2023-08-09,THA
M-11243,2023-08-11,VNM
M-11244,2023-08-11,VNM
M-11245,2023-08-11,VNM
M-11246,2023-08-09,VNM
M-11247,2023-08-09,THA
M-11248,2023-08-11,THA
M-11249,2023-08-11,KHM
M-11250,2023-08-11,KHM
M-11251,2023-08-11,VNM
M-11252,2023-08-11,VNM
M-11253,2023-08-11,VNM
M-11254,2023-08-11,VNM
M-11255,2023-08-11,VNM
M-11256,2023-08-11,VNM
M-11257,2023-08-11,VNM
M-11258,2023-08-11,VNM
M-11259,2023-08-11,VNM
M-11260,2023-08-09,VNM
M-11261,2023-08-11,VNM
M-11262,2023-08-10,VNM
M-11263,2023-08-11,VNM
M-11264,2023-08-10,VNM
M-11265,2023-08-11,VNM
M-11266,2023-08-11,KHM
M-11267,2023-08-11,THA
M-11268,2023-08-11,VNM
M-11269,2023-08-11,VNM
M-11270,2023-08-11,VNM
M-11271,2023-08-11,VNM
M-11272,2023-08-11,VNM
M-11273,2023-08-11,VNM
M-11274,2023-08-10,VNM
M-11275,2023-08-11,VNM
M-11276,2023-08-11,VNM
M-11277,2023-08-11,VNM
M-11278,2023-08-11,VNM
M-11279,2023-08-11,VNM
M-11280,2023-08-11,VNM
M-11281,2023-08-11,VNM
M-11282,2023-08-11,VNM
M-11283,2023-08-11,VNM
M-11284,2023-08-11,VNM
M-11285,2023-08-10,VNM
M-11286,2023-08-11,THA
M-11287,2023-08-11,VNM
M-11288,2023-08-11,CHN
M-11289,2023-08-11,CHN
M-11290,2023-08-11,VNM
M-11291,2023-08-10,VNM
M-11292,2023-08-11,VNM
M-11293,2023-08-11,VNM
M-11294,2023-08-11,VNM
M-11295,2023-08-11,VNM
M-11296,2023-08-11,VNM
M-11297,2023-08-11,THA
M-11298,2023-08-11,LAO
M-11299,2023-08-09,LAO
M-11300,2023-08-09,VNM
M-11301,2023-08-09,VNM
M-11302,2023-08-11,VNM
M-11303,2023-08-11,VNM
M-11304,2023-08-10,VNM
M-11305,2023-08-11,VNM
M-11306,2023-08-11,VNM
M-11307,2023-08-11,VNM
M-11308,2023-08-11,VNM
M-11309,2023-08-11,KHM
M-11310,2023-08-11,KHM
M-11311,2023-08-11,VNM
M-11312,2023-08-10,VNM
M-11313,2023-08-10,KHM
M-11314,2023-08-11,KHM
M-11315,2023-08-11,KHM
M-11316,2023-08-09,VNM
M-11317,2023-08-11,VNM
M-11318,2023-08-11,VNM
M-11319,2023-08-11,VNM
M-11320,2023-08-11,THA
M-11321,2023-08-11,KHM
M-11322,2023-08-09,KHM
M-11323,2023-08-11,KHM
M-11324,2023-08-11,VNM
M-11325,2023-08-10,VNM
M-11326,2023-08-10,VNM
M-11327,2023-08-11,VNM
M-11328,2023-08-11,KHM
M-11329,2023-08-11,VNM
M-11330,2023-08-10,VNM
M-11331,2023-08-11,VNM
M-11332,2023-08-11,VNM
M-11333,2023-08-11,VNM
M-11334,2023-08-11,VNM
M-11335,2023-08-11,VNM
M-11336,2023-08-11,KHM
M-11337,2023-08-11,VNM
M-11338,2023-08-11,VNM
M-11339,2023-08-11,KHM
M-11340,2023-08-11,VNM
M-11341,2023-08-11,VNM
M-11342,2023-08-11,VNM
M-11343,2023-08-09,VNM
M-11344,2023-08-11,VNM
M-11345,2023-08-10,VNM
M-11346,2023-08-11,THA
M-11347,2023-08-11,VNM
M-11348,2023-08-11,VNM
M-11349,2023-08-09,VNM
M-11350,2023-08-11,VNM
M-11351,2023-08-11,VNM
M-11352,2023-08-11,VNM
M-11353,2023-08-11,VNM
M-11354,2023-08-11,KHM
M-11355,2023-08-11,KHM
M-11356,2023-08-11,VNM
M-11357,2023-08-09,VNM
M-11358,2023-08-11,VNM
M-11359,2023-08-11,VNM
M-11360,2023-08-11,VNM
M-11361,2023-08-11,KHM
M-11362,2023-08-11,KHM
M-11363,2023-08-09,VNM
M-11364,2023-08-11,VNM
M-11365,2023-08-10,VNM
M-11366,2023-08-10,VNM
M-11367,2023-08-11,THA
M-11368,2023-08-11,THA
M-11369,2023-08-11,THA
M-11370,2023-08-11,VNM
M-11371,2023-08-11,VNM
M-11372,2023-08-11,VNM
M-11373,2023-08-11,VNM
M-11374,2023-08-11,VNM
M-11375,2023-08-11,VNM
M-11376,2023-08-11,VNM
M-11377,2023-08-09,VNM
M-11378,2023-08-11,VNM
M-11379,2023-08-11,VNM
M-11380,2023-08-09,CHN
M-11381,2023-08-11,VNM
M-11382,2023-08-11,VNM
M-11383,2023-08-11,VNM
M-11384,2023-08-11,VNM
M-11385,2023-08-09,VNM
M-11386,2023-08-11,VNM
M-11387,2023-08-11,VNM
M-11388,2023-08-11,VNM
M-11389,2023-08-11,KHM
M-11390,2023-08-11,THA
M-11391,2023-08-10,THA
M-11392,2023-08-10,VNM
M-11393,2023-08-11,VNM
M-11394,2023-08-09,VNM
M-11395,2023-08-11,VNM
M-11396,2023-08-11,KHM
M-11397,2023-08-11,VNM
M-11398,2023-08-11,VNM
M-11399,2023-08-10,VNM
M-11400,2023-08-10,VNM
M-11401,2023-08-11,VNM
M-11402,2023-08-09,VNM
M-11403,2023-08-11,VNM
M-11404,2023-08-10,VNM
M-11405,2023-08-11,VNM
M-11406,2023-08-11,VNM
M-11407,2023-08-11,VNM
M-11408,2023-08-11,VNM
M-11409,2023-08-11,VNM
M-11410,2023-08-11,VNM
M-11411,2023-08-11,THA
M-11412,2023-08-11,VNM
M-11413,2023-08-11,VNM
M-11414,2023-08-11,VNM
M-11415,2023-08-11,VNM
M-11416,2023-08-11,VNM
M-11417,2023-08-11,VNM
M-11418,2023-08-11,VNM
M-11419,2023-08-11,VNM
M-11420,2023-08-09,VNM
M-11421,2023-08-11,VNM
M-11422,2023-08-11,VNM
M-11423,2023-08-11,VNM
M-11424,2023-08-11,VNM
M-11425,2023-08-11,KHM
M-11426,2023-08-11,KHM
M-11427,2023-08-11,KHM
M-11428,2023-08-11,VNM
M-11429,2023-08-11,VNM
M-11430,2023-08-11,VNM
M-11431,2023-08-10,VNM
M-11432,2023-08-11,VNM
M-11433,2023-08-09,VNM
M-11434,2023-08-11,VNM
M-11435,2023-08-11,VNM
M-11436,2023-08-09,VNM
M-11437,2023-08-09,CHN
M-11438,2023-08-11,VNM
M-11439,2023-08-11,VNM
M-11440,2023-08-11,VNM
M-11441,2023-08-10,VNM
M-11442,2023-08-09,LAO
M-11443,2023-08-11,VNM
M-11444,2023-08-11,VNM
M-11445,2023-08-11,VNM
M-11446,2023-08-09,VNM
M-11447,2023-08-11,KHM
M-11448,2023-08-11,VNM
M-11449,2023-08-11,VNM
M-11450,2023-08-10,VNM
M-11451,2023-08-11,VNM
M-11452,2023-08-11,VNM
M-11453,2023-08-11,VNM
M-11454,2023-08-11,CHN
M-11455,2023-08-11,VNM
M-11456,2023-08-11,VNM
M-11457,2023-08-11,VNM
M-11458,2023-08-11,VNM
M-11459,2023-08-10,VNM
M-11460,2023-08-11,VNM
M-11461,2023-08-11,VNM
M-11462,2023-08-10,VNM
M-11463,2023-08-10,VNM
M-11464,2023-08-11,VNM
M-11465,2023-08-11,VNM
M-11466,2023-08-11,THA
M-11467,2023-08-11,KHM
M-11468,2023-08-11,VNM
M-11469,2023-08-11,KHM
M-11470,2023-08-09,KHM
M-11471,2023-08-11,THA
M-11472,2023-08-11,VNM
M-11473,2023-08-11,VNM
M-11474,2023-08-09,VNM
M-11475,2023-08-11,VNM
M-11476,2023-08-11,VNM
M-11477,2023-08-10,VNM
M-11478,2023-08-11,VNM
M-11479,2023-08-11,VNM
M-11480,2023-08-11,VNM
M-11481,2023-08-11,VNM
M-11482,2023-08-11,KHM
M-11483,2023-08-09,KHM
M-11484,2023-08-11,LAO
M-11485,2023-08-11,VNM
M-11486,2023-08-10,THA
M-11487,2023-08-09,THA
M-11488,2023-08-11,VNM
M-11489,2023-08-11,VNM
M-11490,2023-08-11,VNM
M-11491,2023-08-11,VNM
M-11492,2023-08-11,VNM
M-11493,2023-08-11,VNM
M-11494,2023-08-11,VNM
M-11495,2023-08-11,VNM
M-11496,2023-08-11,VNM
M-11497,2023-08-11,VNM
M-11498,2023-08-11,VNM
M-11499,2023-08-11,VNM
M-11500,2023-08-11,VNM
M-11501,2023-08-11,VNM
M-11502,2023-08-11,VNM
M-11503,2023-08-11,VNM
M-11504,2023-08-11,KHM
M-11505,2023-08-09,KHM
M-11506,2023-08-10,VNM
M-11507,2023-08-11,VNM
M-11508,2023-08-11,VNM
M-11509,2023-08-09,VNM
M-11510,2023-08-09,VNM
M-11511,2023-08-11,VNM
M-11512,2023-08-10,VNM
M-11513,2023-08-11,VNM
M-11514,2023-08-10,VNM
M-11515,2023-08-09,VNM
M-11516,2023-08-09,VNM
M-11517,2023-08-09,VNM
M-11518,2023-08-11,VNM
M-11519,2023-08-09,VNM
M-11520,2023-08-11,VNM
M-11521,2023-08-11,VNM
M-11522,2023-08-11,VNM
M-11523,2023-08-09,VNM
M-11524,2023-08-11,KHM
M-11525,2023-08-11,KHM
M-11526,2023-08-11,VNM
M-11527,2023-08-11,KHM
M-11528,2023-08-11,KHM
M-11529,2023-08-11,VNM
M-11530,2023-08-11,VNM
M-11531,2023-08-10,VNM
M-11532,2023-08-11,VNM
M-11533,2023-08-11,VNM
M-11534,2023-08-10,VNM
M-11535,2023-08-11,VNM
M-11536,2023-08-09,VNM
M-11537,2023-08-11,VNM
M-11538,2023-08-11,VNM
M-11539,2023-08-11,VNM
M-11540,2023-08-09,VNM
M-11541,2023-08-11,VNM
M-11542,2023-08-11,VNM
M-11543,2023-08-10,VNM
M-11544,2023-08-11,VNM
M-11545,2023-08-09,VNM
M-11546,2023-08-11,VNM
M-11547,2023-08-11,VNM
M-11548,2023-08-11,VNM
M-11549,2023-08-11,VNM
M-11550,2023-08-11,VNM
M-11551,2023-08-11,VNM
M-11552,2023-08-11,VNM
M-11553,2023-08-11,VNM
M-11554,2023-08-11,VNM
M-11555,2023-08-11,KHM
M-11556,2023-08-09,LAO
M-11557,2023-08-11,VNM
M-11558,2023-08-09,VNM
M-11559,2023-08-11,VNM
M-11560,2023-08-10,VNM
M-11561,2023-08-11,VNM
M-11562,2023-08-11,VNM
M-11563,2023-08-11,VNM
M-11564,2023-08-11,VNM
M-11565,2023-08-10,VNM
M-11566,2023-08-11,VNM
M-11567,2023-08-11,VNM
M-11568,2023-08-11,VNM
M-11569,2023-08-09,VNM
M-11570,2023-08-11,VNM
M-11571,2023-08-09,VNM
M-11572,2023-08-11,VNM
M-11573,2023-08-11,VNM
M-11574,2023-08-11,VNM
M-11575,2023-08-09,THA
M-11576,2023-08-11,THA
M-11577,2023-08-11,THA
M-11578,2023-08-11,VNM
M-11579,2023-08-11,VNM
M-11580,2023-08-09,VNM
M-11581,2023-08-11,VNM
M-11582,2023-08-11,VNM
M-11583,2023-08-11,VNM
M-11584,2023-08-11,VNM
M-11585,2023-08-11,VNM
M-11586,2023-08-11,VNM
M-11587,2023-08-11,VNM
M-11588,2023-08-11,VNM
M-11589,2023-08-11,VNM
M-11590,2023-08-11,VNM
M-11591,2023-08-11,VNM
M-11592,2023-08-09,VNM
M-11593,2023-08-11,VNM
M-11594,2023-08-11,KHM
M-11595,2023-08-11,VNM
M-11596,2023-08-11,VNM
M-11597,2023-08-11,VNM
M-11598,2023-08-11,VNM
M-11599,2023-08-11,KHM
M-11600,2023-08-11,KHM
M-11601,2023-08-11,THA
M-11602,2023-08-10,THA
M-11603,2023-08-11,VNM
M-11604,2023-08-09,VNM
M-11605,2023-08-11,VNM
M-11606,2023-08-09,KHM
M-11607,2023-08-11,KHM
M-11608,2023-08-11,VNM
M-11609,2023-08-11,LAO
M-11610,2023-08-10,LAO
M-11611,2023-08-11,VNM
M-11612,2023-08-09,VNM
M-11613,2023-08-11,VNM
M-11614,2023-08-11,VNM
M-11615,2023-08-10,VNM
M-11616,2023-08-11,VNM
M-11617,2023-08-11,VNM
M-11618,2023-08-11,VNM
M-11619,2023-08-10,THA
M-11620,2023-08-09,CHN
M-11621,2023-08-11,VNM
M-11622,2023-08-11,VNM
M-11623,2023-08-09,VNM
M-11624,2023-08-11,LAO
M-11625,2023-08-10,VNM
M-11626,2023-08-11,VNM
M-11627,2023-08-11,THA
M-11628,2023-08-11,VNM
M-11629,2023-08-11,VNM
M-11630,2023-08-11,VNM
M-11631,2023-08-11,VNM
M-11632,2023-08-11,VNM
M-11633,2023-08-09,VNM
M-11634,2023-08-09,VNM
M-11635,2023-08-10,VNM
M-11636,2023-08-11,VNM
M-11637,2023-08-10,KHM
M-11638,2023-08-11,VNM
M-11639,2023-08-11,VNM
M-11640,2023-08-11,VNM
M-11641,2023-08-11,VNM
M-11642,2023-08-11,VNM
M-11643,2023-08-10,VNM
M-11644,2023-08-10,VNM
M-11645,2023-08-11,VNM
M-11646,2023-08-11,VNM
M-11647,2023-08-11,VNM
M-11648,2023-08-10,KHM
M-11649,2023-08-11,KHM
M-11650,2023-08-11,VNM
M-11651,2023-08-11,VNM
M-11652,2023-08-11,VNM
M-11653,2023-08-09,VNM
M-11654,2023-08-09,THA
M-11655,2023-08-11,VNM
M-11656,2023-08-10,VNM
M-11657,2023-08-09,VNM
M-11658,2023-08-11,VNM
M-11659,2023-08-11,VNM
M-11660,2023-08-11,VNM
M-11661,2023-08-11,LAO
M-11662,2023-08-11,CHN
M-11663,2023-08-11,VNM
M-11664,2023-08-11,VNM
M-11665,2023-08-11,VNM
M-11666,2023-08-09,VNM
M-11667,2023-08-11,VNM
M-11668,2023-08-11,VNM
M-11669,2023-08-11,VNM
M-11670,2023-08-10,VNM
M-11671,2023-08-11,VNM
M-11672,2023-08-11,VNM
M-11673,2023-08-09,VNM
M-11674,2023-08-11,KHM
M-11675,2023-08-11,VNM
M-11676,2023-08-10,VNM
M-11677,2023-08-11,VNM
M-11678,2023-08-11,VNM
M-11679,2023-08-09,VNM
M-11680,2023-08-11,LAO
M-11681,2023-08-10,VNM
M-11682,2023-08-11,VNM
M-11683,2023-08-11,VNM
M-11684,2023-08-11,VNM
M-11685,2023-08-10,VNM
M-11686,2023-08-09,VNM
M-11687,2023-08-11,VNM
M-11688,2023-08-11,VNM
M-11689,2023-08-11,VNM
M-11690,2023-08-11,VNM
M-11691,2023-08-11,VNM
M-11692,2023-08-11,KHM
M-11693,2023-08-11,KHM
M-11694,2023-08-11,VNM
M-11695,2023-08-10,VNM
M-11696,2023-08-11,THA
M-11697,2023-08-11,VNM
M-11698,2023-08-11,VNM
M-11699,2023-08-09,VNM
M-11700,2023-08-09,VNM
M-11701,2023-08-11,VNM
M-11702,2023-08-11,VNM
M-11703,2023-08-10,VNM
M-11704,2023-08-11,VNM
M-11705,2023-08-10,VNM
M-11706,2023-08-11,VNM
M-11707,2023-08-11,THA
M-11708,2023-08-11,VNM
M-11709,2023-08-10,VNM
M-11710,2023-08-11,VNM
M-11711,2023-08-11,VNM
M-11712,2023-08-09,VNM
M-11713,2023-08-11,VNM
M-11714,2023-08-11,VNM
M-11715,2023-08-11,THA
M-11716,2023-08-11,VNM
M-11717,2023-08-11,KHM
M-11718,2023-08-11,VNM
M-11719,2023-08-11,VNM
M-11720,2023-08-10,VNM
M-11721,2023-08-10,VNM
M-11722,2023-08-09,VNM
M-11723,2023-08-11,VNM
M-11724,2023-08-11,VNM
M-11725,2023-08-11,THA
M-11726,2023-08-11,THA
M-11727,2023-08-10,VNM
M-11728,2023-08-10,THA
M-11729,2023-08-11,VNM
M-11730,2023-08-10,THA
M-11731,2023-08-10,THA
M-11732,2023-08-11,VNM
M-11733,2023-08-09,VNM
M-11734,2023-08-11,VNM
M-11735,2023-08-11,THA
M-11736,2023-08-11,KHM
M-11737,2023-08-11,KHM
M-11738,2023-08-10,VNM
M-11739,2023-08-10,VNM
M-11740,2023-08-10,VNM
M-11741,2023-08-11,VNM
M-11742,2023-08-11,VNM
M-11743,2023-08-11,VNM
M-11744,2023-08-11,LAO
M-11745,2023-08-10,VNM
M-11746,2023-08-09,VNM
M-11747,2023-08-11,KHM
M-11748,2023-08-11,LAO
M-11749,2023-08-09,VNM
M-11750,2023-08-10,VNM
M-11751,2023-08-11,VNM
M-11752,2023-08-11,VNM
M-11753,2023-08-10,VNM
M-11754,2023-08-11,VNM
M-11755,2023-08-11,VNM
M-11756,2023-08-09,VNM
M-11757,2023-08-11,VNM
M-11758,2023-08-09,VNM
M-11759,2023-08-11,VNM
M-11760,2023-08-11,LAO
M-11761,2023-08-11,LAO
M-11762,2023-08-11,VNM
M-11763,2023-08-10,VNM
M-11764,2023-08-11,VNM
M-11765,2023-08-11,VNM
M-11766,2023-08-11,VNM
M-11767,2023-08-11,THA
M-11768,2023-08-10,VNM
M-11769,2023-08-11,VNM
M-11770,2023-08-11,VNM
M-11771,2023-08-11,VNM
M-11772,2023-08-10,VNM
M-11773,2023-08-11,VNM
M-11774,2023-08-10,VNM
M-11775,2023-08-11,VNM
M-11776,2023-08-11,VNM
M-11777,2023-08-11,VNM
M-11778,2023-08-11,VNM
M-11779,2023-08-11,KHM
M-11780,2023-08-11,VNM
M-11781,2023-08-11,VNM
M-11782,2023-08-11,VNM
M-11783,2023-08-11,VNM
M-11784,2023-08-11,VNM
M-11785,2023-08-11,LAO
M-11786,2023-08-09,LAO
M-11787,2023-08-10,VNM
M-11788,2023-08-10,THA
M-11789,2023-08-11,VNM
M-11790,2023-08-09,VNM
M-11791,2023-08-11,VNM
M-11792,2023-08-11,VNM
M-11793,2023-08-09,VNM
M-11794,2023-08-11,VNM
M-11795,2023-08-11,THA
M-11796,2023-08-11,THA
M-11797,2023-08-09,VNM
M-11798,2023-08-11,VNM
M-11799,2023-08-11,VNM
M-11800,2023-08-10,VNM
M-11801,2023-08-11,VNM
M-11802,2023-08-11,VNM
M-11803,2023-08-09,VNM
M-11804,2023-08-11,VNM
M-11805,2023-08-11,VNM
M-11806,2023-08-11,VNM
M-11807,2023-08-11,VNM
M-11808,2023-08-11,VNM
M-11809,2023-08-10,VNM
M-11810,2023-08-11,VNM
M-11811,2023-08-11,VNM
M-11812,2023-08-11,VNM
M-11813,2023-08-11,VNM
M-11814,2023-08-09,VNM
M-11815,2023-08-11,VNM
M-11816,2023-08-10,VNM
M-11817,2023-08-11,KHM
M-11818,2023-08-11,VNM
M-11819,2023-08-11,VNM
M-11820,2023-08-09,VNM
M-11821,2023-08-09,VNM
M-11822,2023-08-11,VNM
M-11823,2023-08-11,VNM
M-11824,2023-08-09,VNM
M-11825,2023-08-11,VNM
M-11826,2023-08-11,VNM
M-11827,2023-08-11,KHM
M-11828,2023-08-11,LAO
M-11829,2023-08-11,LAO
M-11830,2023-08-11,VNM
M-11831,2023-08-11,VNM
M-11832,2023-08-09,VNM
M-11833,2023-08-11,VNM
M-11834,2023-08-11,VNM
M-11835,2023-08-11,CHN
M-11836,2023-08-11,THA
M-11837,2023-08-11,THA
M-11838,2023-08-11,THA
M-11839,2023-08-11,VNM
M-11840,2023-08-11,CHN
M-11841,2023-08-11,VNM
M-11842,2023-08-11,VNM
M-11843,2023-08-11,VNM
M-11844,2023-08-11,VNM
M-11845,2023-08-11,VNM
M-11846,2023-08-11,VNM
M-11847,2023-08-11,VNM
M-11848,2023-08-10,VNM
M-11849,2023-08-09,VNM
M-11850,2023-08-09,KHM
M-11851,2023-08-11,VNM
M-11852,2023-08-11,VNM
M-11853,2023-08-11,KHM
M-11854,2023-08-11,VNM
M-11855,2023-08-11,VNM
M-11856,2023-08-11,VNM
M-11857,2023-08-11,VNM
M-11858,2023-08-11,VNM
M-11859,2023-08-11,VNM
M-11860,2023-08-11,LAO
M-11861,2023-08-09,VNM
M-11862,2023-08-11,VNM
M-11863,2023-08-11,KHM
M-11864,2023-08-09,VNM
M-11865,2023-08-10,VNM
M-11866,2023-08-11,THA
M-11867,2023-08-11,VNM
M-11868,2023-08-11,VNM
M-11869,2023-08-11,VNM
M-11870,2023-08-11,VNM
M-11871,2023-08-09,VNM
M-11872,2023-08-10,VNM
M-11873,2023-08-11,VNM
M-11874,2023-08-11,VNM
M-11875,2023-08-11,VNM
M-11876,2023-08-11,VNM
M-11877,2023-08-11,VNM
M-11878,2023-08-11,VNM
M-11879,2023-08-10,VNM
M-11880,2023-08-10,VNM
M-11881,2023-08-10,VNM
M-11882,2023-08-11,VNM
M-11883,2023-08-09,VNM
M-11884,2023-08-09,THA
M-11885,2023-08-11,VNM
M-11886,2023-08-11,VNM
M-11887,2023-08-11,VNM
M-11888,2023-08-11,VNM
M-11889,2023-08-11,VNM
M-11890,2023-08-11,VNM
M-11891,2023-08-11,VNM
M-11892,2023-08-11,VNM
M-11893,2023-08-10,LAO
M-11894,2023-08-10,VNM
M-11895,2023-08-11,VNM
M-11896,2023-08-10,THA
M-11897,2023-08-11,VNM
M-11898,2023-08-11,VNM
M-11899,2023-08-11,VNM
M-11900,2023-08-09,VNM
M-11901,2023-08-11,VNM
M-11902,2023-08-10,VNM
M-11903,2023-08-11,THA
M-11904,2023-08-09,VNM
M-11905,2023-08-11,VNM
M-11906,2023-08-11,THA
M-11907,2023-08-11,THA
M-11908,2023-08-10,VNM
M-11909,2023-08-09,VNM
M-11910,2023-08-11,VNM
M-11911,2023-08-11,VNM
M-11912,2023-08-11,LAO
M-11913,2023-08-11,VNM
M-11914,2023-08-11,VNM
M-11915,2023-08-09,VNM
M-11916,2023-08-11,VNM
M-11917,2023-08-11,THA
M-11918,2023-08-11,VNM
M-11919,2023-08-11,VNM
M-11920,2023-08-10,VNM
M-11921,2023-08-10,THA
H-3778,2023-08-11,VNM
H-3779,2023-08-11,VNM
H-3780,2023-08-11,VNM
H-3781,2023-08-11,KHM
H-3782,2023-08-11,KHM
H-3783,2023-08-11,LAO
H-3784,2023-08-11,VNM
H-3785,2023-08-11,VNM
H-3786,2023-08-11,VNM
H-3787,2023-08-11,VNM
H-3788,2023-08-11,VNM
H-3789,2023-08-11,VNM
H-3790,2023-08-11,VNM
H-3791,2023-08-11,THA
H-3792,2023-08-11,VNM
H-3793,2023-08-11,VNM
H-3794,2023-08-11,VNM
H-3795,2023-08-11,VNM
H-3796,2023-08-11,VNM
H-3797,2023-08-11,CHN
H-3798,2023-08-11,VNM
H-3799,2023-08-11,VNM
H-3800,2023-08-11,VNM
H-3801,2023-08-11,VNM
H-3802,2023-08-11,VNM
H-3803,2023-08-11,VNM
H-3804,2023-08-11,VNM
H-3805,2023-08-11,VNM
H-3806,2023-08-11,KHM
H-3807,2023-08-11,VNM
H-3808,2023-08-11,VNM
H-3809,2023-08-11,VNM
H-3810,2023-08-11,VNM
H-3811,2023-08-11,VNM
H-3812,2023-08-11,VNM
H-3813,2023-08-11,VNM
H-3814,2023-08-11,VNM
H-3815,2023-08-11,VNM
H-3816,2023-08-11,VNM
H-3817,2023-08-11,CHN
H-3818,2023-08-11,THA
H-3819,2023-08-11,VNM
H-3820,2023-08-11,VNM
H-3821,2023-08-11,CHN
H-3822,2023-08-11,VNM
H-3823,2023-08-11,VNM
H-3824,2023-08-11,VNM
H-3825,2023-08-11,VNM
H-3826,2023-08-11,VNM
H-3827,2023-08-11,VNM
H-3828,2023-08-11,LAO
H-3829,2023-08-11,VNM
H-3830,2023-08-11,VNM
H-3831,2023-08-11,VNM
H-3832,2023-08-11,VNM
H-3833,2023-08-11,VNM
H-3834,2023-08-11,VNM
H-3835,2023-08-11,VNM
H-3836,2023-08-11,VNM
H-3837,2023-08-11,VNM
H-3838,2023-08-11,CHN
H-3839,2023-08-11,VNM
H-3840,2023-08-11,VNM
H-3841,2023-08-11,VNM
H-3842,2023-08-11,VNM
H-3843,2023-08-11,VNM
H-3844,2023-08-11,THA
H-3845,2023-08-11,VNM
H-3846,2023-08-11,LAO
H-3847,2023-08-11,VNM
H-3848,2023-08-11,VNM
H-3849,2023-08-11,VNM
H-3850,2023-08-11,LAO
H-3851,2023-08-11,VNM
H-3852,2023-08-11,VNM
H-3853,2023-08-11,VNM
H-3854,2023-08-11,VNM
H-3855,2023-08-11,VNM
H-3856,2023-08-11,LAO
H-3857,2023-08-11,VNM
H-3858,2023-08-11,VNM
H-3859,2023-08-11,THA
H-3860,2023-08-11,VNM
H-3861,2023-08-11,VNM
H-3862,2023-08-11,VNM
H-3863,2023-08-11,VNM
H-3864,2023-08-11,VNM
H-3865,2023-08-11,VNM
H-3866,2023-08-11,VNM
H-3867,2023-08-11,THA
H-3868,2023-08-11,VNM
H-3869,2023-08-11,VNM
H-3870,2023-08-11,THA
H-3871,2023-08-11,VNM
H-3872,2023-08-11,VNM
H-3873,2023-08-11,VNM
H-3874,2023-08-11,VNM
H-3875,2023-08-11,VNM
H-3876,2023-08-11,VNM
H-3877,2023-08-11,VNM
H-3878,2023-08-11,VNM
H-3879,2023-08-11,KHM
H-3880,2023-08-11,VNM
H-3881,2023-08-11,VNM
H-3882,2023-08-11,VNM
H-3883,2023-08-11,LAO
H-3884,2023-08-11,CHN
H-3885,2023-08-11,VNM
H-3886,2023-08-11,VNM
H-3887,2023-08-11,VNM
H-3888,2023-08-11,VNM
H-3889,2023-08-11,VNM
H-3890,2023-08-11,VNM
H-3891,2023-08-11,VNM
H-3892,2023-08-11,VNM
H-3893,2023-08-11,VNM
H-3894,2023-08-11,VNM
H-3895,2023-08-11,VNM
H-3896,2023-08-11,VNM
H-3897,2023-08-11,VNM
H-3898,2023-08-11,LAO
H-3899,2023-08-11,VNM
H-3900,2023-08-11,VNM
H-3901,2023-08-11,VNM
H-3902,2023-08-11,VNM
H-3903,2023-08-11,LAO
H-3904,2023-08-11,VNM
H-3905,2023-08-11,VNM
H-3906,2023-08-11,VNM
H-3907,2023-08-11,THA
H-3908,2023-08-11,VNM
H-3909,2023-08-11,VNM
H-3910,2023-08-11,VNM
H-3911,2023-08-11,VNM
H-3912,2023-08-11,VNM
H-3913,2023-08-11,THA
H-3914,2023-08-11,VNM
H-3915,2023-08-11,THA
H-3916,2023-08-11,VNM
H-3917,2023-08-11,VNM
H-3918,2023-08-11,VNM
H-3919,2023-08-11,VNM
H-3920,2023-08-11,VNM
H-3921,2023-08-11,VNM
H-3922,2023-08-11,THA
H-3923,2023-08-11,KHM
H-3924,2023-08-11,VNM
H-3925,2023-08-11,VNM
H-3926,2023-08-11,VNM
H-3927,2023-08-11,VNM
H-3928,2023-08-11,VNM
H-3929,2023-08-11,VNM
H-3930,2023-08-11,VNM
H-3931,2023-08-11,VNM
H-3932,2023-08-11,VNM
H-3933,2023-08-11,VNM
H-3934,2023-08-11,VNM
H-3935,2023-08-11,THA
H-3936,2023-08-11,VNM
H-3937,2023-08-11,VNM
H-3938,2023-08-11,VNM
H-3939,2023-08-11,VNM
H-3940,2023-08-11,VNM
H-3941,2023-08-11,VNM
H-3942,2023-08-11,CHN
H-3943,2023-08-11,KHM
H-3944,2023-08-11,VNM
H-3945,2023-08-11,VNM
H-3946,2023-08-11,VNM
H-3947,2023-08-11,VNM
H-3948,2023-08-11,VNM
H-3949,2023-08-11,VNM
H-3950,2023-08-11,VNM
H-3951,2023-08-11,VNM
H-3952,2023-08-11,VNM
H-3953,2023-08-11,VNM
H-3954,2023-08-11,KHM
H-3955,2023-08-11,THA
H-3956,2023-08-11,VNM
H-3957,2023-08-11,THA
H-3958,2023-08-11,VNM
H-3959,2023-08-11,VNM
H-3960,2023-08-11,VNM
H-3961,2023-08-11,VNM
H-3962,2023-08-11,VNM
H-3963,2023-08-11,KHM
H-3964,2023-08-11,VNM
H-3965,2023-08-11,VNM
H-3966,2023-08-11,VNM
H-3967,2023-08-11,VNM
H-3968,2023-08-11,VNM
H-3969,2023-08-11,VNM
H-3970,2023-08-11,VNM
H-3971,2023-08-11,VNM
H-3972,2023-08-11,CHN
H-3973,2023-08-11,VNM
H-3974,2023-08-11,VNM
H-3975,2023-08-11,VNM
H-3976,2023-08-11,VNM
H-3977,2023-08-11,VNM
H-3978,2023-08-11,VNM
H-3979,2023-08-11,VNM
H-3980,2023-08-11,VNM
H-3981,2023-08-11,VNM
H-3982,2023-08-11,VNM
H-3983,2023-08-11,VNM
H-3984,2023-08-11,VNM
H-3985,2023-08-11,VNM
H-3986,2023-08-11,VNM
H-3987,2023-08-11,VNM
H-3988,2023-08-11,LAO
H-3989,2023-08-11,VNM
H-3990,2023-08-11,VNM
H-3991,2023-08-11,VNM
H-3992,2023-08-11,VNM
H-3993,2023-08-11,VNM
H-3994,2023-08-11,VNM
H-3995,2023-08-11,KHM
H-3996,2023-08-11,VNM
H-3997,2023-08-11,KHM
H-3998,2023-08-11,VNM
H-3999,2023-08-11,VNM
H-4000,2023-08-11,KHM
H-4001,2023-08-11,KHM
H-4002,2023-08-11,VNM
H-4003,2023-08-11,VNM
H-4004,2023-08-11,KHM
H-4005,2023-08-11,VNM
H-4006,2023-08-11,VNM
H-4007,2023-08-11,VNM
H-4008,2023-08-11,VNM
H-4009,2023-08-11,VNM
H-4010,2023-08-11,CHN
H-4011,2023-08-11,VNM
H-4012,2023-08-11,VNM
H-4013,2023-08-11,VNM
H-4014,2023-08-11,THA
H-4015,2023-08-11,VNM
H-4016,2023-08-11,VNM
H-4017,2023-08-11,VNM
H-4018,2023-08-11,VNM
H-4019,2023-08-11,VNM
H-4020,2023-08-11,VNM
H-4021,2023-08-11,VNM
H-4022,2023-08-11,VNM
H-4023,2023-08-11,VNM
H-4024,2023-08-11,VNM
H-4025,2023-08-11,THA
H-4026,2023-08-11,THA
H-4027,2023-08-11,VNM
H-4028,2023-08-11,VNM
H-4029,2023-08-11,VNM
H-4030,2023-08-11,VNM
H-4031,2023-08-11,VNM
H-4032,2023-08-11,VNM
H-4033,2023-08-11,VNM
H-4034,2023-08-11,VNM
H-4035,2023-08-11,VNM
H-4036,2023-08-11,THA
H-4037,2023-08-11,THA
H-4038,2023-08-11,VNM
H-4039,2023-08-11,VNM
H-4040,2023-08-11,VNM
H-4041,2023-08-11,LAO
H-4042,2023-08-11,KHM
H-4043,2023-08-11,VNM
H-4044,2023-08-11,KHM
H-4045,2023-08-11,LAO
H-4046,2023-08-11,VNM
H-4047,2023-08-11,KHM
H-4048,2023-08-11,VNM
H-4049,2023-08-11,VNM
H-4050,2023-08-11,VNM
H-4051,2023-08-11,VNM
H-4052,2023-08-11,VNM
H-4053,2023-08-11,VNM
H-4054,2023-08-11,THA
H-4055,2023-08-11,VNM
H-4056,2023-08-11,VNM
H-4057,2023-08-11,VNM
H-4058,2023-08-11,VNM
H-4059,2023-08-11,VNM
H-4060,2023-08-11,VNM
H-4061,2023-08-11,VNM
H-4062,2023-08-11,VNM
H-4063,2023-08-11,VNM
H-4064,2023-08-11,VNM
H-4065,2023-08-11,VNM
H-4066,2023-08-11,KHM
H-4067,2023-08-11,THA
H-4068,2023-08-11,VNM
H-4069,2023-08-11,VNM
H-4070,2023-08-11,VNM
H-4071,2023-08-11,VNM
H-4072,2023-08-11,VNM
H-4073,2023-08-11,VNM
H-4074,2023-08-11,KHM
H-4075,2023-08-11,VNM
H-4076,2023-08-11,VNM
H-4077,2023-08-11,VNM
H-4078,2023-08-11,VNM
H-4079,2023-08-11,VNM
H-4080,2023-08-11,VNM
H-4081,2023-08-11,VNM
H-4082,2023-08-11,VNM
H-4083,2023-08-11,VNM
H-4084,2023-08-11,VNM
H-4085,2023-08-11,VNM
H-4086,2023-08-11,VNM
H-4087,2023-08-11,VNM
H-4088,2023-08-11,VNM
H-4089,2023-08-11,THA
H-4090,2023-08-11,VNM
H-4091,2023-08-11,THA
H-4092,2023-08-11,VNM
H-4093,2023-08-11,VNM
H-4094,2023-08-11,VNM
H-4095,2023-08-11,THA
H-4096,2023-08-11,VNM
H-4097,2023-08-11,VNM
H-4098,2023-08-11,VNM
H-4099,2023-08-11,VNM
H-4100,2023-08-11,VNM
H-4101,2023-08-11,VNM
H-4102,2023-08-11,VNM
H-4103,2023-08-11,VNM
H-4104,2023-08-11,VNM
H-4105,2023-08-11,VNM
H-4106,2023-08-11,VNM
H-4107,2023-08-11,VNM
H-4108,2023-08-11,LAO
H-4109,2023-08-11,VNM
H-4110,2023-08-11,VNM
H-4111,2023-08-11,LAO
H-4112,2023-08-11,VNM
H-4113,2023-08-11,VNM
H-4114,2023-08-11,VNM
H-4115,2023-08-11,THA
H-4116,2023-08-11,VNM
H-4117,2023-08-11,VNM
H-4118,2023-08-11,VNM
H-4119,2023-08-11,VNM
H-4120,2023-08-11,THA
H-4121,2023-08-11,VNM
H-4122,2023-08-11,VNM
H-4123,2023-08-11,VNM
H-4124,2023-08-11,VNM
H-4125,2023-08-11,VNM
H-4126,2023-08-11,VNM
H-4127,2023-08-11,VNM
H-4128,2023-08-11,KHM
H-4129,2023-08-11,VNM
H-4130,2023-08-11,THA
H-4131,2023-08-11,CHN
H-4132,2023-08-11,VNM
H-4133,2023-08-11,VNM
H-4134,2023-08-11,VNM
H-4135,2023-08-11,VNM
H-4136,2023-08-11,VNM
H-4137,2023-08-11,THA
H-4138,2023-08-11,LAO
H-4139,2023-08-11,VNM
H-4140,2023-08-11,VNM
H-4141,2023-08-11,VNM
H-4142,2023-08-11,VNM
H-4143,2023-08-11,VNM
H-4144,2023-08-11,VNM
H-4145,2023-08-11,VNM
H-4146,2023-08-11,THA
H-4147,2023-08-11,VNM
H-4148,2023-08-11,VNM
H-4149,2023-08-11,KHM
H-4150,2023-08-11,VNM
H-4151,2023-08-11,THA
H-4152,2023-08-11,VNM
H-4153,2023-08-11,VNM
H-4154,2023-08-11,VNM
H-4155,2023-08-11,VNM
H-4156,2023-08-11,VNM
H-4157,2023-08-11,VNM
H-4158,2023-08-11,VNM
H-4159,2023-08-11,THA
H-4160,2023-08-11,VNM
H-4161,2023-08-11,LAO
H-4162,2023-08-11,VNM
H-4163,2023-08-11,LAO
H-4164,2023-08-11,VNM
H-4165,2023-08-11,THA
H-4166,2023-08-11,THA
H-4167,2023-08-11,KHM
H-4168,2023-08-11,VNM
H-4169,2023-08-11,VNM
H-4170,2023-08-11,VNM
H-4171,2023-08-11,VNM
H-4172,2023-08-11,VNM
H-4173,2023-08-11,THA
H-4174,2023-08-11,VNM
H-4175,2023-08-11,CHN
H-4176,2023-08-11,THA
H-4177,2023-08-11,KHM
M-11922,2023-08-11,VNM
M-11923,2023-08-11,VNM
M-11924,2023-08-11,VNM
M-11925,2023-08-11,VNM
M-11926,2023-08-11,VNM
M-11927,2023-08-11,VNM
M-11928,2023-08-11,VNM
M-11929,2023-08-11,VNM
M-11930,2023-08-11,VNM
M-11931,2023-08-11,VNM
M-11932,2023-08-11,VNM
M-11933,2023-08-10,VNM
M-11934,2023-08-11,VNM
M-11935,2023-08-11,VNM
M-11936,2023-08-11,VNM
M-11937,2023-08-10,VNM
M-11938,2023-08-11,VNM
M-11939,2023-08-11,VNM
M-11940,2023-08-11,LAO
M-11941,2023-08-11,VNM
M-11942,2023-08-11,VNM
M-11943,2023-08-10,VNM
M-11944,2023-08-11,VNM
M-11945,2023-08-11,VNM
M-11946,2023-08-11,VNM
M-11947,2023-08-11,VNM
M-11948,2023-08-11,LAO
M-11949,2023-08-11,VNM
M-11950,2023-08-10,VNM
M-11951,2023-08-11,VNM
M-11952,2023-08-11,VNM
M-11953,2023-08-10,VNM
M-11954,2023-08-11,THA
M-11955,2023-08-11,LAO
M-11956,2023-08-11,KHM
M-11957,2023-08-10,KHM
M-11958,2023-08-10,VNM
M-11959,2023-08-11,VNM
M-11960,2023-08-11,KHM
M-11961,2023-08-11,VNM
M-11962,2023-08-10,VNM
M-11963,2023-08-11,THA
M-11964,2023-08-10,THA
M-11965,2023-08-11,VNM
M-11966,2023-08-10,VNM
M-11967,2023-08-11,VNM
M-11968,2023-08-11,VNM
M-11969,2023-08-11,THA
M-11970,2023-08-11,VNM
M-11971,2023-08-10,VNM
M-11972,2023-08-11,KHM
M-11973,2023-08-11,KHM
M-11974,2023-08-11,VNM
M-11975,2023-08-11,VNM
M-11976,2023-08-11,VNM
M-11977,2023-08-11,VNM
M-11978,2023-08-11,VNM
M-11979,2023-08-11,VNM
M-11980,2023-08-11,THA
M-11981,2023-08-10,VNM
M-11982,2023-08-11,VNM
M-11983,2023-08-11,VNM
M-11984,2023-08-11,VNM
M-11985,2023-08-11,KHM
M-11986,2023-08-11,VNM
M-11987,2023-08-11,VNM
M-11988,2023-08-11,VNM
M-11989,2023-08-11,THA
M-11990,2023-08-11,KHM
M-11991,2023-08-10,VNM
M-11992,2023-08-11,VNM
M-11993,2023-08-11,VNM
M-11994,2023-08-11,LAO
M-11995,2023-08-11,THA
M-11996,2023-08-11,VNM
M-11997,2023-08-11,VNM
M-11998,2023-08-10,VNM
M-11999,2023-08-11,VNM
M-12000,2023-08-11,VNM
M-12001,2023-08-11,VNM
M-12002,2023-08-11,VNM
M-12003,2023-08-11,VNM
M-12004,2023-08-11,VNM
M-12005,2023-08-11,VNM
M-12006,2023-08-11,VNM
M-12007,2023-08-11,VNM
M-12008,2023-08-11,VNM
M-12009,2023-08-11,VNM
M-12010,2023-08-11,VNM
M-12011,2023-08-11,VNM
M-12012,2023-08-11,VNM
M-12013,2023-08-11,VNM
M-12014,2023-08-10,THA
M-12015,2023-08-11,VNM
M-12016,2023-08-10,KHM
M-12017,2023-08-11,KHM
M-12018,2023-08-11,VNM
M-12019,2023-08-10,VNM
M-12020,2023-08-10,VNM
M-12021,2023-08-11,VNM
M-12022,2023-08-11,VNM
M-12023,2023-08-11,VNM
M-12024,2023-08-11,THA
M-12025,2023-08-11,THA
M-12026,2023-08-11,VNM
M-12027,2023-08-11,VNM
M-12028,2023-08-11,VNM
M-12029,2023-08-10,VNM
M-12030,2023-08-11,VNM
M-12031,2023-08-10,VNM
M-12032,2023-08-11,VNM
M-12033,2023-08-10,VNM
M-12034,2023-08-11,VNM
M-12035,2023-08-11,VNM
M-12036,2023-08-11,VNM
M-12037,2023-08-11,VNM
M-12038,2023-08-10,VNM
M-12039,2023-08-11,VNM
M-12040,2023-08-11,VNM
M-12041,2023-08-11,VNM
M-12042,2023-08-11,VNM
M-12043,2023-08-11,VNM
M-12044,2023-08-11,VNM
M-12045,2023-08-10,VNM
M-12046,2023-08-11,VNM
M-12047,2023-08-11,VNM
M-12048,2023-08-10,VNM
M-12049,2023-08-11,VNM
M-12050,2023-08-11,VNM
M-12051,2023-08-11,VNM
M-12052,2023-08-10,LAO
M-12053,2023-08-11,VNM
M-12054,2023-08-11,VNM
M-12055,2023-08-11,VNM
M-12056,2023-08-11,VNM
M-12057,2023-08-11,VNM
M-12058,2023-08-11,THA
M-12059,2023-08-11,VNM
M-12060,2023-08-11,VNM
M-12061,2023-08-11,VNM
M-12062,2023-08-11,VNM
M-12063,2023-08-11,VNM
M-12064,2023-08-11,THA
M-12065,2023-08-11,KHM
M-12066,2023-08-11,KHM
M-12067,2023-08-11,KHM
M-12068,2023-08-11,KHM
M-12069,2023-08-11,KHM
M-12070,2023-08-11,VNM
M-12071,2023-08-11,VNM
M-12072,2023-08-11,VNM
M-12073,2023-08-11,VNM
M-12074,2023-08-11,VNM
M-12075,2023-08-11,VNM
M-12076,2023-08-11,VNM
M-12077,2023-08-11,VNM
M-12078,2023-08-11,KHM
M-12079,2023-08-11,VNM
M-12080,2023-08-11,VNM
M-12081,2023-08-10,KHM
M-12082,2023-08-11,VNM
M-12083,2023-08-11,VNM
M-12084,2023-08-11,VNM
M-12085,2023-08-11,VNM
M-12086,2023-08-10,VNM
M-12087,2023-08-11,VNM
M-12088,2023-08-11,VNM
M-12089,2023-08-11,VNM
M-12090,2023-08-11,VNM
M-12091,2023-08-10,VNM
M-12092,2023-08-11,VNM
M-12093,2023-08-11,VNM
M-12094,2023-08-11,VNM
M-12095,2023-08-11,VNM
M-12096,2023-08-11,VNM
M-12097,2023-08-11,VNM
M-12098,2023-08-10,VNM
M-12099,2023-08-11,VNM
M-12100,2023-08-11,VNM
M-12101,2023-08-10,VNM
M-12102,2023-08-11,VNM
M-12103,2023-08-11,VNM
M-12104,2023-08-11,THA
M-12105,2023-08-11,THA
M-12106,2023-08-11,KHM
M-12107,2023-08-11,VNM
M-12108,2023-08-11,VNM
M-12109,2023-08-11,VNM
M-12110,2023-08-11,VNM
M-12111,2023-08-11,VNM
M-12112,2023-08-11,VNM
M-12113,2023-08-11,VNM
M-12114,2023-08-11,VNM
M-12115,2023-08-11,VNM
M-12116,2023-08-11,VNM
M-12117,2023-08-11,VNM
M-12118,2023-08-11,VNM
M-12119,2023-08-11,VNM
M-12120,2023-08-11,THA
M-12121,2023-08-11,THA
M-12122,2023-08-11,VNM
M-12123,2023-08-11,VNM
M-12124,2023-08-11,VNM
M-12125,2023-08-11,VNM
M-12126,2023-08-11,VNM
M-12127,2023-08-10,VNM
M-12128,2023-08-11,VNM
M-12129,2023-08-11,VNM
M-12130,2023-08-11,VNM
M-12131,2023-08-11,THA
M-12132,2023-08-11,THA
M-12133,2023-08-11,THA
M-12134,2023-08-11,THA
M-12135,2023-08-10,VNM
M-12136,2023-08-11,VNM
M-12137,2023-08-11,LAO
M-12138,2023-08-11,VNM
M-12139,2023-08-11,KHM
M-12140,2023-08-11,VNM
M-12141,2023-08-11,THA
M-12142,2023-08-11,VNM
M-12143,2023-08-11,VNM
M-12144,2023-08-11,VNM
M-12145,2023-08-11,VNM
M-12146,2023-08-11,VNM
M-12147,2023-08-11,VNM
M-12148,2023-08-11,VNM
M-12149,2023-08-11,VNM
M-12150,2023-08-11,VNM
M-12151,2023-08-10,VNM
M-12152,2023-08-11,VNM
M-12153,2023-08-11,VNM
M-12154,2023-08-11,LAO
M-12155,2023-08-11,VNM
M-12156,2023-08-11,VNM
M-12157,2023-08-11,KHM
M-12158,2023-08-11,VNM
M-12159,2023-08-11,VNM
M-12160,2023-08-11,THA
M-12161,2023-08-11,VNM
M-12162,2023-08-10,VNM
M-12163,2023-08-10,VNM
M-12164,2023-08-11,VNM
M-12165,2023-08-11,VNM
M-12166,2023-08-11,VNM
M-12167,2023-08-11,VNM
M-12168,2023-08-11,VNM
M-12169,2023-08-10,VNM
M-12170,2023-08-11,VNM
M-12171,2023-08-10,VNM
M-12172,2023-08-11,VNM
M-12173,2023-08-11,VNM
M-12174,2023-08-11,VNM
M-12175,2023-08-11,VNM
M-12176,2023-08-11,VNM
M-12177,2023-08-11,VNM
M-12178,2023-08-11,VNM
M-12179,2023-08-11,VNM
M-12180,2023-08-11,VNM
M-12181,2023-08-11,VNM
M-12182,2023-08-11,THA
M-12183,2023-08-11,KHM
M-12184,2023-08-11,VNM
M-12185,2023-08-11,VNM
M-12186,2023-08-11,VNM
M-12187,2023-08-11,VNM
M-12188,2023-08-11,VNM
M-12189,2023-08-11,VNM
M-12190,2023-08-11,VNM
M-12191,2023-08-11,VNM
M-12192,2023-08-11,VNM
M-12193,2023-08-11,VNM
M-12194,2023-08-10,THA
M-12195,2023-08-11,KHM
M-12196,2023-08-10,KHM
M-12197,2023-08-10,VNM
M-12198,2023-08-11,VNM
M-12199,2023-08-11,CHN
M-12200,2023-08-10,VNM
M-12201,2023-08-11,VNM
M-12202,2023-08-11,VNM
M-12203,2023-08-11,VNM
M-12204,2023-08-10,VNM
M-12205,2023-08-11,VNM
M-12206,2023-08-11,VNM
M-12207,2023-08-11,VNM
M-12208,2023-08-11,VNM
M-12209,2023-08-11,VNM
M-12210,2023-08-11,VNM
M-12211,2023-08-11,VNM
M-12212,2023-08-11,VNM
M-12213,2023-08-11,VNM
M-12214,2023-08-11,VNM
M-12215,2023-08-11,VNM
M-12216,2023-08-11,VNM
M-12217,2023-08-10,VNM
M-12218,2023-08-10,VNM
M-12219,2023-08-11,VNM
M-12220,2023-08-11,VNM
M-12221,2023-08-11,VNM
M-12222,2023-08-11,VNM
M-12223,2023-08-11,VNM
M-12224,2023-08-11,VNM
M-12225,2023-08-11,VNM
M-12226,2023-08-11,VNM
M-12227,2023-08-11,VNM
M-12228,2023-08-11,VNM
M-12229,2023-08-10,VNM
M-12230,2023-08-11,VNM
M-12231,2023-08-10,KHM
M-12232,2023-08-11,KHM
M-12233,2023-08-11,THA
M-12234,2023-08-10,VNM
M-12235,2023-08-11,VNM
M-12236,2023-08-11,KHM
M-12237,2023-08-11,VNM
M-12238,2023-08-11,VNM
M-12239,2023-08-11,VNM
M-12240,2023-08-11,VNM
M-12241,2023-08-11,VNM
M-12242,2023-08-11,KHM
M-12243,2023-08-10,VNM
M-12244,2023-08-11,VNM
M-12245,2023-08-10,VNM
M-12246,2023-08-11,VNM
M-12247,2023-08-11,VNM
M-12248,2023-08-11,VNM
M-12249,2023-08-11,VNM
M-12250,2023-08-11,VNM
M-12251,2023-08-11,VNM
M-12252,2023-08-11,VNM
M-12253,2023-08-11,VNM
M-12254,2023-08-11,VNM
M-12255,2023-08-11,KHM
M-12256,2023-08-11,VNM
M-12257,2023-08-11,VNM
M-12258,2023-08-11,VNM
M-12259,2023-08-11,VNM
M-12260,2023-08-11,VNM
M-12261,2023-08-11,VNM
M-12262,2023-08-11,VNM
M-12263,2023-08-11,VNM
M-12264,2023-08-11,VNM
M-12265,2023-08-11,VNM
M-12266,2023-08-11,VNM
M-12267,2023-08-11,VNM
M-12268,2023-08-10,VNM
M-12269,2023-08-11,VNM
M-12270,2023-08-10,VNM
M-12271,2023-08-11,VNM
M-12272,2023-08-11,VNM
M-12273,2023-08-11,VNM
M-12274,2023-08-10,VNM
M-12275,2023-08-11,VNM
M-12276,2023-08-11,VNM
M-12277,2023-08-11,VNM
M-12278,2023-08-11,VNM
M-12279,2023-08-11,VNM
M-12280,2023-08-11,VNM
M-12281,2023-08-10,VNM
M-12282,2023-08-11,KHM
M-12283,2023-08-11,VNM
M-12284,2023-08-11,VNM
M-12285,2023-08-11,VNM
M-12286,2023-08-11,VNM
M-12287,2023-08-11,VNM
M-12288,2023-08-11,VNM
M-12289,2023-08-11,LAO
M-12290,2023-08-11,LAO
M-12291,2023-08-11,LAO
M-12292,2023-08-11,VNM
M-12293,2023-08-11,VNM
M-12294,2023-08-11,VNM
M-12295,2023-08-11,VNM
M-12296,2023-08-11,VNM
M-12297,2023-08-11,VNM
M-12298,2023-08-11,VNM
M-12299,2023-08-11,VNM
M-12300,2023-08-11,VNM
M-12301,2023-08-11,VNM
M-12302,2023-08-11,VNM
M-12303,2023-08-11,VNM
M-12304,2023-08-11,VNM
M-12305,2023-08-11,VNM
M-12306,2023-08-11,VNM
M-12307,2023-08-11,VNM
M-12308,2023-08-10,VNM
M-12309,2023-08-11,VNM
M-12310,2023-08-10,VNM
M-12311,2023-08-11,VNM
M-12312,2023-08-11,VNM
M-12313,2023-08-11,VNM
M-12314,2023-08-11,VNM
M-12315,2023-08-11,VNM
M-12316,2023-08-11,VNM
M-12317,2023-08-10,VNM
M-12318,2023-08-11,VNM
M-12319,2023-08-11,VNM
M-12320,2023-08-11,VNM
M-12321,2023-08-11,CHN
M-12322,2023-08-11,VNM
M-12323,2023-08-10,VNM
M-12324,2023-08-11,VNM
M-12325,2023-08-11,THA
M-12326,2023-08-11,VNM
M-12327,2023-08-11,VNM
M-12328,2023-08-11,VNM
M-12329,2023-08-11,VNM
M-12330,2023-08-11,VNM
M-12331,2023-08-11,VNM
M-12332,2023-08-11,VNM
M-12333,2023-08-10,VNM
M-12334,2023-08-11,VNM
M-12335,2023-08-11,THA
M-12336,2023-08-10,VNM
M-12337,2023-08-10,VNM
M-12338,2023-08-11,VNM
M-12339,2023-08-11,VNM
M-12340,2023-08-11,VNM
M-12341,2023-08-11,VNM
M-12342,2023-08-11,VNM
M-12343,2023-08-10,VNM
M-12344,2023-08-11,VNM
M-12345,2023-08-11,VNM
M-12346,2023-08-11,VNM
M-12347,2023-08-11,VNM
M-12348,2023-08-11,VNM
M-12349,2023-08-11,THA
M-12350,2023-08-11,CHN
M-12351,2023-08-11,CHN
M-12352,2023-08-11,VNM
M-12353,2023-08-10,VNM
M-12354,2023-08-10,KHM
M-12355,2023-08-11,KHM
M-12356,2023-08-11,KHM
M-12357,2023-08-11,VNM
M-12358,2023-08-11,LAO
M-12359,2023-08-11,LAO
M-12360,2023-08-11,VNM
M-12361,2023-08-11,THA
M-12362,2023-08-11,VNM
M-12363,2023-08-10,LAO
M-12364,2023-08-11,LAO
M-12365,2023-08-11,VNM
M-12366,2023-08-11,VNM
M-12367,2023-08-10,VNM
M-12368,2023-08-11,VNM
M-12369,2023-08-11,VNM
M-12370,2023-08-11,VNM
M-12371,2023-08-11,VNM
M-12372,2023-08-11,VNM
M-12373,2023-08-10,VNM
M-12374,2023-08-11,KHM
M-12375,2023-08-11,VNM
M-12376,2023-08-11,VNM
M-12377,2023-08-11,VNM
M-12378,2023-08-11,VNM
M-12379,2023-08-11,THA
M-12380,2023-08-11,VNM
M-12381,2023-08-10,VNM
M-12382,2023-08-11,VNM
M-12383,2023-08-11,VNM
M-12384,2023-08-10,VNM
M-12385,2023-08-11,VNM
M-12386,2023-08-10,VNM
M-12387,2023-08-11,VNM
M-12388,2023-08-10,KHM
M-12389,2023-08-11,KHM
M-12390,2023-08-11,KHM
M-12391,2023-08-11,VNM
M-12392,2023-08-11,VNM
M-12393,2023-08-11,VNM
M-12394,2023-08-11,VNM
M-12395,2023-08-10,VNM
M-12396,2023-08-10,VNM
M-12397,2023-08-11,VNM
M-12398,2023-08-11,VNM
M-12399,2023-08-11,VNM
M-12400,2023-08-11,KHM
M-12401,2023-08-11,KHM
M-12402,2023-08-11,KHM
M-12403,2023-08-11,VNM
M-12404,2023-08-10,VNM
M-12405,2023-08-10,KHM
M-12406,2023-08-10,KHM
M-12407,2023-08-10,KHM
M-12408,2023-08-11,VNM
M-12409,2023-08-11,VNM
M-12410,2023-08-11,VNM
M-12411,2023-08-11,VNM
M-12412,2023-08-10,VNM
M-12413,2023-08-11,VNM
M-12414,2023-08-11,VNM
M-12415,2023-08-11,VNM
M-12416,2023-08-11,THA
M-12417,2023-08-11,THA
M-12418,2023-08-11,THA
M-12419,2023-08-10,VNM
M-12420,2023-08-11,VNM
M-12421,2023-08-11,VNM
M-12422,2023-08-11,VNM
M-12423,2023-08-11,KHM
M-12424,2023-08-11,VNM
M-12425,2023-08-11,VNM
M-12426,2023-08-11,VNM
M-12427,2023-08-10,VNM
M-12428,2023-08-11,VNM
M-12429,2023-08-11,VNM
M-12430,2023-08-11,KHM
M-12431,2023-08-11,VNM
M-12432,2023-08-11,VNM
M-12433,2023-08-10,VNM
M-12434,2023-08-11,VNM
M-12435,2023-08-11,VNM
M-12436,2023-08-11,VNM
M-12437,2023-08-11,VNM
M-12438,2023-08-11,VNM
M-12439,2023-08-11,VNM
M-12440,2023-08-11,VNM
M-12441,2023-08-10,VNM
M-12442,2023-08-11,VNM
M-12443,2023-08-11,VNM
M-12444,2023-08-11,VNM
M-12445,2023-08-11,VNM
M-12446,2023-08-11,VNM
M-12447,2023-08-11,VNM
M-12448,2023-08-10,VNM
M-12449,2023-08-11,VNM
M-12450,2023-08-11,VNM
M-12451,2023-08-11,VNM
M-12452,2023-08-11,VNM
M-12453,2023-08-11,VNM
M-12454,2023-08-10,VNM
M-12455,2023-08-11,VNM
M-12456,2023-08-10,KHM
M-12457,2023-08-10,VNM
M-12458,2023-08-11,VNM
M-12459,2023-08-11,VNM
M-12460,2023-08-10,VNM
M-12461,2023-08-11,KHM
M-12462,2023-08-11,VNM
M-12463,2023-08-11,VNM
M-12464,2023-08-10,THA
M-12465,2023-08-11,VNM
M-12466,2023-08-11,VNM
M-12467,2023-08-11,VNM
M-12468,2023-08-11,KHM
M-12469,2023-08-11,VNM
M-12470,2023-08-10,VNM
M-12471,2023-08-11,VNM
M-12472,2023-08-11,VNM
M-12473,2023-08-11,VNM
M-12474,2023-08-11,KHM
M-12475,2023-08-10,KHM
M-12476,2023-08-11,VNM
M-12477,2023-08-11,VNM
M-12478,2023-08-11,VNM
M-12479,2023-08-10,VNM
M-12480,2023-08-11,VNM
M-12481,2023-08-11,VNM
M-12482,2023-08-11,VNM
M-12483,2023-08-11,VNM
M-12484,2023-08-11,THA
M-12485,2023-08-11,THA
M-12486,2023-08-11,VNM
M-12487,2023-08-11,VNM
M-12488,2023-08-11,VNM
M-12489,2023-08-11,VNM
M-12490,2023-08-11,VNM
M-12491,2023-08-11,VNM
M-12492,2023-08-10,VNM
M-12493,2023-08-11,VNM
M-12494,2023-08-11,VNM
M-12495,2023-08-11,VNM
M-12496,2023-08-11,VNM
M-12497,2023-08-11,VNM
M-12498,2023-08-11,VNM
M-12499,2023-08-11,VNM
M-12500,2023-08-11,VNM
M-12501,2023-08-11,VNM
M-12502,2023-08-11,VNM
M-12503,2023-08-11,VNM
M-12504,2023-08-11,VNM
M-12505,2023-08-11,VNM
M-12506,2023-08-11,THA
M-12507,2023-08-11,THA
M-12508,2023-08-10,VNM
M-12509,2023-08-11,VNM
M-12510,2023-08-11,KHM
M-12511,2023-08-10,KHM
M-12512,2023-08-11,KHM
M-12513,2023-08-11,VNM
M-12514,2023-08-11,VNM
M-12515,2023-08-11,VNM
M-12516,2023-08-10,VNM
M-12517,2023-08-11,VNM
M-12518,2023-08-11,VNM
M-12519,2023-08-11,THA
M-12520,2023-08-11,THA
M-12521,2023-08-11,VNM
M-12522,2023-08-11,VNM
M-12523,2023-08-11,VNM
M-12524,2023-08-10,VNM
M-12525,2023-08-11,VNM
M-12526,2023-08-11,VNM
M-12527,2023-08-11,VNM
M-12528,2023-08-11,VNM
M-12529,2023-08-10,VNM
M-12530,2023-08-10,VNM
M-12531,2023-08-11,VNM
M-12532,2023-08-11,KHM
M-12533,2023-08-11,VNM
M-12534,2023-08-11,VNM
M-12535,2023-08-11,VNM
M-12536,2023-08-10,VNM
M-12537,2023-08-11,VNM
M-12538,2023-08-11,VNM
M-12539,2023-08-11,VNM
M-12540,2023-08-11,CHN
M-12541,2023-08-11,VNM
M-12542,2023-08-11,VNM
M-12543,2023-08-10,VNM
M-12544,2023-08-11,VNM
M-12545,2023-08-11,VNM
M-12546,2023-08-11,VNM
M-12547,2023-08-10,VNM
M-12548,2023-08-11,VNM
M-12549,2023-08-11,VNM
M-12550,2023-08-10,VNM
M-12551,2023-08-11,VNM
M-12552,2023-08-11,THA
M-12553,2023-08-11,KHM
M-12554,2023-08-11,VNM
M-12555,2023-08-11,VNM
M-12556,2023-08-11,VNM
M-12557,2023-08-10,VNM
M-12558,2023-08-11,THA
M-12559,2023-08-11,THA
M-12560,2023-08-11,VNM
M-12561,2023-08-11,VNM
M-12562,2023-08-11,VNM
M-12563,2023-08-11,VNM
M-12564,2023-08-11,VNM
M-12565,2023-08-11,VNM
M-12566,2023-08-11,VNM
M-12567,2023-08-11,VNM
M-12568,2023-08-11,VNM
M-12569,2023-08-10,VNM
M-12570,2023-08-11,VNM
M-12571,2023-08-11,KHM
M-12572,2023-08-11,KHM
M-12573,2023-08-11,LAO
M-12574,2023-08-11,LAO
M-12575,2023-08-11,VNM
M-12576,2023-08-11,VNM
M-12577,2023-08-11,VNM
M-12578,2023-08-11,VNM
M-12579,2023-08-11,THA
M-12580,2023-08-10,VNM
M-12581,2023-08-11,VNM
M-12582,2023-08-11,VNM
M-12583,2023-08-11,VNM
M-12584,2023-08-11,KHM
M-12585,2023-08-11,VNM
M-12586,2023-08-11,VNM
M-12587,2023-08-11,VNM
M-12588,2023-08-11,VNM
M-12589,2023-08-11,VNM
M-12590,2023-08-10,VNM
M-12591,2023-08-11,VNM
M-12592,2023-08-11,VNM
M-12593,2023-08-11,VNM
M-12594,2023-08-11,VNM
M-12595,2023-08-11,VNM
M-12596,2023-08-11,VNM
M-12597,2023-08-10,VNM
M-12598,2023-08-11,KHM
M-12599,2023-08-10,VNM
M-12600,2023-08-11,VNM
M-12601,2023-08-11,VNM
M-12602,2023-08-11,VNM
M-12603,2023-08-11,VNM
M-12604,2023-08-10,VNM
M-12605,2023-08-11,VNM
M-12606,2023-08-11,VNM
M-12607,2023-08-11,VNM
M-12608,2023-08-11,VNM
M-12609,2023-08-11,KHM
M-12610,2023-08-11,KHM
M-12611,2023-08-10,VNM
M-12612,2023-08-11,VNM
M-12613,2023-08-10,KHM
M-12614,2023-08-11,THA
M-12615,2023-08-11,VNM
M-12616,2023-08-11,THA
M-12617,2023-08-11,VNM
M-12618,2023-08-11,VNM
M-12619,2023-08-11,VNM
M-12620,2023-08-11,VNM
M-12621,2023-08-11,VNM
M-12622,2023-08-11,VNM
M-12623,2023-08-10,VNM
M-12624,2023-08-11,VNM
M-12625,2023-08-11,VNM
M-12626,2023-08-11,VNM
M-12627,2023-08-11,VNM
M-12628,2023-08-10,VNM
M-12629,2023-08-10,VNM
M-12630,2023-08-11,VNM
M-12631,2023-08-11,VNM
M-12632,2023-08-11,VNM
M-12633,2023-08-11,VNM
M-12634,2023-08-11,THA
M-12635,2023-08-10,VNM
M-12636,2023-08-11,KHM
M-12637,2023-08-11,VNM
M-12638,2023-08-11,VNM
M-12639,2023-08-10,VNM
M-12640,2023-08-10,VNM
M-12641,2023-08-11,VNM
M-12642,2023-08-11,VNM
M-12643,2023-08-11,VNM
M-12644,2023-08-11,VNM
M-12645,2023-08-11,VNM
M-12646,2023-08-11,VNM
M-12647,2023-08-11,VNM
M-12648,2023-08-11,VNM
M-12649,2023-08-11,VNM
M-12650,2023-08-11,VNM
M-12651,2023-08-11,VNM
M-12652,2023-08-11,VNM
M-12653,2023-08-10,VNM
M-12654,2023-08-11,VNM
M-12655,2023-08-11,VNM
M-12656,2023-08-11,VNM
M-12657,2023-08-11,VNM
M-12658,2023-08-11,THA
M-12659,2023-08-11,THA
M-12660,2023-08-10,VNM
M-12661,2023-08-11,VNM
M-12662,2023-08-11,THA
M-12663,2023-08-11,THA
M-12664,2023-08-11,VNM
M-12665,2023-08-11,THA
M-12666,2023-08-10,VNM
M-12667,2023-08-11,VNM
M-12668,2023-08-10,VNM
M-12669,2023-08-11,VNM
M-12670,2023-08-11,VNM
M-12671,2023-08-11,VNM
M-12672,2023-08-11,VNM
M-12673,2023-08-11,VNM
M-12674,2023-08-11,VNM
M-12675,2023-08-11,VNM
M-12676,2023-08-11,VNM
M-12677,2023-08-11,VNM
M-12678,2023-08-11,VNM
M-12679,2023-08-11,VNM
M-12680,2023-08-11,VNM
M-12681,2023-08-11,VNM
M-12682,2023-08-11,VNM
M-12683,2023-08-11,VNM
M-12684,2023-08-11,VNM
M-12685,2023-08-11,VNM
M-12686,2023-08-11,VNM
M-12687,2023-08-11,VNM
M-12688,2023-08-10,KHM
M-12689,2023-08-11,KHM
M-12690,2023-08-11,VNM
M-12691,2023-08-10,KHM
M-12692,2023-08-10,KHM
M-12693,2023-08-11,KHM
M-12694,2023-08-11,VNM
M-12695,2023-08-10,LAO
M-12696,2023-08-11,VNM
M-12697,2023-08-11,VNM
M-12698,2023-08-10,VNM
M-12699,2023-08-10,VNM
M-12700,2023-08-11,VNM
M-12701,2023-08-11,VNM
M-12702,2023-08-11,VNM
M-12703,2023-08-11,VNM
M-12704,2023-08-10,VNM
M-12705,2023-08-10,VNM
M-12706,2023-08-11,VNM
M-12707,2023-08-11,VNM
M-12708,2023-08-11,VNM
M-12709,2023-08-11,VNM
M-12710,2023-08-11,VNM
M-12711,2023-08-11,VNM
M-12712,2023-08-11,VNM
M-12713,2023-08-11,VNM
M-12714,2023-08-11,VNM
M-12715,2023-08-11,VNM
M-12716,2023-08-11,LAO
M-12717,2023-08-11,LAO
M-12718,2023-08-10,VNM
M-12719,2023-08-10,VNM
M-12720,2023-08-11,VNM
M-12721,2023-08-11,CHN
M-12722,2023-08-10,VNM
M-12723,2023-08-10,VNM
M-12724,2023-08-10,THA
M-12725,2023-08-10,THA
M-12726,2023-08-11,THA
M-12727,2023-08-11,THA
M-12728,2023-08-10,VNM
M-12729,2023-08-10,VNM
M-12730,2023-08-10,VNM
M-12731,2023-08-11,VNM
M-12732,2023-08-11,VNM
M-12733,2023-08-11,VNM
M-12734,2023-08-11,VNM
M-12735,2023-08-11,VNM
M-12736,2023-08-11,VNM
M-12737,2023-08-11,VNM
M-12738,2023-08-11,VNM
M-12739,2023-08-11,KHM
M-12740,2023-08-11,KHM
M-12741,2023-08-11,VNM
M-12742,2023-08-11,THA
M-12743,2023-08-11,VNM
M-12744,2023-08-10,VNM
M-12745,2023-08-11,VNM
M-12746,2023-08-11,VNM
M-12747,2023-08-11,VNM
M-12748,2023-08-11,VNM
M-12749,2023-08-11,VNM
M-12750,2023-08-11,VNM
M-12751,2023-08-11,VNM
M-12752,2023-08-11,VNM
M-12753,2023-08-11,THA
M-12754,2023-08-11,VNM
M-12755,2023-08-11,VNM
M-12756,2023-08-11,VNM
M-12757,2023-08-11,KHM
M-12758,2023-08-10,KHM
M-12759,2023-08-10,VNM
M-12760,2023-08-11,VNM
M-12761,2023-08-11,VNM
M-12762,2023-08-11,KHM
M-12763,2023-08-11,VNM
M-12764,2023-08-11,VNM
M-12765,2023-08-11,VNM
M-12766,2023-08-10,VNM
M-12767,2023-08-11,VNM
M-12768,2023-08-11,LAO
M-12769,2023-08-11,VNM
M-12770,2023-08-11,KHM
M-12771,2023-08-11,KHM
M-12772,2023-08-11,VNM
M-12773,2023-08-11,VNM
M-12774,2023-08-10,VNM
M-12775,2023-08-11,VNM
M-12776,2023-08-11,VNM
M-12777,2023-08-11,VNM
M-12778,2023-08-11,VNM
M-12779,2023-08-10,VNM
M-12780,2023-08-11,VNM
M-12781,2023-08-11,KHM
M-12782,2023-08-11,VNM
M-12783,2023-08-11,VNM
M-12784,2023-08-11,VNM
M-12785,2023-08-11,VNM
M-12786,2023-08-11,VNM
M-12787,2023-08-11,VNM
M-12788,2023-08-11,VNM
M-12789,2023-08-11,VNM
M-12790,2023-08-11,VNM
M-12791,2023-08-11,KHM
M-12792,2023-08-10,KHM
M-12793,2023-08-10,KHM
M-12794,2023-08-10,VNM
M-12795,2023-08-11,VNM
M-12796,2023-08-11,VNM
M-12797,2023-08-11,VNM
M-12798,2023-08-11,VNM
M-12799,2023-08-10,VNM
M-12800,2023-08-11,VNM
M-12801,2023-08-11,VNM
M-12802,2023-08-11,KHM
M-12803,2023-08-11,VNM
M-12804,2023-08-11,VNM
M-12805,2023-08-10,VNM
M-12806,2023-08-10,VNM
M-12807,2023-08-11,VNM
M-12808,2023-08-11,VNM
M-12809,2023-08-11,VNM
M-12810,2023-08-10,VNM
M-12811,2023-08-11,VNM
M-12812,2023-08-11,LAO
M-12813,2023-08-11,LAO
M-12814,2023-08-11,VNM
M-12815,2023-08-11,VNM
M-12816,2023-08-11,VNM
M-12817,2023-08-11,VNM
M-12818,2023-08-11,VNM
M-12819,2023-08-11,VNM
M-12820,2023-08-11,VNM
M-12821,2023-08-11,VNM
M-12822,2023-08-11,VNM
M-12823,2023-08-11,THA
M-12824,2023-08-11,VNM
M-12825,2023-08-11,KHM
M-12826,2023-08-11,KHM
M-12827,2023-08-11,VNM
M-12828,2023-08-11,VNM
M-12829,2023-08-10,VNM
M-12830,2023-08-11,KHM
M-12831,2023-08-11,VNM
M-12832,2023-08-11,VNM
M-12833,2023-08-11,VNM
M-12834,2023-08-11,VNM
M-12835,2023-08-11,VNM
M-12836,2023-08-11,VNM
M-12837,2023-08-11,KHM
M-12838,2023-08-11,VNM
M-12839,2023-08-11,VNM
M-12840,2023-08-10,VNM
M-12841,2023-08-11,VNM
M-12842,2023-08-11,VNM
M-12843,2023-08-11,THA
M-12844,2023-08-11,THA
M-12845,2023-08-11,VNM
M-12846,2023-08-11,VNM
M-12847,2023-08-11,THA
M-12848,2023-08-11,VNM
M-12849,2023-08-11,VNM
M-12850,2023-08-11,VNM
M-12851,2023-08-11,VNM
M-12852,2023-08-11,VNM
M-12853,2023-08-11,VNM
M-12854,2023-08-11,VNM
M-12855,2023-08-11,VNM
M-12856,2023-08-11,VNM
M-12857,2023-08-11,VNM
M-12858,2023-08-11,VNM
M-12859,2023-08-11,THA
M-12860,2023-08-11,VNM
M-12861,2023-08-11,VNM
M-12862,2023-08-11,VNM
M-12863,2023-08-11,VNM
M-12864,2023-08-11,VNM
M-12865,2023-08-11,VNM
M-12866,2023-08-11,VNM
M-12867,2023-08-11,VNM
M-12868,2023-08-11,VNM
M-12869,2023-08-11,VNM
M-12870,2023-08-11,VNM
M-12871,2023-08-11,KHM
M-12872,2023-08-10,KHM
M-12873,2023-08-11,VNM
M-12874,2023-08-10,VNM
M-12875,2023-08-11,VNM
M-12876,2023-08-11,KHM
M-12877,2023-08-11,VNM
M-12878,2023-08-11,VNM
M-12879,2023-08-11,VNM
M-12880,2023-08-10,VNM
M-12881,2023-08-11,VNM
M-12882,2023-08-11,VNM
M-12883,2023-08-11,VNM
M-12884,2023-08-11,KHM
M-12885,2023-08-11,LAO
M-12886,2023-08-11,VNM
M-12887,2023-08-11,VNM
M-12888,2023-08-11,VNM
M-12889,2023-08-11,VNM
M-12890,2023-08-11,VNM
M-12891,2023-08-11,VNM
M-12892,2023-08-11,VNM
M-12893,2023-08-11,THA
M-12894,2023-08-11,THA
M-12895,2023-08-11,KHM
M-12896,2023-08-11,KHM
M-12897,2023-08-10,VNM
M-12898,2023-08-11,LAO
M-12899,2023-08-11,VNM
M-12900,2023-08-11,VNM
M-12901,2023-08-11,VNM
M-12902,2023-08-11,VNM
M-12903,2023-08-11,VNM
M-12904,2023-08-11,KHM
M-12905,2023-08-11,KHM
M-12906,2023-08-11,THA
M-12907,2023-08-11,THA
M-12908,2023-08-11,VNM
M-12909,2023-08-11,VNM
M-12910,2023-08-11,THA
M-12911,2023-08-11,KHM
M-12912,2023-08-11,KHM
M-12913,2023-08-11,VNM
M-12914,2023-08-11,VNM
M-12915,2023-08-11,VNM
M-12916,2023-08-11,VNM
M-12917,2023-08-11,VNM
M-12918,2023-08-11,VNM
M-12919,2023-08-11,VNM
M-12920,2023-08-11,VNM
M-12921,2023-08-11,VNM
M-12922,2023-08-11,VNM
M-12923,2023-08-10,CHN
M-12924,2023-08-11,VNM
M-12925,2023-08-11,VNM
M-12926,2023-08-11,VNM
M-12927,2023-08-10,THA
M-12928,2023-08-11,KHM
M-12929,2023-08-11,VNM
M-12930,2023-08-11,KHM
M-12931,2023-08-11,VNM
M-12932,2023-08-11,VNM
M-12933,2023-08-10,LAO
M-12934,2023-08-10,VNM
M-12935,2023-08-11,VNM
M-12936,2023-08-11,VNM
M-12937,2023-08-11,VNM
M-12938,2023-08-10,VNM
M-12939,2023-08-11,VNM
M-12940,2023-08-11,VNM
M-12941,2023-08-11,VNM
M-12942,2023-08-11,VNM
M-12943,2023-08-11,VNM
M-12944,2023-08-11,VNM
M-12945,2023-08-11,VNM
M-12946,2023-08-11,VNM
M-12947,2023-08-11,VNM
M-12948,2023-08-11,VNM
M-12949,2023-08-11,LAO
M-12950,2023-08-11,THA
M-12951,2023-08-11,VNM
M-12952,2023-08-11,VNM
M-12953,2023-08-11,VNM
M-12954,2023-08-11,THA
M-12955,2023-08-11,LAO
M-12956,2023-08-11,VNM
M-12957,2023-08-11,VNM
M-12958,2023-08-11,VNM
M-12959,2023-08-10,VNM
M-12960,2023-08-11,VNM
M-12961,2023-08-11,VNM
M-12962,2023-08-11,THA
M-12963,2023-08-10,VNM
M-12964,2023-08-11,VNM
M-12965,2023-08-11,VNM
M-12966,2023-08-11,VNM
M-12967,2023-08-11,VNM
M-12968,2023-08-11,KHM
M-12969,2023-08-10,KHM
M-12970,2023-08-10,VNM
M-12971,2023-08-11,KHM
M-12972,2023-08-11,VNM
M-12973,2023-08-10,VNM
M-12974,2023-08-11,VNM
M-12975,2023-08-11,VNM
M-12976,2023-08-11,VNM
M-12977,2023-08-11,VNM
M-12978,2023-08-11,VNM
M-12979,2023-08-10,VNM
M-12980,2023-08-11,VNM
M-12981,2023-08-11,VNM
M-12982,2023-08-11,THA
M-12983,2023-08-11,VNM
M-12984,2023-08-11,VNM
M-12985,2023-08-11,VNM
M-12986,2023-08-11,LAO
M-12987,2023-08-10,VNM
M-12988,2023-08-11,VNM
M-12989,2023-08-11,VNM
M-12990,2023-08-11,VNM
M-12991,2023-08-10,VNM
M-12992,2023-08-11,VNM
M-12993,2023-08-11,VNM
M-12994,2023-08-11,VNM
M-12995,2023-08-11,VNM
M-12996,2023-08-11,VNM
M-12997,2023-08-11,KHM
M-12998,2023-08-11,VNM
M-12999,2023-08-11,VNM
M-13000,2023-08-11,VNM
M-13001,2023-08-11,VNM
M-13002,2023-08-11,VNM
M-13003,2023-08-11,THA
M-13004,2023-08-11,VNM
M-13005,2023-08-11,LAO
M-13006,2023-08-11,VNM
M-13007,2023-08-10,VNM
M-13008,2023-08-11,VNM
M-13009,2023-08-11,VNM
M-13010,2023-08-11,VNM
M-13011,2023-08-11,THA
M-13012,2023-08-11,THA
M-13013,2023-08-11,VNM
M-13014,2023-08-11,VNM
M-13015,2023-08-10,VNM
M-13016,2023-08-11,VNM
M-13017,2023-08-11,VNM
M-13018,2023-08-11,VNM
M-13019,2023-08-11,VNM
M-13020,2023-08-10,THA
M-13021,2023-08-11,THA
M-13022,2023-08-11,VNM
M-13023,2023-08-10,VNM
M-13024,2023-08-11,VNM
M-13025,2023-08-11,KHM
M-13026,2023-08-11,VNM
M-13027,2023-08-11,VNM
M-13028,2023-08-11,VNM
M-13029,2023-08-11,LAO
M-13030,2023-08-10,VNM
M-13031,2023-08-11,CHN
M-13032,2023-08-10,VNM
M-13033,2023-08-10,VNM
M-13034,2023-08-11,VNM
M-13035,2023-08-11,VNM
M-13036,2023-08-10,VNM
M-13037,2023-08-11,VNM
M-13038,2023-08-11,VNM
M-13039,2023-08-11,VNM
M-13040,2023-08-11,VNM
M-13041,2023-08-10,VNM
M-13042,2023-08-11,THA
M-13043,2023-08-11,VNM
M-13044,2023-08-11,LAO
M-13045,2023-08-10,VNM
M-13046,2023-08-11,VNM
M-13047,2023-08-11,VNM
M-13048,2023-08-11,VNM
M-13049,2023-08-11,VNM
M-13050,2023-08-11,VNM
M-13051,2023-08-11,VNM
M-13052,2023-08-11,VNM
M-13053,2023-08-11,VNM
M-13054,2023-08-11,LAO
M-13055,2023-08-11,VNM
M-13056,2023-08-11,VNM
M-13057,2023-08-11,VNM
M-13058,2023-08-11,VNM
M-13059,2023-08-10,VNM
M-13060,2023-08-11,VNM
M-13061,2023-08-11,VNM
M-13062,2023-08-11,VNM
M-13063,2023-08-11,VNM
M-13064,2023-08-11,VNM
M-13065,2023-08-10,KHM
M-13066,2023-08-11,VNM
M-13067,2023-08-11,THA
M-13068,2023-08-11,VNM
M-13069,2023-08-11,VNM
M-13070,2023-08-11,VNM
M-13071,2023-08-11,VNM
M-13072,2023-08-11,THA
M-13073,2023-08-11,VNM
M-13074,2023-08-10,VNM
M-13075,2023-08-10,THA
M-13076,2023-08-11,VNM
M-13077,2023-08-11,VNM
M-13078,2023-08-11,VNM
M-13079,2023-08-11,VNM
M-13080,2023-08-11,VNM
M-13081,2023-08-11,VNM
M-13082,2023-08-10,THA
M-13083,2023-08-11,VNM
M-13084,2023-08-11,VNM
M-13085,2023-08-11,VNM
M-13086,2023-08-11,VNM
M-13087,2023-08-10,THA
M-13088,2023-08-11,THA
M-13089,2023-08-10,VNM
M-13090,2023-08-11,VNM
M-13091,2023-08-11,THA
M-13092,2023-08-11,VNM
M-13093,2023-08-11,VNM
M-13094,2023-08-11,VNM
M-13095,2023-08-11,VNM
M-13096,2023-08-11,VNM
M-13097,2023-08-11,VNM
M-13098,2023-08-11,VNM
M-13099,2023-08-10,VNM
M-13100,2023-08-11,VNM
M-13101,2023-08-11,VNM
M-13102,2023-08-11,VNM
M-13103,2023-08-11,VNM
M-13104,2023-08-11,VNM
M-13105,2023-08-11,VNM
M-13106,2023-08-11,VNM
M-13107,2023-08-11,VNM
M-13108,2023-08-11,VNM
M-13109,2023-08-11,VNM
M-13110,2023-08-10,VNM
M-13111,2023-08-11,VNM
M-13112,2023-08-11,VNM
M-13113,2023-08-11,VNM
M-13114,2023-08-11,VNM
M-13115,2023-08-11,VNM
M-13116,2023-08-11,VNM
M-13117,2023-08-11,VNM
M-13118,2023-08-11,VNM
M-13119,2023-08-11,KHM
M-13120,2023-08-11,VNM
M-13121,2023-08-11,VNM
M-13122,2023-08-11,VNM
M-13123,2023-08-11,VNM
M-13124,2023-08-11,VNM
M-13125,2023-08-11,VNM
M-13126,2023-08-11,LAO
M-13127,2023-08-11,LAO
M-13128,2023-08-11,VNM
M-13129,2023-08-11,KHM
M-13130,2023-08-11,KHM
M-13131,2023-08-11,KHM
M-13132,2023-08-10,VNM
M-13133,2023-08-11,VNM
M-13134,2023-08-11,VNM
M-13135,2023-08-10,VNM
M-13136,2023-08-10,VNM
M-13137,2023-08-11,VNM
M-13138,2023-08-11,THA
M-13139,2023-08-11,VNM
M-13140,2023-08-11,VNM
M-13141,2023-08-10,KHM
M-13142,2023-08-11,VNM
M-13143,2023-08-10,VNM
M-13144,2023-08-10,VNM
M-13145,2023-08-11,VNM
M-13146,2023-08-11,THA
M-13147,2023-08-11,KHM
M-13148,2023-08-11,VNM
M-13149,2023-08-11,VNM
M-13150,2023-08-10,VNM
M-13151,2023-08-11,VNM
M-13152,2023-08-11,VNM
M-13153,2023-08-11,VNM
M-13154,2023-08-11,VNM
M-13155,2023-08-11,VNM
M-13156,2023-08-11,VNM
M-13157,2023-08-11,THA
M-13158,2023-08-11,VNM
M-13159,2023-08-11,VNM
M-13160,2023-08-10,VNM
M-13161,2023-08-11,VNM
M-13162,2023-08-11,VNM
M-13163,2023-08-11,THA
M-13164,2023-08-10,VNM
M-13165,2023-08-11,VNM
M-13166,2023-08-11,VNM
M-13167,2023-08-11,VNM
M-13168,2023-08-10,VNM
M-13169,2023-08-11,VNM
M-13170,2023-08-11,VNM
M-13171,2023-08-11,KHM
M-13172,2023-08-11,VNM
M-13173,2023-08-11,VNM
M-13174,2023-08-11,VNM
M-13175,2023-08-11,VNM
M-13176,2023-08-11,THA
M-13177,2023-08-11,VNM
M-13178,2023-08-11,VNM
M-13179,2023-08-11,VNM
M-13180,2023-08-11,VNM
M-13181,2023-08-11,VNM
M-13182,2023-08-11,KHM
M-13183,2023-08-11,KHM
M-13184,2023-08-11,VNM
M-13185,2023-08-11,VNM
M-13186,2023-08-10,LAO
M-13187,2023-08-11,VNM
M-13188,2023-08-11,VNM
M-13189,2023-08-11,VNM
M-13190,2023-08-11,VNM
M-13191,2023-08-11,VNM
M-13192,2023-08-11,VNM
M-13193,2023-08-11,THA
M-13194,2023-08-11,THA
M-13195,2023-08-10,VNM
M-13196,2023-08-11,KHM
M-13197,2023-08-11,VNM
M-13198,2023-08-11,VNM
M-13199,2023-08-11,VNM
M-13200,2023-08-11,VNM
M-13201,2023-08-11,VNM
M-13202,2023-08-10,VNM
M-13203,2023-08-11,KHM
M-13204,2023-08-11,THA
M-13205,2023-08-10,VNM
M-13206,2023-08-11,VNM
M-13207,2023-08-11,VNM
M-13208,2023-08-11,VNM
M-13209,2023-08-10,VNM
M-13210,2023-08-11,VNM
M-13211,2023-08-11,KHM
M-13212,2023-08-10,VNM
M-13213,2023-08-11,VNM
M-13214,2023-08-11,VNM
M-13215,2023-08-11,VNM
M-13216,2023-08-11,VNM
M-13217,2023-08-10,VNM
M-13218,2023-08-11,LAO
M-13219,2023-08-11,THA
M-13220,2023-08-10,THA
M-13221,2023-08-11,VNM
M-13222,2023-08-11,VNM
M-13223,2023-08-11,VNM
M-13224,2023-08-10,VNM
M-13225,2023-08-11,VNM
M-13226,2023-08-11,VNM
M-13227,2023-08-11,VNM
M-13228,2023-08-11,VNM
M-13229,2023-08-11,VNM
M-13230,2023-08-11,THA
M-13231,2023-08-11,VNM
M-13232,2023-08-11,LAO
M-13233,2023-08-11,VNM
M-13234,2023-08-11,VNM
M-13235,2023-08-11,VNM
M-13236,2023-08-11,VNM
M-13237,2023-08-11,VNM
M-13238,2023-08-10,VNM
M-13239,2023-08-11,VNM
M-13240,2023-08-11,LAO
M-13241,2023-08-11,VNM
M-13242,2023-08-10,VNM
M-13243,2023-08-11,THA
H-4178,2023-08-11,VNM
H-4179,2023-08-11,VNM
H-4180,2023-08-11,VNM
H-4181,2023-08-11,VNM
H-4182,2023-08-11,KHM
H-4183,2023-08-11,VNM
H-4184,2023-08-11,VNM
H-4185,2023-08-11,VNM
H-4186,2023-08-11,KHM
H-4187,2023-08-11,KHM
H-4188,2023-08-11,LAO
H-4189,2023-08-11,VNM
H-4190,2023-08-11,VNM
H-4191,2023-08-11,VNM
H-4192,2023-08-11,VNM
H-4193,2023-08-11,VNM
H-4194,2023-08-11,VNM
H-4195,2023-08-11,KHM
H-4196,2023-08-11,KHM
H-4197,2023-08-11,VNM
H-4198,2023-08-11,VNM
H-4199,2023-08-11,VNM
H-4200,2023-08-11,VNM
H-4201,2023-08-11,VNM
H-4202,2023-08-11,VNM
H-4203,2023-08-11,VNM
H-4204,2023-08-11,VNM
H-4205,2023-08-11,VNM
H-4206,2023-08-11,VNM
H-4207,2023-08-11,VNM
H-4208,2023-08-11,VNM
H-4209,2023-08-11,VNM
H-4210,2023-08-11,VNM
H-4211,2023-08-11,VNM
H-4212,2023-08-11,VNM
H-4213,2023-08-11,VNM
H-4214,2023-08-11,VNM
H-4215,2023-08-11,VNM
H-4216,2023-08-11,VNM
H-4217,2023-08-11,LAO
H-4218,2023-08-11,VNM
H-4219,2023-08-11,VNM
H-4220,2023-08-11,VNM
H-4221,2023-08-11,VNM
H-4222,2023-08-11,VNM
H-4223,2023-08-11,VNM
H-4224,2023-08-11,VNM
H-4225,2023-08-11,VNM
H-4226,2023-08-11,THA
H-4227,2023-08-11,VNM
H-4228,2023-08-11,VNM
H-4229,2023-08-11,VNM
H-4230,2023-08-11,LAO
H-4231,2023-08-11,VNM
H-4232,2023-08-11,VNM
H-4233,2023-08-11,KHM
H-4234,2023-08-11,VNM
H-4235,2023-08-11,VNM
H-4236,2023-08-11,VNM
H-4237,2023-08-11,THA
H-4238,2023-08-11,THA
H-4239,2023-08-11,VNM
H-4240,2023-08-11,VNM
H-4241,2023-08-11,THA
H-4242,2023-08-11,VNM
H-4243,2023-08-11,VNM
H-4244,2023-08-11,VNM
H-4245,2023-08-11,VNM
H-4246,2023-08-11,CHN
H-4247,2023-08-11,VNM
H-4248,2023-08-11,THA
H-4249,2023-08-11,VNM
H-4250,2023-08-11,VNM
H-4251,2023-08-11,VNM
H-4252,2023-08-11,VNM
H-4253,2023-08-11,VNM
H-4254,2023-08-11,VNM
H-4255,2023-08-11,VNM
H-4256,2023-08-11,LAO
H-4257,2023-08-11,THA
H-4258,2023-08-11,VNM
H-4259,2023-08-11,VNM
H-4260,2023-08-11,VNM
H-4261,2023-08-11,VNM
H-4262,2023-08-11,VNM
H-4263,2023-08-11,VNM
H-4264,2023-08-11,VNM
H-4265,2023-08-11,KHM
H-4266,2023-08-11,VNM
H-4267,2023-08-11,VNM
H-4268,2023-08-11,VNM
H-4269,2023-08-11,VNM
H-4270,2023-08-11,VNM
H-4271,2023-08-11,VNM
H-4272,2023-08-11,VNM
H-4273,2023-08-11,VNM
H-4274,2023-08-11,VNM
H-4275,2023-08-11,VNM
H-4276,2023-08-11,VNM
H-4277,2023-08-11,VNM
H-4278,2023-08-11,KHM
H-4279,2023-08-11,VNM
H-4280,2023-08-11,VNM
H-4281,2023-08-11,VNM
H-4282,2023-08-11,VNM
H-4283,2023-08-11,VNM
H-4284,2023-08-11,VNM
H-4285,2023-08-11,VNM
H-4286,2023-08-11,VNM
H-4287,2023-08-11,VNM
H-4288,2023-08-11,VNM
H-4289,2023-08-11,KHM
H-4290,2023-08-11,VNM
H-4291,2023-08-11,LAO
H-4292,2023-08-11,VNM
H-4293,2023-08-11,VNM
H-4294,2023-08-11,VNM
H-4295,2023-08-11,VNM
H-4296,2023-08-11,VNM
H-4297,2023-08-11,VNM
H-4298,2023-08-11,VNM
H-4299,2023-08-11,VNM
H-4300,2023-08-11,CHN
H-4301,2023-08-11,VNM
H-4302,2023-08-11,VNM
H-4303,2023-08-11,VNM
H-4304,2023-08-11,VNM
H-4305,2023-08-11,VNM
H-4306,2023-08-11,VNM
H-4307,2023-08-11,VNM
H-4308,2023-08-11,VNM
H-4309,2023-08-11,VNM
H-4310,2023-08-11,VNM
H-4311,2023-08-11,THA
H-4312,2023-08-11,VNM
H-4313,2023-08-11,VNM
H-4314,2023-08-11,VNM
H-4315,2023-08-11,VNM
H-4316,2023-08-11,VNM
H-4317,2023-08-11,VNM
H-4318,2023-08-11,VNM
H-4319,2023-08-11,VNM
H-4320,2023-08-11,KHM
H-4321,2023-08-11,VNM
H-4322,2023-08-11,VNM
H-4323,2023-08-11,VNM
H-4324,2023-08-11,VNM
H-4325,2023-08-11,VNM
H-4326,2023-08-11,VNM
H-4327,2023-08-11,THA
H-4328,2023-08-11,VNM
H-4329,2023-08-11,VNM
H-4330,2023-08-11,VNM
H-4331,2023-08-11,VNM
H-4332,2023-08-11,VNM
H-4333,2023-08-11,VNM
H-4334,2023-08-11,VNM
H-4335,2023-08-11,VNM
H-4336,2023-08-11,KHM
H-4337,2023-08-11,KHM
H-4338,2023-08-11,LAO
H-4339,2023-08-11,VNM
H-4340,2023-08-11,VNM
H-4341,2023-08-11,VNM
H-4342,2023-08-11,VNM
H-4343,2023-08-11,VNM
H-4344,2023-08-11,VNM
H-4345,2023-08-11,VNM
H-4346,2023-08-11,VNM
H-4347,2023-08-11,VNM
H-4348,2023-08-11,THA
H-4349,2023-08-11,VNM
H-4350,2023-08-11,CHN
H-4351,2023-08-11,THA
H-4352,2023-08-11,CHN
H-4353,2023-08-11,VNM
H-4354,2023-08-11,KHM
H-4355,2023-08-11,VNM
H-4356,2023-08-11,VNM
H-4357,2023-08-11,VNM
H-4358,2023-08-11,VNM
H-4359,2023-08-11,THA
H-4360,2023-08-11,VNM
H-4361,2023-08-11,VNM
H-4362,2023-08-11,VNM
H-4363,2023-08-11,VNM
H-4364,2023-08-11,VNM
H-4365,2023-08-11,VNM
H-4366,2023-08-11,VNM
H-4367,2023-08-11,VNM
H-4368,2023-08-11,VNM
H-4369,2023-08-11,VNM
H-4370,2023-08-11,VNM
H-4371,2023-08-11,VNM
H-4372,2023-08-11,VNM
H-4373,2023-08-11,KHM
H-4374,2023-08-11,VNM
H-4375,2023-08-11,VNM
H-4376,2023-08-11,VNM
H-4377,2023-08-11,VNM
H-4378,2023-08-11,VNM
H-4379,2023-08-11,VNM
H-4380,2023-08-11,VNM
H-4381,2023-08-11,VNM
H-4382,2023-08-11,VNM
H-4383,2023-08-11,KHM
H-4384,2023-08-11,VNM
H-4385,2023-08-11,VNM
H-4386,2023-08-11,VNM
H-4387,2023-08-11,VNM
H-4388,2023-08-11,VNM
H-4389,2023-08-11,VNM
H-4390,2023-08-11,VNM
H-4391,2023-08-11,VNM
H-4392,2023-08-11,VNM
H-4393,2023-08-11,VNM
H-4394,2023-08-11,VNM
H-4395,2023-08-11,KHM
H-4396,2023-08-11,VNM
H-4397,2023-08-11,VNM
H-4398,2023-08-11,VNM
H-4399,2023-08-11,THA
H-4400,2023-08-11,THA
H-4401,2023-08-11,VNM
H-4402,2023-08-11,VNM
H-4403,2023-08-11,VNM
H-4404,2023-08-11,VNM
H-4405,2023-08-11,VNM
H-4406,2023-08-11,VNM
H-4407,2023-08-11,VNM
H-4408,2023-08-11,VNM
H-4409,2023-08-11,VNM
H-4410,2023-08-11,LAO
H-4411,2023-08-11,VNM
H-4412,2023-08-11,VNM
H-4413,2023-08-11,VNM
H-4414,2023-08-11,CHN
H-4415,2023-08-11,VNM
H-4416,2023-08-11,VNM
H-4417,2023-08-11,VNM
H-4418,2023-08-11,VNM
H-4419,2023-08-11,VNM
H-4420,2023-08-11,VNM
H-4421,2023-08-11,VNM
H-4422,2023-08-11,VNM
H-4423,2023-08-11,VNM
H-4424,2023-08-11,LAO
H-4425,2023-08-11,VNM
H-4426,2023-08-11,VNM
H-4427,2023-08-11,VNM
H-4428,2023-08-11,VNM
H-4429,2023-08-11,VNM
H-4430,2023-08-11,VNM
H-4431,2023-08-11,VNM
H-4432,2023-08-11,VNM
H-4433,2023-08-11,VNM
H-4434,2023-08-11,VNM
H-4435,2023-08-11,VNM
H-4436,2023-08-11,VNM
H-4437,2023-08-11,VNM
H-4438,2023-08-11,KHM
H-4439,2023-08-11,KHM
H-4440,2023-08-11,VNM
H-4441,2023-08-11,VNM
H-4442,2023-08-11,VNM
H-4443,2023-08-11,KHM
H-4444,2023-08-11,VNM
H-4445,2023-08-11,VNM
H-4446,2023-08-11,VNM
H-4447,2023-08-11,VNM
H-4448,2023-08-11,VNM
H-4449,2023-08-11,VNM
H-4450,2023-08-11,VNM
H-4451,2023-08-11,VNM
H-4452,2023-08-11,THA
H-4453,2023-08-11,VNM
H-4454,2023-08-11,VNM
H-4455,2023-08-11,VNM
H-4456,2023-08-11,THA
H-4457,2023-08-11,VNM
H-4458,2023-08-11,VNM
H-4459,2023-08-11,VNM
H-4460,2023-08-11,VNM
H-4461,2023-08-11,VNM
H-4462,2023-08-11,VNM
H-4463,2023-08-11,VNM
H-4464,2023-08-11,VNM
H-4465,2023-08-11,VNM
H-4466,2023-08-11,VNM
H-4467,2023-08-11,VNM
H-4468,2023-08-11,VNM
H-4469,2023-08-11,VNM
H-4470,2023-08-11,VNM
H-4471,2023-08-11,VNM
H-4472,2023-08-11,VNM
H-4473,2023-08-11,VNM
H-4474,2023-08-11,VNM
H-4475,2023-08-11,VNM
H-4476,2023-08-11,VNM
H-4477,2023-08-11,VNM
H-4478,2023-08-11,VNM
H-4479,2023-08-11,VNM
H-4480,2023-08-11,THA
H-4481,2023-08-11,VNM
H-4482,2023-08-11,VNM
H-4483,2023-08-11,VNM
H-4484,2023-08-11,VNM
H-4485,2023-08-11,VNM
H-4486,2023-08-11,VNM
H-4487,2023-08-11,VNM
H-4488,2023-08-11,VNM
H-4489,2023-08-11,VNM
H-4490,2023-08-11,VNM
H-4491,2023-08-11,VNM
H-4492,2023-08-11,VNM
H-4493,2023-08-11,VNM
H-4494,2023-08-11,VNM
H-4495,2023-08-11,VNM
H-4496,2023-08-11,VNM
H-4497,2023-08-11,THA
H-4498,2023-08-11,VNM
H-4499,2023-08-11,CHN
H-4500,2023-08-11,THA
H-4501,2023-08-11,VNM
H-4502,2023-08-11,VNM
H-4503,2023-08-11,VNM
H-4504,2023-08-11,VNM
H-4505,2023-08-11,VNM
H-4506,2023-08-11,LAO
H-4507,2023-08-11,VNM
H-4508,2023-08-11,VNM
H-4509,2023-08-11,VNM
H-4510,2023-08-11,VNM
H-4511,2023-08-11,VNM
H-4512,2023-08-11,VNM
H-4513,2023-08-11,VNM
H-4514,2023-08-11,KHM
H-4515,2023-08-11,THA
H-4516,2023-08-11,KHM
H-4517,2023-08-11,VNM
H-4518,2023-08-11,KHM
H-4519,2023-08-11,KHM
H-4520,2023-08-11,THA
H-4521,2023-08-11,THA
H-4522,2023-08-11,VNM
H-4523,2023-08-11,VNM
H-4524,2023-08-11,VNM
H-4525,2023-08-11,VNM
H-4526,2023-08-11,VNM
H-4527,2023-08-11,VNM
H-4528,2023-08-11,VNM
H-4529,2023-08-11,VNM
H-4530,2023-08-11,VNM
H-4531,2023-08-11,VNM
H-4532,2023-08-11,VNM
H-4533,2023-08-11,VNM
H-4534,2023-08-11,VNM
H-4535,2023-08-11,VNM
H-4536,2023-08-11,VNM
H-4537,2023-08-11,VNM
H-4538,2023-08-11,VNM
H-4539,2023-08-11,VNM
H-4540,2023-08-11,KHM
H-4541,2023-08-11,VNM
H-4542,2023-08-11,KHM
H-4543,2023-08-11,VNM
H-4544,2023-08-11,VNM
H-4545,2023-08-11,VNM
H-4546,2023-08-11,CHN
H-4547,2023-08-11,VNM
H-4548,2023-08-11,THA
H-4549,2023-08-11,VNM
H-4550,2023-08-11,LAO
H-4551,2023-08-11,LAO
H-4552,2023-08-11,VNM
H-4553,2023-08-11,VNM
H-4554,2023-08-11,VNM
H-4555,2023-08-11,VNM
H-4556,2023-08-11,VNM
H-4557,2023-08-11,LAO
H-4558,2023-08-11,VNM
H-4559,2023-08-11,KHM
H-4560,2023-08-11,VNM
H-4561,2023-08-11,KHM
H-4562,2023-08-11,VNM
H-4563,2023-08-11,VNM
H-4564,2023-08-11,VNM
H-4565,2023-08-11,THA
H-4566,2023-08-11,VNM
H-4567,2023-08-11,KHM
H-4568,2023-08-11,VNM
H-4569,2023-08-11,VNM
H-4570,2023-08-11,VNM
H-4571,2023-08-11,VNM
H-4572,2023-08-11,VNM
H-4573,2023-08-11,VNM
H-4574,2023-08-11,VNM
H-4575,2023-08-11,THA
H-4576,2023-08-11,KHM
H-4577,2023-08-11,KHM
H-4578,2023-08-11,THA
H-4579,2023-08-11,VNM
H-4580,2023-08-11,VNM
H-4581,2023-08-11,VNM
H-4582,2023-08-11,VNM
H-4583,2023-08-11,VNM
H-4584,2023-08-11,VNM
H-4585,2023-08-11,VNM
H-4586,2023-08-11,VNM
H-4587,2023-08-11,THA
H-4588,2023-08-11,VNM
H-4589,2023-08-11,VNM
H-4590,2023-08-11,VNM
H-4591,2023-08-11,VNM
H-4592,2023-08-11,THA
H-4593,2023-08-11,VNM
H-4594,2023-08-11,VNM
H-4595,2023-08-11,VNM
H-4596,2023-08-11,VNM
H-4597,2023-08-11,KHM
H-4598,2023-08-11,VNM
H-4599,2023-08-11,VNM
H-4600,2023-08-11,VNM
H-4601,2023-08-11,VNM
H-4602,2023-08-11,KHM
H-4603,2023-08-11,THA
H-4604,2023-08-11,VNM
H-4605,2023-08-11,THA
H-4606,2023-08-11,VNM
H-4607,2023-08-11,VNM
H-4608,2023-08-11,VNM
H-4609,2023-08-11,VNM
H-4610,2023-08-11,VNM
H-4611,2023-08-11,VNM
H-4612,2023-08-11,VNM
H-4613,2023-08-11,THA
H-4614,2023-08-11,VNM
H-4615,2023-08-11,VNM
H-4616,2023-08-11,VNM
H-4617,2023-08-11,VNM
H-4618,2023-08-11,VNM
H-4619,2023-08-11,VNM
H-4620,2023-08-11,THA
H-4621,2023-08-11,THA
H-4622,2023-08-11,VNM
H-4623,2023-08-11,VNM
H-4624,2023-08-11,VNM
H-4625,2023-08-11,VNM
H-4626,2023-08-11,THA
H-4627,2023-08-11,VNM
H-4628,2023-08-11,VNM
H-4629,2023-08-11,VNM
H-4630,2023-08-11,VNM
H-4631,2023-08-11,VNM
H-4632,2023-08-11,KHM
H-4633,2023-08-11,VNM
H-4634,2023-08-11,VNM
M-13244,2023-08-11,VNM
M-13245,2023-08-11,THA
M-13246,2023-08-11,VNM
M-13247,2023-08-11,VNM
M-13248,2023-08-11,CHN
M-13249,2023-08-11,VNM
M-13250,2023-08-11,VNM
M-13251,2023-08-11,VNM
M-13252,2023-08-11,VNM
M-13253,2023-08-11,VNM
M-13254,2023-08-11,THA
M-13255,2023-08-11,VNM
M-13256,2023-08-11,KHM
M-13257,2023-08-11,CHN
M-13258,2023-08-11,VNM
M-13259,2023-08-11,VNM
M-13260,2023-08-11,VNM
M-13261,2023-08-11,VNM
M-13262,2023-08-11,VNM
M-13263,2023-08-11,VNM
M-13264,2023-08-11,VNM
M-13265,2023-08-11,VNM
M-13266,2023-08-11,LAO
M-13267,2023-08-11,VNM
M-13268,2023-08-11,VNM
M-13269,2023-08-11,VNM
M-13270,2023-08-11,VNM
M-13271,2023-08-11,THA
M-13272,2023-08-11,THA
M-13273,2023-08-11,LAO
M-13274,2023-08-11,VNM
M-13275,2023-08-11,VNM
M-13276,2023-08-11,VNM
M-13277,2023-08-11,VNM
M-13278,2023-08-11,VNM
M-13279,2023-08-11,CHN
M-13280,2023-08-11,VNM
M-13281,2023-08-11,THA
M-13282,2023-08-11,VNM
M-13283,2023-08-11,VNM
M-13284,2023-08-11,VNM
M-13285,2023-08-11,VNM
M-13286,2023-08-11,VNM
M-13287,2023-08-11,VNM
M-13288,2023-08-11,VNM
M-13289,2023-08-11,VNM
M-13290,2023-08-11,VNM
M-13291,2023-08-11,VNM
M-13292,2023-08-11,VNM
M-13293,2023-08-11,VNM
M-13294,2023-08-11,KHM
M-13295,2023-08-11,VNM
M-13296,2023-08-11,KHM
M-13297,2023-08-11,LAO
M-13298,2023-08-11,VNM
M-13299,2023-08-11,VNM
M-13300,2023-08-11,VNM
M-13301,2023-08-11,VNM
M-13302,2023-08-11,VNM
M-13303,2023-08-11,VNM
M-13304,2023-08-11,VNM
M-13305,2023-08-11,KHM
M-13306,2023-08-11,VNM
M-13307,2023-08-11,VNM
M-13308,2023-08-11,VNM
M-13309,2023-08-11,VNM
M-13310,2023-08-11,VNM
M-13311,2023-08-11,VNM
M-13312,2023-08-11,VNM
M-13313,2023-08-11,THA
M-13314,2023-08-11,KHM
M-13315,2023-08-11,VNM
M-13316,2023-08-11,VNM
M-13317,2023-08-11,THA
M-13318,2023-08-11,VNM
M-13319,2023-08-11,VNM
M-13320,2023-08-11,VNM
M-13321,2023-08-11,VNM
M-13322,2023-08-11,VNM
M-13323,2023-08-11,VNM
M-13324,2023-08-11,VNM
M-13325,2023-08-11,VNM
M-13326,2023-08-11,VNM
M-13327,2023-08-11,VNM
M-13328,2023-08-11,VNM
M-13329,2023-08-11,VNM
M-13330,2023-08-11,VNM
M-13331,2023-08-11,VNM
M-13332,2023-08-11,VNM
M-13333,2023-08-11,VNM
M-13334,2023-08-11,VNM
M-13335,2023-08-11,LAO
M-13336,2023-08-11,VNM
M-13337,2023-08-11,VNM
M-13338,2023-08-11,VNM
M-13339,2023-08-11,VNM
M-13340,2023-08-11,VNM
M-13341,2023-08-11,VNM
M-13342,2023-08-11,VNM
M-13343,2023-08-11,VNM
M-13344,2023-08-11,VNM
M-13345,2023-08-11,VNM
M-13346,2023-08-11,VNM
M-13347,2023-08-11,VNM
M-13348,2023-08-11,THA
M-13349,2023-08-11,VNM
M-13350,2023-08-11,VNM
M-13351,2023-08-11,KHM
M-13352,2023-08-11,KHM
M-13353,2023-08-11,VNM
M-13354,2023-08-11,VNM
M-13355,2023-08-11,VNM
M-13356,2023-08-11,KHM
M-13357,2023-08-11,THA
M-13358,2023-08-11,THA
M-13359,2023-08-11,VNM
M-13360,2023-08-11,VNM
M-13361,2023-08-11,VNM
M-13362,2023-08-11,VNM
M-13363,2023-08-11,VNM
M-13364,2023-08-11,VNM
M-13365,2023-08-11,VNM
M-13366,2023-08-11,KHM
M-13367,2023-08-11,VNM
M-13368,2023-08-11,VNM
M-13369,2023-08-11,VNM
M-13370,2023-08-11,THA
M-13371,2023-08-11,THA
M-13372,2023-08-11,VNM
M-13373,2023-08-11,VNM
M-13374,2023-08-11,KHM
M-13375,2023-08-11,VNM
M-13376,2023-08-11,VNM
M-13377,2023-08-11,VNM
M-13378,2023-08-11,VNM
M-13379,2023-08-11,VNM
M-13380,2023-08-11,VNM
M-13381,2023-08-11,VNM
M-13382,2023-08-11,VNM
M-13383,2023-08-11,VNM
M-13384,2023-08-11,VNM
M-13385,2023-08-11,VNM
M-13386,2023-08-11,VNM
M-13387,2023-08-11,VNM
M-13388,2023-08-11,VNM
M-13389,2023-08-11,THA
M-13390,2023-08-11,VNM
M-13391,2023-08-11,VNM
M-13392,2023-08-11,VNM
M-13393,2023-08-11,VNM
M-13394,2023-08-11,VNM
M-13395,2023-08-11,VNM
M-13396,2023-08-11,VNM
M-13397,2023-08-11,THA
M-13398,2023-08-11,THA
M-13399,2023-08-11,THA
M-13400,2023-08-11,VNM
M-13401,2023-08-11,VNM
M-13402,2023-08-11,VNM
M-13403,2023-08-11,VNM
M-13404,2023-08-11,VNM
M-13405,2023-08-11,VNM
M-13406,2023-08-11,VNM
M-13407,2023-08-11,VNM
M-13408,2023-08-11,VNM
M-13409,2023-08-11,KHM
M-13410,2023-08-11,KHM
M-13411,2023-08-11,VNM
M-13412,2023-08-11,VNM
M-13413,2023-08-11,VNM
M-13414,2023-08-11,VNM
M-13415,2023-08-11,THA
M-13416,2023-08-11,VNM
M-13417,2023-08-11,VNM
M-13418,2023-08-11,VNM
M-13419,2023-08-11,VNM
M-13420,2023-08-11,THA
M-13421,2023-08-11,THA
M-13422,2023-08-11,THA
M-13423,2023-08-11,VNM
M-13424,2023-08-11,VNM
M-13425,2023-08-11,VNM
M-13426,2023-08-11,VNM
M-13427,2023-08-11,VNM
M-13428,2023-08-11,VNM
M-13429,2023-08-11,VNM
M-13430,2023-08-11,VNM
M-13431,2023-08-11,VNM
M-13432,2023-08-11,VNM
M-13433,2023-08-11,VNM
M-13434,2023-08-11,THA
M-13435,2023-08-11,THA
M-13436,2023-08-11,KHM
M-13437,2023-08-11,VNM
M-13438,2023-08-11,VNM
M-13439,2023-08-11,VNM
M-13440,2023-08-11,VNM
M-13441,2023-08-11,VNM
M-13442,2023-08-11,VNM
M-13443,2023-08-11,VNM
M-13444,2023-08-11,VNM
M-13445,2023-08-11,VNM
M-13446,2023-08-11,VNM
M-13447,2023-08-11,VNM
M-13448,2023-08-11,VNM
M-13449,2023-08-11,VNM
M-13450,2023-08-11,VNM
M-13451,2023-08-11,VNM
M-13452,2023-08-11,VNM
M-13453,2023-08-11,VNM
M-13454,2023-08-11,VNM
M-13455,2023-08-11,VNM
M-13456,2023-08-11,VNM
M-13457,2023-08-11,VNM
M-13458,2023-08-11,VNM
M-13459,2023-08-11,VNM
M-13460,2023-08-11,VNM
M-13461,2023-08-11,VNM
M-13462,2023-08-11,VNM
M-13463,2023-08-11,VNM
M-13464,2023-08-11,VNM
M-13465,2023-08-11,VNM
M-13466,2023-08-11,VNM
M-13467,2023-08-11,VNM
M-13468,2023-08-11,KHM
M-13469,2023-08-11,KHM
M-13470,2023-08-11,KHM
M-13471,2023-08-11,THA
M-13472,2023-08-11,VNM
M-13473,2023-08-11,VNM
M-13474,2023-08-11,VNM
M-13475,2023-08-11,VNM
M-13476,2023-08-11,KHM
M-13477,2023-08-11,VNM
M-13478,2023-08-11,VNM
M-13479,2023-08-11,VNM
M-13480,2023-08-11,VNM
M-13481,2023-08-11,THA
M-13482,2023-08-11,VNM
M-13483,2023-08-11,VNM
M-13484,2023-08-11,VNM
M-13485,2023-08-11,VNM
M-13486,2023-08-11,VNM
M-13487,2023-08-11,CHN
M-13488,2023-08-11,VNM
M-13489,2023-08-11,VNM
M-13490,2023-08-11,VNM
M-13491,2023-08-11,VNM
M-13492,2023-08-11,VNM
M-13493,2023-08-11,VNM
M-13494,2023-08-11,VNM
M-13495,2023-08-11,LAO
M-13496,2023-08-11,LAO
M-13497,2023-08-11,VNM
M-13498,2023-08-11,VNM
M-13499,2023-08-11,LAO
M-13500,2023-08-11,VNM
M-13501,2023-08-11,VNM
M-13502,2023-08-11,VNM
M-13503,2023-08-11,VNM
M-13504,2023-08-11,VNM
M-13505,2023-08-11,VNM
M-13506,2023-08-11,VNM
M-13507,2023-08-11,VNM
M-13508,2023-08-11,VNM
M-13509,2023-08-11,VNM
M-13510,2023-08-11,KHM
M-13511,2023-08-11,VNM
M-13512,2023-08-11,VNM
M-13513,2023-08-11,VNM
M-13514,2023-08-11,VNM
M-13515,2023-08-11,VNM
M-13516,2023-08-11,VNM
M-13517,2023-08-11,THA
M-13518,2023-08-11,VNM
M-13519,2023-08-11,VNM
M-13520,2023-08-11,VNM
M-13521,2023-08-11,VNM
M-13522,2023-08-11,VNM
M-13523,2023-08-11,VNM
M-13524,2023-08-11,VNM
M-13525,2023-08-11,VNM
M-13526,2023-08-11,VNM
M-13527,2023-08-11,VNM
M-13528,2023-08-11,VNM
M-13529,2023-08-11,VNM
M-13530,2023-08-11,VNM
M-13531,2023-08-11,VNM
M-13532,2023-08-11,VNM
M-13533,2023-08-11,VNM
M-13534,2023-08-11,VNM
M-13535,2023-08-11,VNM
M-13536,2023-08-11,VNM
M-13537,2023-08-11,KHM
M-13538,2023-08-11,KHM
M-13539,2023-08-11,VNM
M-13540,2023-08-11,VNM
M-13541,2023-08-11,VNM
M-13542,2023-08-11,VNM
M-13543,2023-08-11,THA
M-13544,2023-08-11,THA
M-13545,2023-08-11,THA
M-13546,2023-08-11,THA
M-13547,2023-08-11,KHM
M-13548,2023-08-11,KHM
M-13549,2023-08-11,VNM
M-13550,2023-08-11,KHM
M-13551,2023-08-11,VNM
M-13552,2023-08-11,VNM
M-13553,2023-08-11,VNM
M-13554,2023-08-11,VNM
M-13555,2023-08-11,VNM
M-13556,2023-08-11,VNM
M-13557,2023-08-11,VNM
M-13558,2023-08-11,VNM
M-13559,2023-08-11,VNM
M-13560,2023-08-11,VNM
M-13561,2023-08-11,VNM
M-13562,2023-08-11,VNM
M-13563,2023-08-11,VNM
M-13564,2023-08-11,VNM
M-13565,2023-08-11,KHM
M-13566,2023-08-11,KHM
M-13567,2023-08-11,VNM
M-13568,2023-08-11,VNM
M-13569,2023-08-11,VNM
M-13570,2023-08-11,VNM
M-13571,2023-08-11,KHM
M-13572,2023-08-11,LAO
M-13573,2023-08-11,VNM
M-13574,2023-08-11,VNM
M-13575,2023-08-11,VNM
M-13576,2023-08-11,VNM
M-13577,2023-08-11,VNM
M-13578,2023-08-11,VNM
M-13579,2023-08-11,VNM
M-13580,2023-08-11,VNM
M-13581,2023-08-11,VNM
M-13582,2023-08-11,VNM
M-13583,2023-08-11,VNM
M-13584,2023-08-11,VNM
M-13585,2023-08-11,KHM
M-13586,2023-08-11,VNM
M-13587,2023-08-11,KHM
M-13588,2023-08-11,VNM
M-13589,2023-08-11,KHM
M-13590,2023-08-11,VNM
M-13591,2023-08-11,VNM
M-13592,2023-08-11,VNM
M-13593,2023-08-11,VNM
M-13594,2023-08-11,VNM
M-13595,2023-08-11,VNM
M-13596,2023-08-11,VNM
M-13597,2023-08-11,VNM
M-13598,2023-08-11,KHM
M-13599,2023-08-11,KHM
M-13600,2023-08-11,VNM
M-13601,2023-08-11,VNM
M-13602,2023-08-11,VNM
M-13603,2023-08-11,THA
M-13604,2023-08-11,THA
M-13605,2023-08-11,THA
M-13606,2023-08-11,VNM
M-13607,2023-08-11,VNM
M-13608,2023-08-11,VNM
M-13609,2023-08-11,VNM
M-13610,2023-08-11,VNM
M-13611,2023-08-11,KHM
M-13612,2023-08-11,VNM
M-13613,2023-08-11,VNM
M-13614,2023-08-11,VNM
M-13615,2023-08-11,VNM
M-13616,2023-08-11,KHM
M-13617,2023-08-11,KHM
M-13618,2023-08-11,KHM
M-13619,2023-08-11,VNM
M-13620,2023-08-11,VNM
M-13621,2023-08-11,VNM
M-13622,2023-08-11,VNM
M-13623,2023-08-11,VNM
M-13624,2023-08-11,VNM
M-13625,2023-08-11,THA
M-13626,2023-08-11,VNM
M-13627,2023-08-11,VNM
M-13628,2023-08-11,VNM
M-13629,2023-08-11,VNM
M-13630,2023-08-11,KHM
M-13631,2023-08-11,KHM
M-13632,2023-08-11,VNM
M-13633,2023-08-11,VNM
M-13634,2023-08-11,VNM
M-13635,2023-08-11,VNM
M-13636,2023-08-11,VNM
M-13637,2023-08-11,VNM
M-13638,2023-08-11,KHM
M-13639,2023-08-11,VNM
M-13640,2023-08-11,VNM
M-13641,2023-08-11,VNM
M-13642,2023-08-11,VNM
M-13643,2023-08-11,VNM
M-13644,2023-08-11,THA
M-13645,2023-08-11,VNM
M-13646,2023-08-11,VNM
M-13647,2023-08-11,VNM
M-13648,2023-08-11,VNM
M-13649,2023-08-11,VNM
M-13650,2023-08-11,VNM
M-13651,2023-08-11,VNM
M-13652,2023-08-11,VNM
M-13653,2023-08-11,VNM
M-13654,2023-08-11,VNM
M-13655,2023-08-11,VNM
M-13656,2023-08-11,VNM
M-13657,2023-08-11,VNM
M-13658,2023-08-11,VNM
M-13659,2023-08-11,KHM
M-13660,2023-08-11,THA
M-13661,2023-08-11,THA
M-13662,2023-08-11,VNM
M-13663,2023-08-11,VNM
M-13664,2023-08-11,KHM
M-13665,2023-08-11,KHM
M-13666,2023-08-11,KHM
M-13667,2023-08-11,VNM
M-13668,2023-08-11,VNM
M-13669,2023-08-11,VNM
M-13670,2023-08-11,VNM
M-13671,2023-08-11,VNM
M-13672,2023-08-11,VNM
M-13673,2023-08-11,VNM
M-13674,2023-08-11,VNM
M-13675,2023-08-11,VNM
M-13676,2023-08-11,VNM
M-13677,2023-08-11,VNM
M-13678,2023-08-11,VNM
M-13679,2023-08-11,VNM
M-13680,2023-08-11,VNM
M-13681,2023-08-11,VNM
M-13682,2023-08-11,VNM
M-13683,2023-08-11,VNM
M-13684,2023-08-11,VNM
M-13685,2023-08-11,VNM
M-13686,2023-08-11,VNM
M-13687,2023-08-11,VNM
M-13688,2023-08-11,VNM
M-13689,2023-08-11,VNM
M-13690,2023-08-11,VNM
M-13691,2023-08-11,KHM
M-13692,2023-08-11,VNM
M-13693,2023-08-11,VNM
M-13694,2023-08-11,VNM
M-13695,2023-08-11,VNM
M-13696,2023-08-11,VNM
M-13697,2023-08-11,VNM
M-13698,2023-08-11,VNM
M-13699,2023-08-11,THA
M-13700,2023-08-11,VNM
M-13701,2023-08-11,VNM
M-13702,2023-08-11,VNM
M-13703,2023-08-11,THA
M-13704,2023-08-11,VNM
M-13705,2023-08-11,KHM
M-13706,2023-08-11,VNM
M-13707,2023-08-11,VNM
M-13708,2023-08-11,VNM
M-13709,2023-08-11,LAO
M-13710,2023-08-11,VNM
M-13711,2023-08-11,VNM
M-13712,2023-08-11,KHM
M-13713,2023-08-11,KHM
M-13714,2023-08-11,KHM
M-13715,2023-08-11,VNM
M-13716,2023-08-11,VNM
M-13717,2023-08-11,VNM
M-13718,2023-08-11,VNM
M-13719,2023-08-11,VNM
M-13720,2023-08-11,VNM
M-13721,2023-08-11,VNM
M-13722,2023-08-11,VNM
M-13723,2023-08-11,VNM
M-13724,2023-08-11,VNM
M-13725,2023-08-11,KHM
M-13726,2023-08-11,KHM
M-13727,2023-08-11,VNM
M-13728,2023-08-11,KHM
M-13729,2023-08-11,THA
M-13730,2023-08-11,VNM
M-13731,2023-08-11,VNM
M-13732,2023-08-11,VNM
M-13733,2023-08-11,VNM
M-13734,2023-08-11,VNM
M-13735,2023-08-11,VNM
M-13736,2023-08-11,LAO
M-13737,2023-08-11,LAO
M-13738,2023-08-11,VNM
M-13739,2023-08-11,VNM
M-13740,2023-08-11,THA
M-13741,2023-08-11,VNM
M-13742,2023-08-11,VNM
M-13743,2023-08-11,VNM
M-13744,2023-08-11,VNM
M-13745,2023-08-11,KHM
M-13746,2023-08-11,KHM
M-13747,2023-08-11,VNM
M-13748,2023-08-11,KHM
M-13749,2023-08-11,VNM
M-13750,2023-08-11,VNM
M-13751,2023-08-11,VNM
M-13752,2023-08-11,VNM
M-13753,2023-08-11,VNM
M-13754,2023-08-11,VNM
M-13755,2023-08-11,KHM
M-13756,2023-08-11,KHM
M-13757,2023-08-11,VNM
M-13758,2023-08-11,VNM
M-13759,2023-08-11,VNM
M-13760,2023-08-11,VNM
M-13761,2023-08-11,KHM
M-13762,2023-08-11,KHM
M-13763,2023-08-11,VNM
M-13764,2023-08-11,VNM
M-13765,2023-08-11,VNM
M-13766,2023-08-11,VNM
M-13767,2023-08-11,VNM
M-13768,2023-08-11,VNM
M-13769,2023-08-11,VNM
M-13770,2023-08-11,VNM
M-13771,2023-08-11,VNM
M-13772,2023-08-11,VNM
M-13773,2023-08-11,VNM
M-13774,2023-08-11,VNM
M-13775,2023-08-11,VNM
M-13776,2023-08-11,VNM
M-13777,2023-08-11,CHN
M-13778,2023-08-11,VNM
M-13779,2023-08-11,VNM
M-13780,2023-08-11,VNM
M-13781,2023-08-11,VNM
M-13782,2023-08-11,KHM
M-13783,2023-08-11,VNM
M-13784,2023-08-11,THA
M-13785,2023-08-11,THA
M-13786,2023-08-11,THA
M-13787,2023-08-11,VNM
M-13788,2023-08-11,THA
M-13789,2023-08-11,VNM
M-13790,2023-08-11,VNM
M-13791,2023-08-11,VNM
M-13792,2023-08-11,VNM
M-13793,2023-08-11,VNM
M-13794,2023-08-11,VNM
M-13795,2023-08-11,VNM
M-13796,2023-08-11,VNM
M-13797,2023-08-11,VNM
M-13798,2023-08-11,VNM
M-13799,2023-08-11,VNM
M-13800,2023-08-11,VNM
M-13801,2023-08-11,VNM
M-13802,2023-08-11,VNM
M-13803,2023-08-11,VNM
M-13804,2023-08-11,VNM
M-13805,2023-08-11,VNM
M-13806,2023-08-11,VNM
M-13807,2023-08-11,VNM
M-13808,2023-08-11,VNM
M-13809,2023-08-11,VNM
M-13810,2023-08-11,VNM
M-13811,2023-08-11,VNM
M-13812,2023-08-11,VNM
M-13813,2023-08-11,VNM
M-13814,2023-08-11,VNM
M-13815,2023-08-11,THA
M-13816,2023-08-11,THA
M-13817,2023-08-11,VNM
M-13818,2023-08-11,VNM
M-13819,2023-08-11,VNM
M-13820,2023-08-11,VNM
M-13821,2023-08-11,VNM
M-13822,2023-08-11,VNM
M-13823,2023-08-11,VNM
M-13824,2023-08-11,LAO
M-13825,2023-08-11,VNM
M-13826,2023-08-11,VNM
M-13827,2023-08-11,VNM
M-13828,2023-08-11,VNM
M-13829,2023-08-11,VNM
M-13830,2023-08-11,VNM
M-13831,2023-08-11,VNM
M-13832,2023-08-11,VNM
M-13833,2023-08-11,VNM
M-13834,2023-08-11,VNM
M-13835,2023-08-11,VNM
M-13836,2023-08-11,VNM
M-13837,2023-08-11,VNM
M-13838,2023-08-11,VNM
M-13839,2023-08-11,CHN
M-13840,2023-08-11,VNM
M-13841,2023-08-11,VNM
M-13842,2023-08-11,VNM
M-13843,2023-08-11,VNM
M-13844,2023-08-11,VNM
M-13845,2023-08-11,VNM
M-13846,2023-08-11,VNM
M-13847,2023-08-11,VNM
M-13848,2023-08-11,THA
M-13849,2023-08-11,THA
M-13850,2023-08-11,VNM
M-13851,2023-08-11,VNM
M-13852,2023-08-11,THA
M-13853,2023-08-11,THA
M-13854,2023-08-11,THA
M-13855,2023-08-11,THA
M-13856,2023-08-11,THA
M-13857,2023-08-11,VNM
M-13858,2023-08-11,VNM
M-13859,2023-08-11,VNM
M-13860,2023-08-11,VNM
M-13861,2023-08-11,VNM
M-13862,2023-08-11,VNM
M-13863,2023-08-11,VNM
M-13864,2023-08-11,VNM
M-13865,2023-08-11,VNM
M-13866,2023-08-11,VNM
M-13867,2023-08-11,VNM
M-13868,2023-08-11,VNM
M-13869,2023-08-11,VNM
M-13870,2023-08-11,VNM
M-13871,2023-08-11,VNM
M-13872,2023-08-11,VNM
M-13873,2023-08-11,VNM
M-13874,2023-08-11,VNM
M-13875,2023-08-11,VNM
M-13876,2023-08-11,VNM
M-13877,2023-08-11,VNM
M-13878,2023-08-11,VNM
M-13879,2023-08-11,VNM
M-13880,2023-08-11,VNM
M-13881,2023-08-11,VNM
M-13882,2023-08-11,VNM
M-13883,2023-08-11,VNM
M-13884,2023-08-11,VNM
M-13885,2023-08-11,VNM
M-13886,2023-08-11,VNM
M-13887,2023-08-11,KHM
M-13888,2023-08-11,KHM
M-13889,2023-08-11,THA
M-13890,2023-08-11,VNM
M-13891,2023-08-11,VNM
M-13892,2023-08-11,LAO
M-13893,2023-08-11,LAO
M-13894,2023-08-11,VNM
M-13895,2023-08-11,VNM
M-13896,2023-08-11,VNM
M-13897,2023-08-11,VNM
M-13898,2023-08-11,VNM
M-13899,2023-08-11,VNM
M-13900,2023-08-11,VNM
M-13901,2023-08-11,VNM
M-13902,2023-08-11,THA
M-13903,2023-08-11,KHM
M-13904,2023-08-11,KHM
M-13905,2023-08-11,VNM
M-13906,2023-08-11,VNM
M-13907,2023-08-11,VNM
M-13908,2023-08-11,VNM
M-13909,2023-08-11,VNM
M-13910,2023-08-11,VNM
M-13911,2023-08-11,VNM
M-13912,2023-08-11,VNM
M-13913,2023-08-11,VNM
M-13914,2023-08-11,VNM
M-13915,2023-08-11,CHN
M-13916,2023-08-11,VNM
M-13917,2023-08-11,VNM
M-13918,2023-08-11,VNM
M-13919,2023-08-11,VNM
M-13920,2023-08-11,THA
M-13921,2023-08-11,THA
M-13922,2023-08-11,THA
M-13923,2023-08-11,VNM
M-13924,2023-08-11,THA
M-13925,2023-08-11,VNM
M-13926,2023-08-11,VNM
M-13927,2023-08-11,VNM
M-13928,2023-08-11,VNM
M-13929,2023-08-11,VNM
M-13930,2023-08-11,VNM
M-13931,2023-08-11,KHM
M-13932,2023-08-11,KHM
M-13933,2023-08-11,VNM
M-13934,2023-08-11,THA
M-13935,2023-08-11,VNM
M-13936,2023-08-11,VNM
M-13937,2023-08-11,VNM
M-13938,2023-08-11,VNM
M-13939,2023-08-11,VNM
M-13940,2023-08-11,VNM
M-13941,2023-08-11,VNM
M-13942,2023-08-11,VNM
M-13943,2023-08-11,KHM
M-13944,2023-08-11,THA
M-13945,2023-08-11,VNM
M-13946,2023-08-11,VNM
M-13947,2023-08-11,VNM
M-13948,2023-08-11,VNM
M-13949,2023-08-11,VNM
M-13950,2023-08-11,VNM
M-13951,2023-08-11,THA
M-13952,2023-08-11,VNM
M-13953,2023-08-11,VNM
M-13954,2023-08-11,VNM
M-13955,2023-08-11,VNM
M-13956,2023-08-11,VNM
M-13957,2023-08-11,VNM
M-13958,2023-08-11,VNM
M-13959,2023-08-11,THA
M-13960,2023-08-11,VNM
M-13961,2023-08-11,VNM
M-13962,2023-08-11,KHM
M-13963,2023-08-11,VNM
M-13964,2023-08-11,VNM
M-13965,2023-08-11,VNM
M-13966,2023-08-11,VNM
M-13967,2023-08-11,VNM
M-13968,2023-08-11,VNM
M-13969,2023-08-11,VNM
M-13970,2023-08-11,LAO
M-13971,2023-08-11,VNM
M-13972,2023-08-11,VNM
M-13973,2023-08-11,KHM
M-13974,2023-08-11,KHM
M-13975,2023-08-11,VNM
M-13976,2023-08-11,VNM
M-13977,2023-08-11,VNM
M-13978,2023-08-11,VNM
M-13979,2023-08-11,VNM
M-13980,2023-08-11,VNM
M-13981,2023-08-11,VNM
M-13982,2023-08-11,VNM
M-13983,2023-08-11,VNM
M-13984,2023-08-11,VNM
M-13985,2023-08-11,CHN
M-13986,2023-08-11,VNM
M-13987,2023-08-11,THA
M-13988,2023-08-11,THA
M-13989,2023-08-11,THA
M-13990,2023-08-11,VNM
M-13991,2023-08-11,VNM
M-13992,2023-08-11,VNM
M-13993,2023-08-11,VNM
M-13994,2023-08-11,VNM
M-13995,2023-08-11,VNM
M-13996,2023-08-11,VNM
M-13997,2023-08-11,VNM
M-13998,2023-08-11,VNM
M-13999,2023-08-11,VNM
M-14000,2023-08-11,VNM
M-14001,2023-08-11,KHM
M-14002,2023-08-11,VNM
M-14003,2023-08-11,VNM
M-14004,2023-08-11,THA
M-14005,2023-08-11,KHM
M-14006,2023-08-11,VNM
M-14007,2023-08-11,VNM
M-14008,2023-08-11,VNM
M-14009,2023-08-11,VNM
M-14010,2023-08-11,VNM
M-14011,2023-08-11,VNM
M-14012,2023-08-11,VNM
M-14013,2023-08-11,LAO
M-14014,2023-08-11,VNM
M-14015,2023-08-11,VNM
M-14016,2023-08-11,VNM
M-14017,2023-08-11,VNM
M-14018,2023-08-11,VNM
M-14019,2023-08-11,VNM
M-14020,2023-08-11,VNM
M-14021,2023-08-11,THA
M-14022,2023-08-11,THA
M-14023,2023-08-11,VNM
M-14024,2023-08-11,VNM
M-14025,2023-08-11,VNM
M-14026,2023-08-11,VNM
M-14027,2023-08-11,VNM
M-14028,2023-08-11,VNM
M-14029,2023-08-11,KHM
M-14030,2023-08-11,VNM
M-14031,2023-08-11,VNM
M-14032,2023-08-11,THA
M-14033,2023-08-11,VNM
M-14034,2023-08-11,VNM
M-14035,2023-08-11,VNM
M-14036,2023-08-11,KHM
M-14037,2023-08-11,VNM
M-14038,2023-08-11,VNM
M-14039,2023-08-11,VNM
M-14040,2023-08-11,VNM
M-14041,2023-08-11,KHM
M-14042,2023-08-11,VNM
M-14043,2023-08-11,VNM
M-14044,2023-08-11,KHM
M-14045,2023-08-11,VNM
M-14046,2023-08-11,KHM
M-14047,2023-08-11,KHM
M-14048,2023-08-11,KHM
M-14049,2023-08-11,THA
M-14050,2023-08-11,VNM
M-14051,2023-08-11,VNM
M-14052,2023-08-11,VNM
M-14053,2023-08-11,VNM
M-14054,2023-08-11,VNM
M-14055,2023-08-11,VNM
M-14056,2023-08-11,VNM
M-14057,2023-08-11,THA
M-14058,2023-08-11,THA
M-14059,2023-08-11,VNM
M-14060,2023-08-11,VNM
M-14061,2023-08-11,VNM
M-14062,2023-08-11,VNM
M-14063,2023-08-11,VNM
M-14064,2023-08-11,VNM
M-14065,2023-08-11,KHM
M-14066,2023-08-11,VNM
M-14067,2023-08-11,THA
M-14068,2023-08-11,VNM
M-14069,2023-08-11,VNM
M-14070,2023-08-11,VNM
M-14071,2023-08-11,VNM
M-14072,2023-08-11,VNM
M-14073,2023-08-11,VNM
M-14074,2023-08-11,VNM
M-14075,2023-08-11,VNM
M-14076,2023-08-11,VNM
M-14077,2023-08-11,VNM
M-14078,2023-08-11,VNM
M-14079,2023-08-11,VNM
M-14080,2023-08-11,VNM
M-14081,2023-08-11,VNM
M-14082,2023-08-11,VNM
M-14083,2023-08-11,VNM
M-14084,2023-08-11,VNM
M-14085,2023-08-11,KHM
M-14086,2023-08-11,THA
M-14087,2023-08-11,VNM
M-14088,2023-08-11,KHM
M-14089,2023-08-11,KHM
M-14090,2023-08-11,VNM
M-14091,2023-08-11,VNM
M-14092,2023-08-11,VNM
M-14093,2023-08-11,VNM
M-14094,2023-08-11,VNM
M-14095,2023-08-11,VNM
M-14096,2023-08-11,VNM
M-14097,2023-08-11,KHM
M-14098,2023-08-11,KHM
M-14099,2023-08-11,VNM
M-14100,2023-08-11,VNM
M-14101,2023-08-11,LAO
M-14102,2023-08-11,VNM
M-14103,2023-08-11,VNM
M-14104,2023-08-11,VNM
M-14105,2023-08-11,VNM
M-14106,2023-08-11,VNM
M-14107,2023-08-11,VNM
M-14108,2023-08-11,VNM
M-14109,2023-08-11,KHM
M-14110,2023-08-11,KHM
M-14111,2023-08-11,VNM
M-14112,2023-08-11,VNM
M-14113,2023-08-11,LAO
M-14114,2023-08-11,VNM
M-14115,2023-08-11,VNM
M-14116,2023-08-11,VNM
M-14117,2023-08-11,VNM
M-14118,2023-08-11,VNM
M-14119,2023-08-11,VNM
M-14120,2023-08-11,LAO
M-14121,2023-08-11,LAO
M-14122,2023-08-11,LAO
M-14123,2023-08-11,THA
M-14124,2023-08-11,VNM
M-14125,2023-08-11,VNM
M-14126,2023-08-11,VNM
M-14127,2023-08-11,KHM
M-14128,2023-08-11,KHM
M-14129,2023-08-11,THA
M-14130,2023-08-11,VNM
M-14131,2023-08-11,VNM
M-14132,2023-08-11,VNM
M-14133,2023-08-11,VNM
M-14134,2023-08-11,VNM
M-14135,2023-08-11,VNM
M-14136,2023-08-11,THA
M-14137,2023-08-11,THA
M-14138,2023-08-11,KHM
M-14139,2023-08-11,VNM
M-14140,2023-08-11,VNM
M-14141,2023-08-11,VNM
M-14142,2023-08-11,VNM
M-14143,2023-08-11,VNM
M-14144,2023-08-11,VNM
M-14145,2023-08-11,VNM
M-14146,2023-08-11,THA
M-14147,2023-08-11,VNM
M-14148,2023-08-11,VNM
M-14149,2023-08-11,VNM
M-14150,2023-08-11,CHN
M-14151,2023-08-11,VNM
M-14152,2023-08-11,VNM
M-14153,2023-08-11,VNM
M-14154,2023-08-11,VNM
M-14155,2023-08-11,LAO
M-14156,2023-08-11,LAO
M-14157,2023-08-11,VNM
M-14158,2023-08-11,VNM
M-14159,2023-08-11,VNM
M-14160,2023-08-11,VNM
M-14161,2023-08-11,LAO
M-14162,2023-08-11,VNM
M-14163,2023-08-11,VNM
M-14164,2023-08-11,VNM
M-14165,2023-08-11,VNM
M-14166,2023-08-11,VNM
M-14167,2023-08-11,VNM
M-14168,2023-08-11,VNM
M-14169,2023-08-11,VNM
M-14170,2023-08-11,VNM
M-14171,2023-08-11,VNM
M-14172,2023-08-11,VNM
M-14173,2023-08-11,VNM
M-14174,2023-08-11,VNM
M-14175,2023-08-11,VNM
M-14176,2023-08-11,VNM
M-14177,2023-08-11,VNM
M-14178,2023-08-11,VNM
M-14179,2023-08-11,VNM
M-14180,2023-08-11,VNM
M-14181,2023-08-11,VNM
M-14182,2023-08-11,VNM
M-14183,2023-08-11,VNM
M-14184,2023-08-11,VNM
M-14185,2023-08-11,VNM
M-14186,2023-08-11,LAO
M-14187,2023-08-11,LAO
M-14188,2023-08-11,LAO
M-14189,2023-08-11,VNM
M-14190,2023-08-11,VNM
M-14191,2023-08-11,THA
M-14192,2023-08-11,THA
M-14193,2023-08-11,LAO
M-14194,2023-08-11,VNM
M-14195,2023-08-11,VNM
M-14196,2023-08-11,VNM
M-14197,2023-08-11,VNM
M-14198,2023-08-11,VNM
M-14199,2023-08-11,VNM
M-14200,2023-08-11,VNM
M-14201,2023-08-11,VNM
M-14202,2023-08-11,VNM
M-14203,2023-08-11,VNM
M-14204,2023-08-11,VNM
M-14205,2023-08-11,VNM
M-14206,2023-08-11,KHM
M-14207,2023-08-11,KHM
M-14208,2023-08-11,VNM
M-14209,2023-08-11,VNM
M-14210,2023-08-11,VNM
M-14211,2023-08-11,VNM
M-14212,2023-08-11,VNM
M-14213,2023-08-11,VNM
M-14214,2023-08-11,VNM
M-14215,2023-08-11,VNM
M-14216,2023-08-11,VNM
M-14217,2023-08-11,VNM
M-14218,2023-08-11,VNM
M-14219,2023-08-11,VNM
M-14220,2023-08-11,VNM
M-14221,2023-08-11,THA
M-14222,2023-08-11,THA
M-14223,2023-08-11,THA
M-14224,2023-08-11,VNM
M-14225,2023-08-11,VNM
M-14226,2023-08-11,VNM
M-14227,2023-08-11,VNM
M-14228,2023-08-11,VNM
M-14229,2023-08-11,VNM
M-14230,2023-08-11,LAO
M-14231,2023-08-11,KHM
M-14232,2023-08-11,VNM
M-14233,2023-08-11,VNM
M-14234,2023-08-11,VNM
M-14235,2023-08-11,VNM
M-14236,2023-08-11,VNM
M-14237,2023-08-11,VNM
M-14238,2023-08-11,VNM
M-14239,2023-08-11,VNM
M-14240,2023-08-11,KHM
M-14241,2023-08-11,KHM
M-14242,2023-08-11,KHM
M-14243,2023-08-11,VNM
M-14244,2023-08-11,VNM
M-14245,2023-08-11,VNM
M-14246,2023-08-11,VNM
M-14247,2023-08-11,THA
M-14248,2023-08-11,THA
M-14249,2023-08-11,VNM
M-14250,2023-08-11,LAO
M-14251,2023-08-11,LAO
M-14252,2023-08-11,VNM
M-14253,2023-08-11,VNM
M-14254,2023-08-11,VNM
M-14255,2023-08-11,VNM
M-14256,2023-08-11,VNM
M-14257,2023-08-11,VNM
M-14258,2023-08-11,THA
M-14259,2023-08-11,VNM
M-14260,2023-08-11,VNM
M-14261,2023-08-11,KHM
M-14262,2023-08-11,KHM
M-14263,2023-08-11,VNM
M-14264,2023-08-11,THA
M-14265,2023-08-11,THA
M-14266,2023-08-11,VNM
M-14267,2023-08-11,VNM
M-14268,2023-08-11,VNM
M-14269,2023-08-11,VNM
M-14270,2023-08-11,VNM
M-14271,2023-08-11,VNM
M-14272,2023-08-11,VNM
M-14273,2023-08-11,THA
M-14274,2023-08-11,VNM
M-14275,2023-08-11,VNM
M-14276,2023-08-11,VNM
M-14277,2023-08-11,VNM
M-14278,2023-08-11,VNM
M-14279,2023-08-11,VNM
M-14280,2023-08-11,VNM
M-14281,2023-08-11,THA
M-14282,2023-08-11,KHM
M-14283,2023-08-11,VNM
M-14284,2023-08-11,VNM
M-14285,2023-08-11,LAO
M-14286,2023-08-11,VNM
M-14287,2023-08-11,VNM
M-14288,2023-08-11,CHN
M-14289,2023-08-11,VNM
M-14290,2023-08-11,VNM
M-14291,2023-08-11,VNM
M-14292,2023-08-11,VNM
M-14293,2023-08-11,VNM
M-14294,2023-08-11,VNM
M-14295,2023-08-11,THA
M-14296,2023-08-11,VNM
M-14297,2023-08-11,VNM
M-14298,2023-08-11,VNM
M-14299,2023-08-11,VNM
M-14300,2023-08-11,LAO
M-14301,2023-08-11,VNM
M-14302,2023-08-11,VNM
M-14303,2023-08-11,VNM
M-14304,2023-08-11,VNM
M-14305,2023-08-11,VNM
M-14306,2023-08-11,VNM
M-14307,2023-08-11,VNM
M-14308,2023-08-11,VNM
M-14309,2023-08-11,VNM
M-14310,2023-08-11,VNM
M-14311,2023-08-11,VNM
M-14312,2023-08-11,VNM
M-14313,2023-08-11,VNM
M-14314,2023-08-11,VNM
M-14315,2023-08-11,VNM
M-14316,2023-08-11,VNM
M-14317,2023-08-11,VNM
M-14318,2023-08-11,VNM
M-14319,2023-08-11,VNM
M-14320,2023-08-11,VNM
M-14321,2023-08-11,VNM
M-14322,2023-08-11,VNM
M-14323,2023-08-11,THA
M-14324,2023-08-11,VNM
M-14325,2023-08-11,VNM
M-14326,2023-08-11,VNM
M-14327,2023-08-11,VNM
M-14328,2023-08-11,VNM
M-14329,2023-08-11,VNM
M-14330,2023-08-11,VNM
M-14331,2023-08-11,VNM
M-14332,2023-08-11,VNM
M-14333,2023-08-11,VNM
M-14334,2023-08-11,VNM
M-14335,2023-08-11,VNM
M-14336,2023-08-11,VNM
M-14337,2023-08-11,VNM
M-14338,2023-08-11,VNM
M-14339,2023-08-11,THA
M-14340,2023-08-11,LAO
M-14341,2023-08-11,LAO
M-14342,2023-08-11,LAO
M-14343,2023-08-11,VNM
M-14344,2023-08-11,VNM
M-14345,2023-08-11,THA
M-14346,2023-08-11,VNM
M-14347,2023-08-11,VNM
M-14348,2023-08-11,THA
M-14349,2023-08-11,THA
M-14350,2023-08-11,VNM
M-14351,2023-08-11,THA
M-14352,2023-08-11,VNM
M-14353,2023-08-11,VNM
M-14354,2023-08-11,VNM
M-14355,2023-08-11,VNM
M-14356,2023-08-11,VNM
M-14357,2023-08-11,VNM
M-14358,2023-08-11,VNM
M-14359,2023-08-11,VNM
M-14360,2023-08-11,VNM
M-14361,2023-08-11,VNM
M-14362,2023-08-11,VNM
M-14363,2023-08-11,VNM
M-14364,2023-08-11,VNM
M-14365,2023-08-11,VNM
M-14366,2023-08-11,VNM
M-14367,2023-08-11,VNM
M-14368,2023-08-11,VNM
M-14369,2023-08-11,LAO
M-14370,2023-08-11,LAO
M-14371,2023-08-11,LAO
M-14372,2023-08-11,VNM
M-14373,2023-08-11,VNM
M-14374,2023-08-11,VNM
M-14375,2023-08-11,THA
M-14376,2023-08-11,THA
M-14377,2023-08-11,VNM
M-14378,2023-08-11,THA
M-14379,2023-08-11,KHM
M-14380,2023-08-11,KHM
M-14381,2023-08-11,VNM
M-14382,2023-08-11,VNM
M-14383,2023-08-11,VNM
M-14384,2023-08-11,THA
M-14385,2023-08-11,THA
M-14386,2023-08-11,VNM
M-14387,2023-08-11,VNM
M-14388,2023-08-11,VNM
M-14389,2023-08-11,VNM
M-14390,2023-08-11,THA
M-14391,2023-08-11,VNM
M-14392,2023-08-11,VNM
M-14393,2023-08-11,THA
M-14394,2023-08-11,VNM
M-14395,2023-08-11,VNM
M-14396,2023-08-11,VNM
M-14397,2023-08-11,VNM
M-14398,2023-08-11,VNM
M-14399,2023-08-11,VNM
M-14400,2023-08-11,VNM
M-14401,2023-08-11,VNM
M-14402,2023-08-11,VNM
M-14403,2023-08-11,VNM
M-14404,2023-08-11,VNM
M-14405,2023-08-11,VNM
M-14406,2023-08-11,LAO
M-14407,2023-08-11,LAO
M-14408,2023-08-11,VNM
M-14409,2023-08-11,VNM
M-14410,2023-08-11,VNM
M-14411,2023-08-11,VNM
M-14412,2023-08-11,VNM
M-14413,2023-08-11,VNM
M-14414,2023-08-11,KHM
M-14415,2023-08-11,KHM
M-14416,2023-08-11,VNM
M-14417,2023-08-11,THA
M-14418,2023-08-11,VNM
M-14419,2023-08-11,VNM
M-14420,2023-08-11,VNM
M-14421,2023-08-11,VNM
M-14422,2023-08-11,VNM
M-14423,2023-08-11,VNM
M-14424,2023-08-11,VNM
M-14425,2023-08-11,VNM
M-14426,2023-08-11,KHM
M-14427,2023-08-11,VNM
M-14428,2023-08-11,LAO
M-14429,2023-08-11,VNM
M-14430,2023-08-11,VNM
M-14431,2023-08-11,VNM
M-14432,2023-08-11,VNM
M-14433,2023-08-11,KHM
M-14434,2023-08-11,VNM
M-14435,2023-08-11,VNM
M-14436,2023-08-11,VNM
M-14437,2023-08-11,VNM
M-14438,2023-08-11,VNM
M-14439,2023-08-11,VNM
M-14440,2023-08-11,VNM
M-14441,2023-08-11,VNM
M-14442,2023-08-11,VNM
M-14443,2023-08-11,VNM
M-14444,2023-08-11,VNM
M-14445,2023-08-11,THA
M-14446,2023-08-11,THA
M-14447,2023-08-11,VNM
M-14448,2023-08-11,VNM
M-14449,2023-08-11,VNM
M-14450,2023-08-11,VNM
M-14451,2023-08-11,VNM
M-14452,2023-08-11,THA
M-14453,2023-08-11,VNM
M-14454,2023-08-11,LAO
M-14455,2023-08-11,VNM
M-14456,2023-08-11,THA
M-14457,2023-08-11,VNM
M-14458,2023-08-11,VNM
M-14459,2023-08-11,THA
M-14460,2023-08-11,THA
M-14461,2023-08-11,THA
M-14462,2023-08-11,VNM
M-14463,2023-08-11,LAO
M-14464,2023-08-11,VNM
M-14465,2023-08-11,VNM
M-14466,2023-08-11,VNM
M-14467,2023-08-11,VNM
M-14468,2023-08-11,LAO
M-14469,2023-08-11,VNM
M-14470,2023-08-11,VNM
M-14471,2023-08-11,VNM
M-14472,2023-08-11,VNM
M-14473,2023-08-11,VNM
M-14474,2023-08-11,VNM
M-14475,2023-08-11,THA
M-14476,2023-08-11,VNM
M-14477,2023-08-11,VNM
M-14478,2023-08-11,VNM
M-14479,2023-08-11,VNM
M-14480,2023-08-11,VNM
M-14481,2023-08-11,VNM
M-14482,2023-08-11,VNM
M-14483,2023-08-11,VNM
M-14484,2023-08-11,CHN
M-14485,2023-08-11,VNM
M-14486,2023-08-11,THA
M-14487,2023-08-11,VNM
M-14488,2023-08-11,VNM
M-14489,2023-08-11,VNM
M-14490,2023-08-11,VNM
M-14491,2023-08-11,VNM
M-14492,2023-08-11,VNM
M-14493,2023-08-11,VNM
M-14494,2023-08-11,VNM
M-14495,2023-08-11,VNM
M-14496,2023-08-11,VNM
M-14497,2023-08-11,VNM
M-14498,2023-08-11,THA
M-14499,2023-08-11,VNM
M-14500,2023-08-11,VNM
M-14501,2023-08-11,VNM
M-14502,2023-08-11,VNM
M-14503,2023-08-11,VNM
M-14504,2023-08-11,VNM
M-14505,2023-08-11,VNM
M-14506,2023-08-11,VNM
M-14507,2023-08-11,VNM
M-14508,2023-08-11,THA
M-14509,2023-08-11,VNM
M-14510,2023-08-11,THA
M-14511,2023-08-11,VNM
M-14512,2023-08-11,VNM
M-14513,2023-08-11,VNM
M-14514,2023-08-11,VNM
M-14515,2023-08-11,VNM
M-14516,2023-08-11,LAO
M-14517,2023-08-11,VNM
M-14518,2023-08-11,VNM
M-14519,2023-08-11,VNM
M-14520,2023-08-11,VNM
M-14521,2023-08-11,THA
M-14522,2023-08-11,VNM
M-14523,2023-08-11,VNM
M-14524,2023-08-11,VNM
M-14525,2023-08-11,VNM
M-14526,2023-08-11,VNM
M-14527,2023-08-11,VNM
M-14528,2023-08-11,VNM
M-14529,2023-08-11,VNM
M-14530,2023-08-11,VNM
M-14531,2023-08-11,VNM
M-14532,2023-08-11,VNM
M-14533,2023-08-11,KHM
M-14534,2023-08-11,KHM
M-14535,2023-08-11,VNM
M-14536,2023-08-11,VNM
M-14537,2023-08-11,THA
M-14538,2023-08-11,VNM
M-14539,2023-08-11,VNM
M-14540,2023-08-11,VNM
M-14541,2023-08-11,VNM
M-14542,2023-08-11,VNM
M-14543,2023-08-11,VNM
M-14544,2023-08-11,VNM
M-14545,2023-08-11,VNM
M-14546,2023-08-11,VNM
M-14547,2023-08-11,VNM
M-14548,2023-08-11,KHM
M-14549,2023-08-11,VNM
M-14550,2023-08-11,VNM
M-14551,2023-08-11,VNM
M-14552,2023-08-11,VNM
M-14553,2023-08-11,VNM
M-14554,2023-08-11,VNM
M-14555,2023-08-11,VNM
M-14556,2023-08-11,VNM
M-14557,2023-08-11,VNM
M-14558,2023-08-11,VNM
M-14559,2023-08-11,THA
M-14560,2023-08-11,LAO
M-14561,2023-08-11,THA
M-14562,2023-08-11,VNM
M-14563,2023-08-11,VNM
M-14564,2023-08-11,VNM
M-14565,2023-08-11,VNM
M-14566,2023-08-11,VNM
M-14567,2023-08-11,VNM
M-14568,2023-08-11,VNM
M-14569,2023-08-11,VNM
M-14570,2023-08-11,THA
M-14571,2023-08-11,VNM
M-14572,2023-08-11,VNM
M-14573,2023-08-11,VNM
M-14574,2023-08-11,VNM
M-14575,2023-08-11,VNM
M-14576,2023-08-11,VNM
M-14577,2023-08-11,VNM
M-14578,2023-08-11,VNM
M-14579,2023-08-11,KHM
M-14580,2023-08-11,VNM
M-14581,2023-08-11,VNM
M-14582,2023-08-11,VNM
M-14583,2023-08-11,VNM
M-14584,2023-08-11,VNM
M-14585,2023-08-11,VNM
M-14586,2023-08-11,THA
M-14587,2023-08-11,VNM
M-14588,2023-08-11,VNM
M-14589,2023-08-11,VNM
M-14590,2023-08-11,VNM
M-14591,2023-08-11,THA
M-14592,2023-08-11,VNM
M-14593,2023-08-11,THA
M-14594,2023-08-11,VNM
M-14595,2023-08-11,VNM
M-14596,2023-08-11,VNM
M-14597,2023-08-11,VNM
M-14598,2023-08-11,VNM
M-14599,2023-08-11,VNM
M-14600,2023-08-11,VNM
M-14601,2023-08-11,KHM
M-14602,2023-08-11,VNM
M-14603,2023-08-11,VNM
M-14604,2023-08-11,VNM
M-14605,2023-08-11,VNM
M-14606,2023-08-11,VNM
M-14607,2023-08-11,VNM
M-14608,2023-08-11,VNM
M-14609,2023-08-11,THA
M-14610,2023-08-11,VNM
M-14611,2023-08-11,VNM
M-14612,2023-08-11,VNM
M-14613,2023-08-11,THA
M-14614,2023-08-11,VNM
M-14615,2023-08-11,VNM
M-14616,2023-08-11,VNM
M-14617,2023-08-11,VNM
M-14618,2023-08-11,VNM
M-14619,2023-08-11,VNM
M-14620,2023-08-11,VNM
M-14621,2023-08-11,VNM
M-14622,2023-08-11,VNM
M-14623,2023-08-11,THA
M-14624,2023-08-11,THA
M-14625,2023-08-11,THA
M-14626,2023-08-11,VNM
M-14627,2023-08-11,VNM
M-14628,2023-08-11,VNM
M-14629,2023-08-11,VNM
M-14630,2023-08-11,VNM
M-14631,2023-08-11,VNM
M-14632,2023-08-11,VNM
M-14633,2023-08-11,VNM
M-14634,2023-08-11,VNM
M-14635,2023-08-11,VNM
M-14636,2023-08-11,VNM
M-14637,2023-08-11,VNM
M-14638,2023-08-11,VNM
M-14639,2023-08-11,VNM
M-14640,2023-08-11,THA
M-14641,2023-08-11,VNM
M-14642,2023-08-11,VNM
M-14643,2023-08-11,VNM
M-14644,2023-08-11,LAO
M-14645,2023-08-11,THA
M-14646,2023-08-11,VNM
M-14647,2023-08-11,VNM
M-14648,2023-08-11,VNM
M-14649,2023-08-11,VNM
M-14650,2023-08-11,VNM
M-14651,2023-08-11,VNM
M-14652,2023-08-11,VNM
M-14653,2023-08-11,VNM
M-14654,2023-08-11,KHM
M-14655,2023-08-11,VNM
M-14656,2023-08-11,VNM
M-14657,2023-08-11,THA
M-14658,2023-08-11,VNM
M-14659,2023-08-11,VNM
M-14660,2023-08-11,VNM
M-14661,2023-08-11,VNM
M-14662,2023-08-11,VNM
M-14663,2023-08-11,VNM
M-14664,2023-08-11,VNM
M-14665,2023-08-11,THA
M-14666,2023-08-11,VNM
M-14667,2023-08-11,VNM
M-14668,2023-08-11,VNM
M-14669,2023-08-11,KHM
M-14670,2023-08-11,KHM
M-14671,2023-08-11,KHM
M-14672,2023-08-11,VNM
M-14673,2023-08-11,VNM
M-14674,2023-08-11,VNM
M-14675,2023-08-11,VNM
M-14676,2023-08-11,LAO
M-14677,2023-08-11,THA
M-14678,2023-08-11,VNM
M-14679,2023-08-11,LAO
M-14680,2023-08-11,VNM
M-14681,2023-08-11,VNM
M-14682,2023-08-11,VNM
M-14683,2023-08-11,VNM
M-14684,2023-08-11,VNM
M-14685,2023-08-11,VNM
M-14686,2023-08-11,THA
M-14687,2023-08-11,VNM
M-14688,2023-08-11,VNM
M-14689,2023-08-11,VNM
M-14690,2023-08-11,VNM
M-14691,2023-08-11,THA
M-14692,2023-08-11,LAO
M-14693,2023-08-11,THA
M-14694,2023-08-11,VNM
M-14695,2023-08-11,VNM
M-14696,2023-08-11,THA
M-14697,2023-08-11,VNM
M-14698,2023-08-11,KHM
M-14699,2023-08-11,VNM
M-14700,2023-08-11,VNM
M-14701,2023-08-11,VNM
M-14702,2023-08-11,VNM
M-14703,2023-08-11,VNM
H-4635,2023-08-11,VNM
H-4636,2023-08-11,THA
H-4637,2023-08-11,VNM
H-4638,2023-08-11,VNM
H-4639,2023-08-11,VNM
H-4640,2023-08-11,VNM
H-4641,2023-08-11,VNM
H-4642,2023-08-11,KHM
H-4643,2023-08-11,VNM
H-4644,2023-08-11,VNM
H-4645,2023-08-11,VNM
H-4646,2023-08-11,VNM
H-4647,2023-08-11,VNM
H-4648,2023-08-11,VNM
H-4649,2023-08-11,VNM
H-4650,2023-08-11,VNM
H-4651,2023-08-11,VNM
H-4652,2023-08-11,VNM
H-4653,2023-08-11,VNM
H-4654,2023-08-11,VNM
H-4655,2023-08-11,VNM
H-4656,2023-08-11,CHN
H-4657,2023-08-11,VNM
H-4658,2023-08-11,VNM
H-4659,2023-08-11,KHM
H-4660,2023-08-11,VNM
H-4661,2023-08-11,VNM
H-4662,2023-08-11,THA
H-4663,2023-08-11,THA
H-4664,2023-08-11,LAO
H-4665,2023-08-11,VNM
H-4666,2023-08-11,KHM
H-4667,2023-08-11,VNM
H-4668,2023-08-11,VNM
H-4669,2023-08-11,VNM
H-4670,2023-08-11,THA
H-4671,2023-08-11,VNM
H-4672,2023-08-11,VNM
H-4673,2023-08-11,VNM
H-4674,2023-08-11,VNM
H-4675,2023-08-11,THA
H-4676,2023-08-11,LAO
H-4677,2023-08-11,VNM
H-4678,2023-08-11,VNM
H-4679,2023-08-11,VNM
H-4680,2023-08-11,THA
H-4681,2023-08-11,VNM
H-4682,2023-08-11,VNM
H-4683,2023-08-11,VNM
H-4684,2023-08-11,VNM
H-4685,2023-08-11,VNM
H-4686,2023-08-11,VNM
H-4687,2023-08-11,VNM
H-4688,2023-08-11,VNM
H-4689,2023-08-11,VNM
H-4690,2023-08-11,VNM
H-4691,2023-08-11,VNM
H-4692,2023-08-11,VNM
H-4693,2023-08-11,VNM
H-4694,2023-08-11,VNM
H-4695,2023-08-11,VNM
H-4696,2023-08-11,VNM
H-4697,2023-08-11,VNM
H-4698,2023-08-11,VNM
H-4699,2023-08-11,VNM
H-4700,2023-08-11,VNM
H-4701,2023-08-11,VNM
H-4702,2023-08-11,VNM
H-4703,2023-08-11,VNM
H-4704,2023-08-11,VNM
H-4705,2023-08-11,VNM
H-4706,2023-08-11,VNM
H-4707,2023-08-11,VNM
H-4708,2023-08-11,VNM
H-4709,2023-08-11,VNM
H-4710,2023-08-11,VNM
H-4711,2023-08-11,VNM
H-4712,2023-08-11,VNM
H-4713,2023-08-11,KHM
H-4714,2023-08-11,VNM
H-4715,2023-08-11,VNM
H-4716,2023-08-11,LAO
H-4717,2023-08-11,VNM
H-4718,2023-08-11,VNM
H-4719,2023-08-11,VNM
H-4720,2023-08-11,VNM
H-4721,2023-08-11,VNM
H-4722,2023-08-11,VNM
H-4723,2023-08-11,KHM
H-4724,2023-08-11,VNM
H-4725,2023-08-11,VNM
H-4726,2023-08-11,KHM
H-4727,2023-08-11,VNM
H-4728,2023-08-11,VNM
H-4729,2023-08-11,VNM
H-4730,2023-08-11,LAO
H-4731,2023-08-11,VNM
H-4732,2023-08-11,VNM
H-4733,2023-08-11,VNM
H-4734,2023-08-11,VNM
H-4735,2023-08-11,THA
H-4736,2023-08-11,THA
H-4737,2023-08-11,LAO
H-4738,2023-08-11,VNM
H-4739,2023-08-11,THA
H-4740,2023-08-11,VNM
H-4741,2023-08-11,CHN
H-4742,2023-08-11,VNM
H-4743,2023-08-11,VNM
H-4744,2023-08-11,VNM
H-4745,2023-08-11,VNM
H-4746,2023-08-11,VNM
H-4747,2023-08-11,VNM
H-4748,2023-08-11,VNM
H-4749,2023-08-11,VNM
H-4750,2023-08-11,VNM
H-4751,2023-08-11,VNM
H-4752,2023-08-11,VNM
H-4753,2023-08-11,VNM
H-4754,2023-08-11,VNM
H-4755,2023-08-11,VNM
H-4756,2023-08-11,KHM
H-4757,2023-08-11,VNM
H-4758,2023-08-11,VNM
H-4759,2023-08-11,VNM
H-4760,2023-08-11,THA
H-4761,2023-08-11,THA
H-4762,2023-08-11,VNM
H-4763,2023-08-11,VNM
H-4764,2023-08-11,VNM
H-4765,2023-08-11,LAO
H-4766,2023-08-11,VNM
H-4767,2023-08-11,VNM
H-4768,2023-08-11,VNM
H-4769,2023-08-11,VNM
H-4770,2023-08-11,VNM
H-4771,2023-08-11,VNM
H-4772,2023-08-11,VNM
H-4773,2023-08-11,VNM
H-4774,2023-08-11,LAO
H-4775,2023-08-11,LAO
H-4776,2023-08-11,VNM
H-4777,2023-08-11,VNM
H-4778,2023-08-11,VNM
H-4779,2023-08-11,VNM
H-4780,2023-08-11,THA
H-4781,2023-08-11,VNM
H-4782,2023-08-11,VNM
H-4783,2023-08-11,VNM
H-4784,2023-08-11,VNM
H-4785,2023-08-11,VNM
H-4786,2023-08-11,THA
H-4787,2023-08-11,VNM
H-4788,2023-08-11,LAO
H-4789,2023-08-11,VNM
H-4790,2023-08-11,VNM
H-4791,2023-08-11,LAO
H-4792,2023-08-11,VNM
H-4793,2023-08-11,VNM
H-4794,2023-08-11,VNM
H-4795,2023-08-11,VNM
H-4796,2023-08-11,VNM
H-4797,2023-08-11,THA
H-4798,2023-08-11,KHM
H-4799,2023-08-11,LAO
H-4800,2023-08-11,VNM
H-4801,2023-08-11,VNM
H-4802,2023-08-11,VNM
H-4803,2023-08-11,VNM
H-4804,2023-08-11,VNM
H-4805,2023-08-11,VNM
H-4806,2023-08-11,VNM
H-4807,2023-08-11,VNM
H-4808,2023-08-11,VNM
H-4809,2023-08-11,KHM
H-4810,2023-08-11,VNM
H-4811,2023-08-11,VNM
H-4812,2023-08-11,VNM
H-4813,2023-08-11,VNM
H-4814,2023-08-11,VNM
H-4815,2023-08-11,KHM
H-4816,2023-08-11,THA
H-4817,2023-08-11,VNM
H-4818,2023-08-11,LAO
H-4819,2023-08-11,KHM
H-4820,2023-08-11,VNM
H-4821,2023-08-11,VNM
H-4822,2023-08-11,VNM
H-4823,2023-08-11,VNM
H-4824,2023-08-11,VNM
H-4825,2023-08-11,VNM
H-4826,2023-08-11,VNM
H-4827,2023-08-11,VNM
H-4828,2023-08-11,VNM
H-4829,2023-08-11,VNM
H-4830,2023-08-11,VNM
H-4831,2023-08-11,VNM
H-4832,2023-08-11,VNM
H-4833,2023-08-11,KHM
H-4834,2023-08-11,VNM
H-4835,2023-08-11,VNM
H-4836,2023-08-11,VNM
H-4837,2023-08-11,VNM
H-4838,2023-08-11,KHM
H-4839,2023-08-11,VNM
H-4840,2023-08-11,VNM
H-4841,2023-08-11,VNM
H-4842,2023-08-11,VNM
H-4843,2023-08-11,VNM
H-4844,2023-08-11,VNM
H-4845,2023-08-11,VNM
H-4846,2023-08-11,VNM
H-4847,2023-08-11,VNM
H-4848,2023-08-11,THA
H-4849,2023-08-11,VNM
H-4850,2023-08-11,VNM
H-4851,2023-08-11,VNM
H-4852,2023-08-11,THA
H-4853,2023-08-11,VNM
H-4854,2023-08-11,VNM
H-4855,2023-08-11,VNM
H-4856,2023-08-11,KHM
H-4857,2023-08-11,VNM
H-4858,2023-08-11,VNM
H-4859,2023-08-11,VNM
H-4860,2023-08-11,VNM
H-4861,2023-08-11,LAO
H-4862,2023-08-11,KHM
H-4863,2023-08-11,VNM
H-4864,2023-08-11,CHN
H-4865,2023-08-11,VNM
H-4866,2023-08-11,VNM
H-4867,2023-08-11,VNM
H-4868,2023-08-11,VNM
H-4869,2023-08-11,CHN
H-4870,2023-08-11,THA
H-4871,2023-08-11,VNM
H-4872,2023-08-11,VNM
H-4873,2023-08-11,VNM
H-4874,2023-08-11,LAO
H-4875,2023-08-11,KHM
H-4876,2023-08-11,KHM
H-4877,2023-08-11,VNM
H-4878,2023-08-11,VNM
H-4879,2023-08-11,VNM
H-4880,2023-08-11,VNM
H-4881,2023-08-11,VNM
H-4882,2023-08-11,VNM
H-4883,2023-08-11,VNM
H-4884,2023-08-11,VNM
H-4885,2023-08-11,VNM
H-4886,2023-08-11,VNM
H-4887,2023-08-11,KHM
H-4888,2023-08-11,VNM
H-4889,2023-08-11,VNM
H-4890,2023-08-11,VNM
H-4891,2023-08-11,VNM
H-4892,2023-08-11,VNM
H-4893,2023-08-11,VNM
H-4894,2023-08-11,LAO
H-4895,2023-08-11,KHM
H-4896,2023-08-11,VNM
H-4897,2023-08-11,VNM
H-4898,2023-08-11,VNM
H-4899,2023-08-11,THA
H-4900,2023-08-11,VNM
H-4901,2023-08-11,VNM
H-4902,2023-08-11,VNM
H-4903,2023-08-11,VNM
H-4904,2023-08-11,VNM
H-4905,2023-08-11,VNM
H-4906,2023-08-11,VNM
H-4907,2023-08-11,VNM
H-4908,2023-08-11,THA
H-4909,2023-08-11,VNM
H-4910,2023-08-11,VNM
H-4911,2023-08-11,VNM
H-4912,2023-08-11,VNM
H-4913,2023-08-11,VNM
H-4914,2023-08-11,VNM
H-4915,2023-08-11,VNM
H-4916,2023-08-11,LAO
H-4917,2023-08-11,VNM
H-4918,2023-08-11,VNM
H-4919,2023-08-11,VNM
H-4920,2023-08-11,VNM
H-4921,2023-08-11,VNM
H-4922,2023-08-11,VNM
H-4923,2023-08-11,VNM
H-4924,2023-08-11,VNM
H-4925,2023-08-11,VNM
H-4926,2023-08-11,VNM
H-4927,2023-08-11,VNM
H-4928,2023-08-11,THA
H-4929,2023-08-11,VNM
H-4930,2023-08-11,VNM
H-4931,2023-08-11,VNM
H-4932,2023-08-11,VNM
H-4933,2023-08-11,VNM
H-4934,2023-08-11,VNM
H-4935,2023-08-11,VNM
H-4936,2023-08-11,VNM
H-4937,2023-08-11,VNM
H-4938,2023-08-11,VNM
H-4939,2023-08-11,VNM
H-4940,2023-08-11,VNM
H-4941,2023-08-11,VNM
H-4942,2023-08-11,VNM
H-4943,2023-08-11,KHM
H-4944,2023-08-11,LAO
H-4945,2023-08-11,VNM
H-4946,2023-08-11,VNM
H-4947,2023-08-11,VNM
H-4948,2023-08-11,VNM
H-4949,2023-08-11,VNM
H-4950,2023-08-11,VNM
H-4951,2023-08-11,KHM
H-4952,2023-08-11,VNM
H-4953,2023-08-11,VNM
H-4954,2023-08-11,VNM
H-4955,2023-08-11,VNM
H-4956,2023-08-11,VNM
H-4957,2023-08-11,VNM
H-4958,2023-08-11,VNM
H-4959,2023-08-11,VNM
H-4960,2023-08-11,THA
H-4961,2023-08-11,VNM
H-4962,2023-08-11,VNM
H-4963,2023-08-11,VNM
H-4964,2023-08-11,VNM
H-4965,2023-08-11,VNM
H-4966,2023-08-11,VNM
H-4967,2023-08-11,THA
H-4968,2023-08-11,VNM
H-4969,2023-08-11,VNM
H-4970,2023-08-11,VNM
H-4971,2023-08-11,VNM
H-4972,2023-08-11,VNM
H-4973,2023-08-11,VNM
H-4974,2023-08-11,VNM
H-4975,2023-08-11,VNM
H-4976,2023-08-11,VNM
H-4977,2023-08-11,VNM
H-4978,2023-08-11,VNM
H-4979,2023-08-11,VNM
H-4980,2023-08-11,KHM
H-4981,2023-08-11,VNM
H-4982,2023-08-11,VNM
H-4983,2023-08-11,VNM
H-4984,2023-08-11,LAO
H-4985,2023-08-11,LAO
H-4986,2023-08-11,VNM
H-4987,2023-08-11,VNM
H-4988,2023-08-11,VNM
H-4989,2023-08-11,VNM
H-4990,2023-08-11,THA
H-4991,2023-08-11,VNM
H-4992,2023-08-11,VNM
H-4993,2023-08-11,VNM
H-4994,2023-08-11,VNM
H-4995,2023-08-11,VNM
H-4996,2023-08-11,VNM
H-4997,2023-08-11,VNM
H-4998,2023-08-11,VNM
H-4999,2023-08-11,VNM
H-5000,2023-08-11,KHM
H-5001,2023-08-11,THA
H-5002,2023-08-11,KHM
H-5003,2023-08-11,VNM
H-5004,2023-08-11,VNM
H-5005,2023-08-11,VNM
H-5006,2023-08-11,VNM
H-5007,2023-08-11,VNM
H-5008,2023-08-11,VNM
H-5009,2023-08-11,VNM
H-5010,2023-08-11,VNM
H-5011,2023-08-11,VNM
H-5012,2023-08-11,VNM
H-5013,2023-08-11,VNM
H-5014,2023-08-11,VNM
H-5015,2023-08-11,KHM
H-5016,2023-08-11,VNM
H-5017,2023-08-11,VNM
H-5018,2023-08-11,VNM
H-5019,2023-08-11,VNM
H-5020,2023-08-11,VNM
H-5021,2023-08-11,VNM
H-5022,2023-08-11,VNM
H-5023,2023-08-11,VNM
H-5024,2023-08-11,VNM
H-5025,2023-08-11,VNM
H-5026,2023-08-11,VNM
H-5027,2023-08-11,VNM
H-5028,2023-08-11,VNM
H-5029,2023-08-11,VNM
H-5030,2023-08-11,VNM
H-5031,2023-08-11,THA
H-5032,2023-08-11,VNM
H-5033,2023-08-11,THA
H-5034,2023-08-11,VNM
H-5035,2023-08-11,VNM
H-5036,2023-08-11,THA
H-5037,2023-08-11,VNM
H-5038,2023-08-11,VNM
H-5039,2023-08-11,VNM
H-5040,2023-08-11,KHM
H-5041,2023-08-11,VNM
H-5042,2023-08-11,VNM
H-5043,2023-08-11,VNM
H-5044,2023-08-11,VNM
H-5045,2023-08-11,VNM
H-5046,2023-08-11,VNM
H-5047,2023-08-11,KHM
H-5048,2023-08-11,VNM
H-5049,2023-08-11,THA
H-5050,2023-08-11,VNM
H-5051,2023-08-11,VNM
H-5052,2023-08-11,VNM
H-5053,2023-08-11,VNM
H-5054,2023-08-11,LAO
H-5055,2023-08-11,VNM
H-5056,2023-08-11,VNM
H-5057,2023-08-11,VNM
H-5058,2023-08-11,THA
H-5059,2023-08-11,VNM
H-5060,2023-08-11,VNM
H-5061,2023-08-11,VNM
H-5062,2023-08-11,VNM
H-5063,2023-08-11,VNM
H-5064,2023-08-11,LAO
H-5065,2023-08-11,VNM
H-5066,2023-08-11,KHM
H-5067,2023-08-11,VNM
H-5068,2023-08-11,THA
H-5069,2023-08-11,VNM
H-5070,2023-08-11,VNM
H-5071,2023-08-11,VNM
H-5072,2023-08-11,VNM
H-5073,2023-08-11,VNM
H-5074,2023-08-11,VNM
H-5075,2023-08-11,VNM
H-5076,2023-08-11,VNM
H-5077,2023-08-11,VNM
H-5078,2023-08-11,KHM
H-5079,2023-08-11,VNM
H-5080,2023-08-11,KHM
H-5081,2023-08-11,VNM
H-5082,2023-08-11,VNM
H-5083,2023-08-11,VNM
H-5084,2023-08-11,VNM
H-5085,2023-08-11,VNM
H-5086,2023-08-11,VNM
H-5087,2023-08-11,KHM
H-5088,2023-08-11,VNM
H-5089,2023-08-11,VNM
H-5090,2023-08-11,VNM
H-5091,2023-08-11,VNM
H-5092,2023-08-11,THA
H-5093,2023-08-11,VNM
H-5094,2023-08-11,KHM
H-5095,2023-08-11,VNM
H-5096,2023-08-11,VNM
H-5097,2023-08-11,KHM
H-5098,2023-08-11,VNM
H-5099,2023-08-11,VNM
H-5100,2023-08-11,VNM
H-5101,2023-08-11,VNM
H-5102,2023-08-11,VNM
H-5103,2023-08-11,KHM
H-5104,2023-08-11,VNM
H-5105,2023-08-11,VNM
H-5106,2023-08-11,VNM
H-5107,2023-08-11,KHM
H-5108,2023-08-11,VNM
H-5109,2023-08-11,VNM
H-5110,2023-08-11,VNM
H-5111,2023-08-11,VNM
H-5112,2023-08-11,VNM
H-5113,2023-08-11,VNM
H-5114,2023-08-11,VNM
H-5115,2023-08-11,VNM
H-5116,2023-08-11,VNM
H-5117,2023-08-11,VNM
H-5118,2023-08-11,VNM
H-5119,2023-08-11,VNM
H-5120,2023-08-11,VNM
H-5121,2023-08-11,VNM
H-5122,2023-08-11,VNM
H-5123,2023-08-11,VNM
H-5124,2023-08-11,VNM
H-5125,2023-08-11,VNM
H-5126,2023-08-11,LAO
H-5127,2023-08-11,VNM
M-14704,2023-08-11,VNM
M-14705,2023-08-11,VNM
M-14706,2023-08-11,VNM
M-14707,2023-08-11,VNM
M-14708,2023-08-11,VNM
M-14709,2023-08-11,VNM
M-14710,2023-08-11,VNM
M-14711,2023-08-11,THA
M-14712,2023-08-11,THA
M-14713,2023-08-11,VNM
M-14714,2023-08-11,VNM
M-14715,2023-08-11,VNM
M-14716,2023-08-11,VNM
M-14717,2023-08-11,KHM
M-14718,2023-08-11,VNM
M-14719,2023-08-11,VNM
M-14720,2023-08-11,VNM
M-14721,2023-08-11,VNM
M-14722,2023-08-11,VNM
M-14723,2023-08-11,VNM
M-14724,2023-08-11,KHM
M-14725,2023-08-11,KHM
M-14726,2023-08-11,VNM
M-14727,2023-08-11,VNM
M-14728,2023-08-11,VNM
M-14729,2023-08-11,VNM
M-14730,2023-08-11,VNM
M-14731,2023-08-11,VNM
M-14732,2023-08-11,VNM
M-14733,2023-08-11,VNM
M-14734,2023-08-11,VNM
M-14735,2023-08-11,VNM
M-14736,2023-08-11,VNM
M-14737,2023-08-11,VNM
M-14738,2023-08-11,VNM
M-14739,2023-08-11,KHM
M-14740,2023-08-11,KHM
M-14741,2023-08-11,VNM
M-14742,2023-08-11,THA
M-14743,2023-08-11,VNM
M-14744,2023-08-11,VNM
M-14745,2023-08-11,VNM
M-14746,2023-08-11,KHM
M-14747,2023-08-11,KHM
M-14748,2023-08-11,VNM
M-14749,2023-08-11,KHM
M-14750,2023-08-11,VNM
M-14751,2023-08-11,VNM
M-14752,2023-08-11,VNM
M-14753,2023-08-11,VNM
M-14754,2023-08-11,VNM
M-14755,2023-08-11,VNM
M-14756,2023-08-11,KHM
M-14757,2023-08-11,VNM
M-14758,2023-08-11,VNM
M-14759,2023-08-11,VNM
M-14760,2023-08-11,VNM
M-14761,2023-08-11,VNM
M-14762,2023-08-11,VNM
M-14763,2023-08-11,VNM
M-14764,2023-08-11,VNM
M-14765,2023-08-11,VNM
M-14766,2023-08-11,CHN
M-14767,2023-08-11,VNM
M-14768,2023-08-11,VNM
M-14769,2023-08-11,KHM
M-14770,2023-08-11,KHM
M-14771,2023-08-11,VNM
M-14772,2023-08-11,THA
M-14773,2023-08-11,VNM
M-14774,2023-08-11,VNM
M-14775,2023-08-11,VNM
M-14776,2023-08-11,VNM
M-14777,2023-08-11,VNM
M-14778,2023-08-11,VNM
M-14779,2023-08-11,VNM
M-14780,2023-08-11,VNM
M-14781,2023-08-11,VNM
M-14782,2023-08-11,KHM
M-14783,2023-08-11,VNM
M-14784,2023-08-11,VNM
M-14785,2023-08-11,VNM
M-14786,2023-08-11,VNM
M-14787,2023-08-11,VNM
M-14788,2023-08-11,VNM
M-14789,2023-08-11,VNM
M-14790,2023-08-11,THA
M-14791,2023-08-11,THA
M-14792,2023-08-11,VNM
M-14793,2023-08-11,VNM
M-14794,2023-08-11,VNM
M-14795,2023-08-11,VNM
M-14796,2023-08-11,VNM
M-14797,2023-08-11,VNM
M-14798,2023-08-11,VNM
M-14799,2023-08-11,VNM
M-14800,2023-08-11,VNM
M-14801,2023-08-11,VNM
M-14802,2023-08-11,VNM
M-14803,2023-08-11,VNM
M-14804,2023-08-11,VNM
M-14805,2023-08-11,VNM
M-14806,2023-08-11,VNM
M-14807,2023-08-11,VNM
M-14808,2023-08-11,VNM
M-14809,2023-08-11,THA
M-14810,2023-08-11,THA
M-14811,2023-08-11,VNM
M-14812,2023-08-11,VNM
M-14813,2023-08-11,VNM
M-14814,2023-08-11,LAO
M-14815,2023-08-11,LAO
M-14816,2023-08-11,VNM
M-14817,2023-08-11,VNM
M-14818,2023-08-11,VNM
M-14819,2023-08-11,VNM
M-14820,2023-08-11,VNM
M-14821,2023-08-11,VNM
M-14822,2023-08-11,THA
M-14823,2023-08-11,VNM
M-14824,2023-08-11,VNM
M-14825,2023-08-11,KHM
M-14826,2023-08-11,THA
M-14827,2023-08-11,VNM
M-14828,2023-08-11,VNM
M-14829,2023-08-11,VNM
M-14830,2023-08-11,LAO
M-14831,2023-08-11,VNM
M-14832,2023-08-11,VNM
M-14833,2023-08-11,VNM
M-14834,2023-08-11,VNM
M-14835,2023-08-11,VNM
M-14836,2023-08-11,VNM
M-14837,2023-08-11,VNM
M-14838,2023-08-11,VNM
M-14839,2023-08-11,VNM
M-14840,2023-08-11,THA
M-14841,2023-08-11,VNM
M-14842,2023-08-11,VNM
M-14843,2023-08-11,VNM
M-14844,2023-08-11,VNM
M-14845,2023-08-11,THA
M-14846,2023-08-11,VNM
M-14847,2023-08-11,VNM
M-14848,2023-08-11,VNM
M-14849,2023-08-11,VNM
M-14850,2023-08-11,VNM
M-14851,2023-08-11,VNM
M-14852,2023-08-11,THA
M-14853,2023-08-11,VNM
M-14854,2023-08-11,VNM
M-14855,2023-08-11,VNM
M-14856,2023-08-11,VNM
M-14857,2023-08-11,VNM
M-14858,2023-08-11,VNM
M-14859,2023-08-11,VNM
M-14860,2023-08-11,VNM
M-14861,2023-08-11,VNM
M-14862,2023-08-11,VNM
M-14863,2023-08-11,VNM
M-14864,2023-08-11,VNM
M-14865,2023-08-11,VNM
M-14866,2023-08-11,VNM
M-14867,2023-08-11,VNM
M-14868,2023-08-11,VNM
M-14869,2023-08-11,VNM
M-14870,2023-08-11,VNM
M-14871,2023-08-11,VNM
M-14872,2023-08-11,VNM
M-14873,2023-08-11,VNM
M-14874,2023-08-11,VNM
M-14875,2023-08-11,VNM
M-14876,2023-08-11,VNM
M-14877,2023-08-11,VNM
M-14878,2023-08-11,VNM
M-14879,2023-08-11,THA
M-14880,2023-08-11,KHM
M-14881,2023-08-11,VNM
M-14882,2023-08-11,VNM
M-14883,2023-08-11,VNM
M-14884,2023-08-11,VNM
M-14885,2023-08-11,KHM
M-14886,2023-08-11,THA
M-14887,2023-08-11,THA
M-14888,2023-08-11,VNM
M-14889,2023-08-11,VNM
M-14890,2023-08-11,VNM
M-14891,2023-08-11,VNM
M-14892,2023-08-11,VNM
M-14893,2023-08-11,VNM
M-14894,2023-08-11,VNM
M-14895,2023-08-11,VNM
M-14896,2023-08-11,VNM
M-14897,2023-08-11,VNM
M-14898,2023-08-11,VNM
M-14899,2023-08-11,LAO
M-14900,2023-08-11,LAO
M-14901,2023-08-11,VNM
M-14902,2023-08-11,VNM
M-14903,2023-08-11,VNM
M-14904,2023-08-11,VNM
M-14905,2023-08-11,VNM
M-14906,2023-08-11,VNM
M-14907,2023-08-11,VNM
M-14908,2023-08-11,VNM
M-14909,2023-08-11,VNM
M-14910,2023-08-11,VNM
M-14911,2023-08-11,VNM
M-14912,2023-08-11,VNM
M-14913,2023-08-11,VNM
M-14914,2023-08-11,VNM
M-14915,2023-08-11,VNM
M-14916,2023-08-11,VNM
M-14917,2023-08-11,VNM
M-14918,2023-08-11,THA
M-14919,2023-08-11,VNM
M-14920,2023-08-11,VNM
M-14921,2023-08-11,VNM
M-14922,2023-08-11,VNM
M-14923,2023-08-11,VNM
M-14924,2023-08-11,VNM
M-14925,2023-08-11,VNM
M-14926,2023-08-11,VNM
M-14927,2023-08-11,VNM
M-14928,2023-08-11,VNM
M-14929,2023-08-11,VNM
M-14930,2023-08-11,VNM
M-14931,2023-08-11,VNM
M-14932,2023-08-11,THA
M-14933,2023-08-11,VNM
M-14934,2023-08-11,VNM
M-14935,2023-08-11,VNM
M-14936,2023-08-11,VNM
M-14937,2023-08-11,THA
M-14938,2023-08-11,KHM
M-14939,2023-08-11,KHM
M-14940,2023-08-11,KHM
M-14941,2023-08-11,VNM
M-14942,2023-08-11,VNM
M-14943,2023-08-11,VNM
M-14944,2023-08-11,VNM
M-14945,2023-08-11,VNM
M-14946,2023-08-11,VNM
M-14947,2023-08-11,VNM
M-14948,2023-08-11,VNM
M-14949,2023-08-11,VNM
M-14950,2023-08-11,VNM
M-14951,2023-08-11,VNM
M-14952,2023-08-11,VNM
M-14953,2023-08-11,VNM
M-14954,2023-08-11,VNM
M-14955,2023-08-11,VNM
M-14956,2023-08-11,VNM
M-14957,2023-08-11,VNM
M-14958,2023-08-11,VNM
M-14959,2023-08-11,VNM
M-14960,2023-08-11,LAO
M-14961,2023-08-11,LAO
M-14962,2023-08-11,THA
M-14963,2023-08-11,VNM
M-14964,2023-08-11,VNM
M-14965,2023-08-11,VNM
M-14966,2023-08-11,VNM
M-14967,2023-08-11,VNM
M-14968,2023-08-11,VNM
M-14969,2023-08-11,KHM
M-14970,2023-08-11,VNM
M-14971,2023-08-11,KHM
M-14972,2023-08-11,VNM
M-14973,2023-08-11,THA
M-14974,2023-08-11,VNM
M-14975,2023-08-11,VNM
M-14976,2023-08-11,VNM
M-14977,2023-08-11,VNM
M-14978,2023-08-11,VNM
M-14979,2023-08-11,KHM
M-14980,2023-08-11,KHM
M-14981,2023-08-11,VNM
M-14982,2023-08-11,VNM
M-14983,2023-08-11,THA
M-14984,2023-08-11,THA
M-14985,2023-08-11,VNM
M-14986,2023-08-11,VNM
M-14987,2023-08-11,VNM
M-14988,2023-08-11,VNM
M-14989,2023-08-11,VNM
M-14990,2023-08-11,VNM
M-14991,2023-08-11,VNM
M-14992,2023-08-11,VNM
M-14993,2023-08-11,VNM
M-14994,2023-08-11,VNM
M-14995,2023-08-11,VNM
M-14996,2023-08-11,VNM
M-14997,2023-08-11,VNM
M-14998,2023-08-11,VNM
M-14999,2023-08-11,VNM
M-15000,2023-08-11,VNM
M-15001,2023-08-11,VNM
M-15002,2023-08-11,VNM
M-15003,2023-08-11,VNM
M-15004,2023-08-11,CHN
M-15005,2023-08-11,VNM
M-15006,2023-08-11,VNM
M-15007,2023-08-11,VNM
M-15008,2023-08-11,VNM
M-15009,2023-08-11,VNM
M-15010,2023-08-11,VNM
M-15011,2023-08-11,KHM
M-15012,2023-08-11,VNM
M-15013,2023-08-11,VNM
M-15014,2023-08-11,VNM
M-15015,2023-08-11,VNM
M-15016,2023-08-11,VNM
M-15017,2023-08-11,VNM
M-15018,2023-08-11,THA
M-15019,2023-08-11,VNM
M-15020,2023-08-11,VNM
M-15021,2023-08-11,VNM
M-15022,2023-08-11,CHN
M-15023,2023-08-11,VNM
M-15024,2023-08-11,VNM
M-15025,2023-08-11,VNM
M-15026,2023-08-11,KHM
M-15027,2023-08-11,VNM
M-15028,2023-08-11,VNM
M-15029,2023-08-11,VNM
M-15030,2023-08-11,VNM
M-15031,2023-08-11,VNM
M-15032,2023-08-11,KHM
M-15033,2023-08-11,VNM
M-15034,2023-08-11,THA
M-15035,2023-08-11,VNM
M-15036,2023-08-11,VNM
M-15037,2023-08-11,VNM
M-15038,2023-08-11,VNM
M-15039,2023-08-11,VNM
M-15040,2023-08-11,VNM
M-15041,2023-08-11,VNM
M-15042,2023-08-11,VNM
M-15043,2023-08-11,VNM
M-15044,2023-08-11,VNM
M-15045,2023-08-11,VNM
M-15046,2023-08-11,VNM
M-15047,2023-08-11,THA
M-15048,2023-08-11,VNM
M-15049,2023-08-11,VNM
M-15050,2023-08-11,VNM
M-15051,2023-08-11,VNM
M-15052,2023-08-11,VNM
M-15053,2023-08-11,VNM
M-15054,2023-08-11,VNM
M-15055,2023-08-11,VNM
M-15056,2023-08-11,VNM
M-15057,2023-08-11,KHM
M-15058,2023-08-11,KHM
M-15059,2023-08-11,KHM
M-15060,2023-08-11,VNM
M-15061,2023-08-11,VNM
M-15062,2023-08-11,VNM
M-15063,2023-08-11,KHM
M-15064,2023-08-11,VNM
M-15065,2023-08-11,VNM
M-15066,2023-08-11,THA
M-15067,2023-08-11,VNM
M-15068,2023-08-11,VNM
M-15069,2023-08-11,VNM
M-15070,2023-08-11,THA
M-15071,2023-08-11,THA
M-15072,2023-08-11,VNM
M-15073,2023-08-11,KHM
M-15074,2023-08-11,VNM
M-15075,2023-08-11,VNM
M-15076,2023-08-11,VNM
M-15077,2023-08-11,VNM
M-15078,2023-08-11,LAO
M-15079,2023-08-11,LAO
M-15080,2023-08-11,VNM
M-15081,2023-08-11,VNM
M-15082,2023-08-11,KHM
M-15083,2023-08-11,KHM
M-15084,2023-08-11,VNM
M-15085,2023-08-11,VNM
M-15086,2023-08-11,VNM
M-15087,2023-08-11,VNM
M-15088,2023-08-11,VNM
M-15089,2023-08-11,VNM
M-15090,2023-08-11,VNM
M-15091,2023-08-11,VNM
M-15092,2023-08-11,VNM
M-15093,2023-08-11,VNM
M-15094,2023-08-11,VNM
M-15095,2023-08-11,THA
M-15096,2023-08-11,VNM
M-15097,2023-08-11,VNM
M-15098,2023-08-11,VNM
M-15099,2023-08-11,KHM
M-15100,2023-08-11,VNM
M-15101,2023-08-11,VNM
M-15102,2023-08-11,VNM
M-15103,2023-08-11,VNM
M-15104,2023-08-11,VNM
M-15105,2023-08-11,VNM
M-15106,2023-08-11,KHM
M-15107,2023-08-11,LAO
M-15108,2023-08-11,VNM
M-15109,2023-08-11,THA
M-15110,2023-08-11,VNM
M-15111,2023-08-11,VNM
M-15112,2023-08-11,THA
M-15113,2023-08-11,VNM
M-15114,2023-08-11,VNM
M-15115,2023-08-11,VNM
M-15116,2023-08-11,VNM
M-15117,2023-08-11,VNM
M-15118,2023-08-11,VNM
M-15119,2023-08-11,VNM
M-15120,2023-08-11,VNM
M-15121,2023-08-11,VNM
M-15122,2023-08-11,VNM
M-15123,2023-08-11,VNM
M-15124,2023-08-11,VNM
M-15125,2023-08-11,VNM
M-15126,2023-08-11,VNM
M-15127,2023-08-11,KHM
M-15128,2023-08-11,KHM
M-15129,2023-08-11,KHM
M-15130,2023-08-11,CHN
M-15131,2023-08-11,CHN
M-15132,2023-08-11,VNM
M-15133,2023-08-11,VNM
M-15134,2023-08-11,VNM
M-15135,2023-08-11,VNM
M-15136,2023-08-11,VNM
M-15137,2023-08-11,VNM
M-15138,2023-08-11,KHM
M-15139,2023-08-11,KHM
M-15140,2023-08-11,VNM
M-15141,2023-08-11,VNM
M-15142,2023-08-11,VNM
M-15143,2023-08-11,VNM
M-15144,2023-08-11,VNM
M-15145,2023-08-11,VNM
M-15146,2023-08-11,THA
M-15147,2023-08-11,VNM
M-15148,2023-08-11,KHM
M-15149,2023-08-11,VNM
M-15150,2023-08-11,VNM
M-15151,2023-08-11,VNM
M-15152,2023-08-11,VNM
M-15153,2023-08-11,VNM
M-15154,2023-08-11,VNM
M-15155,2023-08-11,CHN
M-15156,2023-08-11,VNM
M-15157,2023-08-11,VNM
M-15158,2023-08-11,KHM
M-15159,2023-08-11,VNM
M-15160,2023-08-11,THA
M-15161,2023-08-11,THA
M-15162,2023-08-11,VNM
M-15163,2023-08-11,VNM
M-15164,2023-08-11,VNM
M-15165,2023-08-11,VNM
M-15166,2023-08-11,VNM
M-15167,2023-08-11,VNM
M-15168,2023-08-11,VNM
M-15169,2023-08-11,VNM
M-15170,2023-08-11,VNM
M-15171,2023-08-11,VNM
M-15172,2023-08-11,VNM
M-15173,2023-08-11,VNM
M-15174,2023-08-11,VNM
M-15175,2023-08-11,VNM
M-15176,2023-08-11,VNM
M-15177,2023-08-11,VNM
M-15178,2023-08-11,VNM
M-15179,2023-08-11,VNM
M-15180,2023-08-11,VNM
M-15181,2023-08-11,VNM
M-15182,2023-08-11,VNM
M-15183,2023-08-11,VNM
M-15184,2023-08-11,VNM
M-15185,2023-08-11,VNM
M-15186,2023-08-11,THA
M-15187,2023-08-11,VNM
M-15188,2023-08-11,VNM
M-15189,2023-08-11,KHM
M-15190,2023-08-11,VNM
M-15191,2023-08-11,VNM
M-15192,2023-08-11,VNM
M-15193,2023-08-11,VNM
M-15194,2023-08-11,VNM
M-15195,2023-08-11,VNM
M-15196,2023-08-11,VNM
M-15197,2023-08-11,VNM
M-15198,2023-08-11,VNM
M-15199,2023-08-11,VNM
M-15200,2023-08-11,VNM
M-15201,2023-08-11,VNM
M-15202,2023-08-11,VNM
M-15203,2023-08-11,VNM
M-15204,2023-08-11,VNM
M-15205,2023-08-11,VNM
M-15206,2023-08-11,VNM
M-15207,2023-08-11,VNM
M-15208,2023-08-11,VNM
M-15209,2023-08-11,VNM
M-15210,2023-08-11,VNM
M-15211,2023-08-11,VNM
M-15212,2023-08-11,VNM
M-15213,2023-08-11,VNM
M-15214,2023-08-11,VNM
M-15215,2023-08-11,THA
M-15216,2023-08-11,VNM
M-15217,2023-08-11,VNM
M-15218,2023-08-11,THA
M-15219,2023-08-11,VNM
M-15220,2023-08-11,CHN
M-15221,2023-08-11,VNM
M-15222,2023-08-11,VNM
M-15223,2023-08-11,VNM
M-15224,2023-08-11,VNM
M-15225,2023-08-11,VNM
M-15226,2023-08-11,VNM
M-15227,2023-08-11,VNM
M-15228,2023-08-11,VNM
M-15229,2023-08-11,VNM
M-15230,2023-08-11,VNM
M-15231,2023-08-11,VNM
M-15232,2023-08-11,VNM
M-15233,2023-08-11,VNM
M-15234,2023-08-11,VNM
M-15235,2023-08-11,VNM
M-15236,2023-08-11,KHM
M-15237,2023-08-11,VNM
M-15238,2023-08-11,VNM
M-15239,2023-08-11,VNM
M-15240,2023-08-11,VNM
M-15241,2023-08-11,KHM
M-15242,2023-08-11,THA
M-15243,2023-08-11,VNM
M-15244,2023-08-11,VNM
M-15245,2023-08-11,VNM
M-15246,2023-08-11,LAO
M-15247,2023-08-11,VNM
M-15248,2023-08-11,VNM
M-15249,2023-08-11,VNM
M-15250,2023-08-11,VNM
M-15251,2023-08-11,VNM
M-15252,2023-08-11,THA
M-15253,2023-08-11,THA
M-15254,2023-08-11,VNM
M-15255,2023-08-11,VNM
M-15256,2023-08-11,KHM
M-15257,2023-08-11,KHM
M-15258,2023-08-11,KHM
M-15259,2023-08-11,VNM
M-15260,2023-08-11,VNM
M-15261,2023-08-11,VNM
M-15262,2023-08-11,VNM
M-15263,2023-08-11,LAO
M-15264,2023-08-11,VNM
M-15265,2023-08-11,VNM
M-15266,2023-08-11,THA
M-15267,2023-08-11,VNM
M-15268,2023-08-11,VNM
M-15269,2023-08-11,VNM
M-15270,2023-08-11,VNM
M-15271,2023-08-11,THA
M-15272,2023-08-11,VNM
M-15273,2023-08-11,VNM
M-15274,2023-08-11,VNM
M-15275,2023-08-11,VNM
M-15276,2023-08-11,VNM
M-15277,2023-08-11,VNM
M-15278,2023-08-11,VNM
M-15279,2023-08-11,VNM
M-15280,2023-08-11,VNM
M-15281,2023-08-11,VNM
M-15282,2023-08-11,VNM
M-15283,2023-08-11,VNM
M-15284,2023-08-11,VNM
M-15285,2023-08-11,VNM
M-15286,2023-08-11,VNM
M-15287,2023-08-11,KHM
M-15288,2023-08-11,KHM
M-15289,2023-08-11,VNM
M-15290,2023-08-11,VNM
M-15291,2023-08-11,THA
M-15292,2023-08-11,VNM
M-15293,2023-08-11,VNM
M-15294,2023-08-11,VNM
M-15295,2023-08-11,VNM
M-15296,2023-08-11,VNM
M-15297,2023-08-11,VNM
M-15298,2023-08-11,VNM
M-15299,2023-08-11,VNM
M-15300,2023-08-11,VNM
M-15301,2023-08-11,THA
M-15302,2023-08-11,VNM
M-15303,2023-08-11,VNM
M-15304,2023-08-11,VNM
M-15305,2023-08-11,VNM
M-15306,2023-08-11,VNM
M-15307,2023-08-11,VNM
M-15308,2023-08-11,VNM
M-15309,2023-08-11,THA
M-15310,2023-08-11,THA
M-15311,2023-08-11,VNM
M-15312,2023-08-11,VNM
M-15313,2023-08-11,VNM
M-15314,2023-08-11,VNM
M-15315,2023-08-11,VNM
M-15316,2023-08-11,VNM
M-15317,2023-08-11,VNM
M-15318,2023-08-11,VNM
M-15319,2023-08-11,KHM
M-15320,2023-08-11,KHM
M-15321,2023-08-11,KHM
M-15322,2023-08-11,VNM
M-15323,2023-08-11,VNM
M-15324,2023-08-11,VNM
M-15325,2023-08-11,VNM
M-15326,2023-08-11,VNM
M-15327,2023-08-11,VNM
M-15328,2023-08-11,VNM
M-15329,2023-08-11,VNM
M-15330,2023-08-11,VNM
M-15331,2023-08-11,VNM
M-15332,2023-08-11,VNM
M-15333,2023-08-11,VNM
M-15334,2023-08-11,KHM
M-15335,2023-08-11,VNM
M-15336,2023-08-11,THA
M-15337,2023-08-11,THA
M-15338,2023-08-11,THA
M-15339,2023-08-11,VNM
M-15340,2023-08-11,VNM
M-15341,2023-08-11,VNM
M-15342,2023-08-11,VNM
M-15343,2023-08-11,VNM
M-15344,2023-08-11,VNM
M-15345,2023-08-11,VNM
M-15346,2023-08-11,VNM
M-15347,2023-08-11,VNM
M-15348,2023-08-11,VNM
M-15349,2023-08-11,VNM
M-15350,2023-08-11,VNM
M-15351,2023-08-11,VNM
M-15352,2023-08-11,VNM
M-15353,2023-08-11,KHM
M-15354,2023-08-11,VNM
M-15355,2023-08-11,VNM
M-15356,2023-08-11,KHM
M-15357,2023-08-11,VNM
M-15358,2023-08-11,VNM
M-15359,2023-08-11,VNM
M-15360,2023-08-11,VNM
M-15361,2023-08-11,VNM
M-15362,2023-08-11,VNM
M-15363,2023-08-11,VNM
M-15364,2023-08-11,VNM
M-15365,2023-08-11,VNM
M-15366,2023-08-11,LAO
M-15367,2023-08-11,VNM
M-15368,2023-08-11,VNM
M-15369,2023-08-11,VNM
M-15370,2023-08-11,VNM
M-15371,2023-08-11,VNM
M-15372,2023-08-11,VNM
M-15373,2023-08-11,VNM
M-15374,2023-08-11,VNM
M-15375,2023-08-11,VNM
M-15376,2023-08-11,VNM
M-15377,2023-08-11,VNM
M-15378,2023-08-11,LAO
M-15379,2023-08-11,LAO
M-15380,2023-08-11,VNM
M-15381,2023-08-11,THA
M-15382,2023-08-11,VNM
M-15383,2023-08-11,VNM
M-15384,2023-08-11,VNM
M-15385,2023-08-11,VNM
M-15386,2023-08-11,VNM
M-15387,2023-08-11,VNM
M-15388,2023-08-11,VNM
M-15389,2023-08-11,KHM
M-15390,2023-08-11,VNM
M-15391,2023-08-11,VNM
M-15392,2023-08-11,VNM
M-15393,2023-08-11,KHM
M-15394,2023-08-11,VNM
M-15395,2023-08-11,VNM
M-15396,2023-08-11,VNM
M-15397,2023-08-11,VNM
M-15398,2023-08-11,VNM
M-15399,2023-08-11,CHN
M-15400,2023-08-11,VNM
M-15401,2023-08-11,THA
M-15402,2023-08-11,THA
M-15403,2023-08-11,VNM
M-15404,2023-08-11,THA
M-15405,2023-08-11,THA
M-15406,2023-08-11,VNM
M-15407,2023-08-11,VNM
M-15408,2023-08-11,VNM
M-15409,2023-08-11,VNM
M-15410,2023-08-11,VNM
M-15411,2023-08-11,VNM
M-15412,2023-08-11,VNM
M-15413,2023-08-11,VNM
M-15414,2023-08-11,KHM
M-15415,2023-08-11,VNM
M-15416,2023-08-11,VNM
M-15417,2023-08-11,VNM
M-15418,2023-08-11,VNM
M-15419,2023-08-11,VNM
M-15420,2023-08-11,VNM
M-15421,2023-08-11,VNM
M-15422,2023-08-11,VNM
M-15423,2023-08-11,VNM
M-15424,2023-08-11,VNM
M-15425,2023-08-11,VNM
M-15426,2023-08-11,VNM
M-15427,2023-08-11,VNM
M-15428,2023-08-11,VNM
M-15429,2023-08-11,VNM
M-15430,2023-08-11,VNM
M-15431,2023-08-11,VNM
M-15432,2023-08-11,VNM
M-15433,2023-08-11,KHM
M-15434,2023-08-11,KHM
M-15435,2023-08-11,THA
M-15436,2023-08-11,VNM
M-15437,2023-08-11,VNM
M-15438,2023-08-11,VNM
M-15439,2023-08-11,KHM
M-15440,2023-08-11,KHM
M-15441,2023-08-11,VNM
M-15442,2023-08-11,VNM
M-15443,2023-08-11,VNM
M-15444,2023-08-11,VNM
M-15445,2023-08-11,VNM
M-15446,2023-08-11,VNM
M-15447,2023-08-11,VNM
M-15448,2023-08-11,VNM
M-15449,2023-08-11,VNM
M-15450,2023-08-11,VNM
M-15451,2023-08-11,VNM
M-15452,2023-08-11,VNM
M-15453,2023-08-11,LAO
M-15454,2023-08-11,VNM
M-15455,2023-08-11,VNM
M-15456,2023-08-11,VNM
M-15457,2023-08-11,VNM
M-15458,2023-08-11,VNM
M-15459,2023-08-11,VNM
M-15460,2023-08-11,VNM
M-15461,2023-08-11,VNM
M-15462,2023-08-11,VNM
M-15463,2023-08-11,VNM
M-15464,2023-08-11,THA
M-15465,2023-08-11,KHM
M-15466,2023-08-11,LAO
M-15467,2023-08-11,VNM
M-15468,2023-08-11,VNM
M-15469,2023-08-11,VNM
M-15470,2023-08-11,VNM
M-15471,2023-08-11,VNM
M-15472,2023-08-11,VNM
M-15473,2023-08-11,VNM
M-15474,2023-08-11,LAO
M-15475,2023-08-11,VNM
M-15476,2023-08-11,VNM
M-15477,2023-08-11,THA
M-15478,2023-08-11,VNM
M-15479,2023-08-11,VNM
M-15480,2023-08-11,KHM
M-15481,2023-08-11,THA
M-15482,2023-08-11,THA
M-15483,2023-08-11,THA
M-15484,2023-08-11,THA
M-15485,2023-08-11,VNM
M-15486,2023-08-11,VNM
M-15487,2023-08-11,THA
M-15488,2023-08-11,KHM
M-15489,2023-08-11,VNM
M-15490,2023-08-11,VNM
M-15491,2023-08-11,VNM
M-15492,2023-08-11,VNM
M-15493,2023-08-11,VNM
M-15494,2023-08-11,VNM
M-15495,2023-08-11,VNM
M-15496,2023-08-11,VNM
M-15497,2023-08-11,VNM
M-15498,2023-08-11,THA
M-15499,2023-08-11,THA
M-15500,2023-08-11,VNM
M-15501,2023-08-11,VNM
M-15502,2023-08-11,VNM
M-15503,2023-08-11,VNM
M-15504,2023-08-11,VNM
M-15505,2023-08-11,VNM
M-15506,2023-08-11,VNM
M-15507,2023-08-11,LAO
M-15508,2023-08-11,KHM
M-15509,2023-08-11,VNM
M-15510,2023-08-11,VNM
M-15511,2023-08-11,VNM
M-15512,2023-08-11,VNM
M-15513,2023-08-11,VNM
M-15514,2023-08-11,THA
M-15515,2023-08-11,VNM
M-15516,2023-08-11,KHM
M-15517,2023-08-11,VNM
M-15518,2023-08-11,VNM
M-15519,2023-08-11,VNM
M-15520,2023-08-11,VNM
M-15521,2023-08-11,VNM
M-15522,2023-08-11,VNM
M-15523,2023-08-11,VNM
M-15524,2023-08-11,VNM
M-15525,2023-08-11,VNM
M-15526,2023-08-11,VNM
M-15527,2023-08-11,VNM
M-15528,2023-08-11,VNM
M-15529,2023-08-11,VNM
M-15530,2023-08-11,VNM
M-15531,2023-08-11,VNM
M-15532,2023-08-11,VNM
M-15533,2023-08-11,VNM
M-15534,2023-08-11,VNM
M-15535,2023-08-11,VNM
M-15536,2023-08-11,VNM
M-15537,2023-08-11,VNM
M-15538,2023-08-11,KHM
M-15539,2023-08-11,VNM
M-15540,2023-08-11,VNM
M-15541,2023-08-11,VNM
M-15542,2023-08-11,VNM
M-15543,2023-08-11,THA
M-15544,2023-08-11,THA
M-15545,2023-08-11,THA
M-15546,2023-08-11,VNM
M-15547,2023-08-11,VNM
M-15548,2023-08-11,VNM
M-15549,2023-08-11,VNM
M-15550,2023-08-11,VNM
M-15551,2023-08-11,VNM
M-15552,2023-08-11,LAO
M-15553,2023-08-11,LAO
M-15554,2023-08-11,LAO
M-15555,2023-08-11,LAO
M-15556,2023-08-11,VNM
M-15557,2023-08-11,KHM
M-15558,2023-08-11,VNM
M-15559,2023-08-11,VNM
M-15560,2023-08-11,THA
M-15561,2023-08-11,VNM
M-15562,2023-08-11,VNM
M-15563,2023-08-11,VNM
M-15564,2023-08-11,VNM
M-15565,2023-08-11,VNM
M-15566,2023-08-11,VNM
M-15567,2023-08-11,VNM
M-15568,2023-08-11,VNM
M-15569,2023-08-11,VNM
M-15570,2023-08-11,VNM
M-15571,2023-08-11,VNM
M-15572,2023-08-11,VNM
M-15573,2023-08-11,KHM
M-15574,2023-08-11,KHM
M-15575,2023-08-11,VNM
M-15576,2023-08-11,VNM
M-15577,2023-08-11,VNM
M-15578,2023-08-11,VNM
M-15579,2023-08-11,VNM
M-15580,2023-08-11,VNM
M-15581,2023-08-11,VNM
M-15582,2023-08-11,VNM
M-15583,2023-08-11,VNM
M-15584,2023-08-11,VNM
M-15585,2023-08-11,VNM
M-15586,2023-08-11,VNM
M-15587,2023-08-11,VNM
M-15588,2023-08-11,VNM
M-15589,2023-08-11,VNM
M-15590,2023-08-11,VNM
M-15591,2023-08-11,VNM
M-15592,2023-08-11,VNM
M-15593,2023-08-11,VNM
M-15594,2023-08-11,VNM
M-15595,2023-08-11,VNM
M-15596,2023-08-11,VNM
M-15597,2023-08-11,KHM
M-15598,2023-08-11,KHM
M-15599,2023-08-11,THA
M-15600,2023-08-11,THA
M-15601,2023-08-11,VNM
M-15602,2023-08-11,VNM
M-15603,2023-08-11,VNM
M-15604,2023-08-11,VNM
M-15605,2023-08-11,VNM
M-15606,2023-08-11,VNM
M-15607,2023-08-11,LAO
M-15608,2023-08-11,LAO
M-15609,2023-08-11,LAO
M-15610,2023-08-11,VNM
M-15611,2023-08-11,VNM
M-15612,2023-08-11,VNM
M-15613,2023-08-11,VNM
M-15614,2023-08-11,VNM
M-15615,2023-08-11,VNM
M-15616,2023-08-11,VNM
M-15617,2023-08-11,VNM
M-15618,2023-08-11,VNM
M-15619,2023-08-11,VNM
M-15620,2023-08-11,VNM
M-15621,2023-08-11,VNM
M-15622,2023-08-11,VNM
M-15623,2023-08-11,VNM
M-15624,2023-08-11,THA
M-15625,2023-08-11,VNM
M-15626,2023-08-11,VNM
M-15627,2023-08-11,VNM
M-15628,2023-08-11,LAO
M-15629,2023-08-11,LAO
M-15630,2023-08-11,VNM
M-15631,2023-08-11,VNM
M-15632,2023-08-11,VNM
M-15633,2023-08-11,THA
M-15634,2023-08-11,VNM
M-15635,2023-08-11,THA
M-15636,2023-08-11,THA
M-15637,2023-08-11,VNM
M-15638,2023-08-11,VNM
M-15639,2023-08-11,VNM
M-15640,2023-08-11,VNM
M-15641,2023-08-11,VNM
M-15642,2023-08-11,VNM
M-15643,2023-08-11,KHM
M-15644,2023-08-11,VNM
M-15645,2023-08-11,VNM
M-15646,2023-08-11,VNM
M-15647,2023-08-11,VNM
M-15648,2023-08-11,VNM
M-15649,2023-08-11,VNM
M-15650,2023-08-11,VNM
M-15651,2023-08-11,VNM
M-15652,2023-08-11,VNM
M-15653,2023-08-11,VNM
M-15654,2023-08-11,VNM
M-15655,2023-08-11,CHN
M-15656,2023-08-11,VNM
M-15657,2023-08-11,VNM
M-15658,2023-08-11,VNM
M-15659,2023-08-11,VNM
M-15660,2023-08-11,VNM
M-15661,2023-08-11,VNM
M-15662,2023-08-11,VNM
M-15663,2023-08-11,VNM
M-15664,2023-08-11,VNM
M-15665,2023-08-11,KHM
M-15666,2023-08-11,KHM
M-15667,2023-08-11,VNM
M-15668,2023-08-11,VNM
M-15669,2023-08-11,VNM
M-15670,2023-08-11,VNM
M-15671,2023-08-11,THA
M-15672,2023-08-11,KHM
M-15673,2023-08-11,KHM
M-15674,2023-08-11,KHM
M-15675,2023-08-11,VNM
M-15676,2023-08-11,LAO
M-15677,2023-08-11,VNM
M-15678,2023-08-11,VNM
M-15679,2023-08-11,VNM
M-15680,2023-08-11,VNM
M-15681,2023-08-11,VNM
M-15682,2023-08-11,VNM
M-15683,2023-08-11,VNM
M-15684,2023-08-11,THA
M-15685,2023-08-11,THA
M-15686,2023-08-11,VNM
M-15687,2023-08-11,KHM
M-15688,2023-08-11,THA
M-15689,2023-08-11,THA
M-15690,2023-08-11,THA
M-15691,2023-08-11,LAO
M-15692,2023-08-11,VNM
M-15693,2023-08-11,VNM
M-15694,2023-08-11,LAO
M-15695,2023-08-11,VNM
M-15696,2023-08-11,VNM
M-15697,2023-08-11,VNM
M-15698,2023-08-11,VNM
M-15699,2023-08-11,VNM
M-15700,2023-08-11,LAO
M-15701,2023-08-11,LAO
M-15702,2023-08-11,THA
M-15703,2023-08-11,VNM
M-15704,2023-08-11,VNM
M-15705,2023-08-11,VNM
M-15706,2023-08-11,VNM
M-15707,2023-08-11,KHM
M-15708,2023-08-11,VNM
M-15709,2023-08-11,VNM
M-15710,2023-08-11,VNM
M-15711,2023-08-11,VNM
M-15712,2023-08-11,VNM
M-15713,2023-08-11,VNM
M-15714,2023-08-11,VNM
M-15715,2023-08-11,VNM
M-15716,2023-08-11,VNM
M-15717,2023-08-11,THA
M-15718,2023-08-11,THA
M-15719,2023-08-11,VNM
M-15720,2023-08-11,VNM
M-15721,2023-08-11,VNM
M-15722,2023-08-11,VNM
M-15723,2023-08-11,VNM
M-15724,2023-08-11,VNM
M-15725,2023-08-11,VNM
M-15726,2023-08-11,VNM
M-15727,2023-08-11,VNM
M-15728,2023-08-11,KHM
M-15729,2023-08-11,VNM
M-15730,2023-08-11,VNM
M-15731,2023-08-11,VNM
M-15732,2023-08-11,KHM
M-15733,2023-08-11,KHM
M-15734,2023-08-11,THA
M-15735,2023-08-11,THA
M-15736,2023-08-11,LAO
M-15737,2023-08-11,VNM
M-15738,2023-08-11,THA
M-15739,2023-08-11,VNM
M-15740,2023-08-11,THA
M-15741,2023-08-11,THA
M-15742,2023-08-11,VNM
M-15743,2023-08-11,VNM
M-15744,2023-08-11,VNM
M-15745,2023-08-11,THA
M-15746,2023-08-11,VNM
M-15747,2023-08-11,VNM
M-15748,2023-08-11,VNM
M-15749,2023-08-11,VNM
M-15750,2023-08-11,VNM
M-15751,2023-08-11,VNM
M-15752,2023-08-11,VNM
M-15753,2023-08-11,VNM
M-15754,2023-08-11,VNM
M-15755,2023-08-11,VNM
M-15756,2023-08-11,VNM
M-15757,2023-08-11,VNM
M-15758,2023-08-11,VNM
M-15759,2023-08-11,VNM
M-15760,2023-08-11,VNM
M-15761,2023-08-11,VNM
M-15762,2023-08-11,VNM
M-15763,2023-08-11,VNM
M-15764,2023-08-11,VNM
M-15765,2023-08-11,THA
M-15766,2023-08-11,THA
M-15767,2023-08-11,THA
M-15768,2023-08-11,VNM
M-15769,2023-08-11,VNM
M-15770,2023-08-11,LAO
M-15771,2023-08-11,LAO
M-15772,2023-08-11,THA
M-15773,2023-08-11,THA
M-15774,2023-08-11,THA
M-15775,2023-08-11,THA
M-15776,2023-08-11,KHM
M-15777,2023-08-11,KHM
M-15778,2023-08-11,VNM
M-15779,2023-08-11,VNM
M-15780,2023-08-11,THA
M-15781,2023-08-11,VNM
M-15782,2023-08-11,VNM
M-15783,2023-08-11,VNM
M-15784,2023-08-11,VNM
M-15785,2023-08-11,VNM
M-15786,2023-08-11,VNM
M-15787,2023-08-11,VNM
M-15788,2023-08-11,VNM
M-15789,2023-08-11,VNM
M-15790,2023-08-11,VNM
M-15791,2023-08-11,VNM
M-15792,2023-08-11,VNM
M-15793,2023-08-11,VNM
M-15794,2023-08-11,VNM
M-15795,2023-08-11,VNM
M-15796,2023-08-11,VNM
M-15797,2023-08-11,VNM
M-15798,2023-08-11,VNM
M-15799,2023-08-11,VNM
M-15800,2023-08-11,VNM
M-15801,2023-08-11,VNM
M-15802,2023-08-11,VNM
M-15803,2023-08-11,VNM
M-15804,2023-08-11,VNM
M-15805,2023-08-11,LAO
M-15806,2023-08-11,LAO
M-15807,2023-08-11,LAO
M-15808,2023-08-11,VNM
M-15809,2023-08-11,VNM
M-15810,2023-08-11,VNM
M-15811,2023-08-11,VNM
M-15812,2023-08-11,VNM
M-15813,2023-08-11,VNM
M-15814,2023-08-11,VNM
M-15815,2023-08-11,VNM
M-15816,2023-08-11,VNM
M-15817,2023-08-11,VNM
M-15818,2023-08-11,VNM
M-15819,2023-08-11,VNM
M-15820,2023-08-11,VNM
M-15821,2023-08-11,VNM
M-15822,2023-08-11,VNM
M-15823,2023-08-11,VNM
M-15824,2023-08-11,VNM
M-15825,2023-08-11,VNM
M-15826,2023-08-11,VNM
M-15827,2023-08-11,VNM
M-15828,2023-08-11,VNM
M-15829,2023-08-11,VNM
M-15830,2023-08-11,VNM
M-15831,2023-08-11,VNM
M-15832,2023-08-11,VNM
M-15833,2023-08-11,VNM
M-15834,2023-08-11,VNM
M-15835,2023-08-11,VNM
M-15836,2023-08-11,VNM
M-15837,2023-08-11,VNM
M-15838,2023-08-11,VNM
M-15839,2023-08-11,VNM
M-15840,2023-08-11,VNM
M-15841,2023-08-11,VNM
M-15842,2023-08-11,VNM
M-15843,2023-08-11,VNM
M-15844,2023-08-11,KHM
M-15845,2023-08-11,KHM
M-15846,2023-08-11,THA
M-15847,2023-08-11,VNM
M-15848,2023-08-11,VNM
M-15849,2023-08-11,VNM
M-15850,2023-08-11,VNM
M-15851,2023-08-11,VNM
M-15852,2023-08-11,VNM
M-15853,2023-08-11,VNM
M-15854,2023-08-11,KHM
M-15855,2023-08-11,KHM
M-15856,2023-08-11,VNM
M-15857,2023-08-11,VNM
M-15858,2023-08-11,VNM
M-15859,2023-08-11,THA
M-15860,2023-08-11,VNM
M-15861,2023-08-11,VNM
M-15862,2023-08-11,VNM
M-15863,2023-08-11,VNM
M-15864,2023-08-11,VNM
M-15865,2023-08-11,VNM
M-15866,2023-08-11,VNM
M-15867,2023-08-11,VNM
M-15868,2023-08-11,VNM
M-15869,2023-08-11,THA
M-15870,2023-08-11,KHM
M-15871,2023-08-11,KHM
M-15872,2023-08-11,THA
M-15873,2023-08-11,VNM
M-15874,2023-08-11,VNM
M-15875,2023-08-11,VNM
M-15876,2023-08-11,VNM
M-15877,2023-08-11,VNM
M-15878,2023-08-11,VNM
M-15879,2023-08-11,THA
M-15880,2023-08-11,LAO
M-15881,2023-08-11,VNM
M-15882,2023-08-11,VNM
M-15883,2023-08-11,VNM
M-15884,2023-08-11,VNM
M-15885,2023-08-11,KHM
M-15886,2023-08-11,KHM
M-15887,2023-08-11,LAO
M-15888,2023-08-11,VNM
M-15889,2023-08-11,VNM
M-15890,2023-08-11,LAO
M-15891,2023-08-11,VNM
M-15892,2023-08-11,VNM
M-15893,2023-08-11,VNM
M-15894,2023-08-11,VNM
M-15895,2023-08-11,VNM
M-15896,2023-08-11,LAO
M-15897,2023-08-11,LAO
M-15898,2023-08-11,VNM
M-15899,2023-08-11,THA
M-15900,2023-08-11,VNM
M-15901,2023-08-11,VNM
M-15902,2023-08-11,VNM
M-15903,2023-08-11,VNM
M-15904,2023-08-11,VNM
M-15905,2023-08-11,VNM
M-15906,2023-08-11,KHM
M-15907,2023-08-11,VNM
M-15908,2023-08-11,VNM
M-15909,2023-08-11,VNM
M-15910,2023-08-11,VNM
M-15911,2023-08-11,VNM
M-15912,2023-08-11,THA
M-15913,2023-08-11,VNM
M-15914,2023-08-11,VNM
M-15915,2023-08-11,VNM
M-15916,2023-08-11,VNM
M-15917,2023-08-11,VNM
M-15918,2023-08-11,VNM
M-15919,2023-08-11,THA
M-15920,2023-08-11,KHM
M-15921,2023-08-11,KHM
M-15922,2023-08-11,VNM
M-15923,2023-08-11,VNM
M-15924,2023-08-11,VNM
M-15925,2023-08-11,VNM
M-15926,2023-08-11,VNM
M-15927,2023-08-11,VNM
M-15928,2023-08-11,VNM
M-15929,2023-08-11,VNM
M-15930,2023-08-11,VNM
M-15931,2023-08-11,VNM
M-15932,2023-08-11,VNM
M-15933,2023-08-11,CHN
M-15934,2023-08-11,VNM
M-15935,2023-08-11,VNM
M-15936,2023-08-11,VNM
M-15937,2023-08-11,VNM
M-15938,2023-08-11,VNM
M-15939,2023-08-11,THA
M-15940,2023-08-11,VNM
M-15941,2023-08-11,VNM
M-15942,2023-08-11,VNM
M-15943,2023-08-11,VNM
M-15944,2023-08-11,VNM
M-15945,2023-08-11,THA
M-15946,2023-08-11,KHM
M-15947,2023-08-11,KHM
M-15948,2023-08-11,KHM
M-15949,2023-08-11,VNM
M-15950,2023-08-11,VNM
M-15951,2023-08-11,VNM
M-15952,2023-08-11,VNM
M-15953,2023-08-11,VNM
M-15954,2023-08-11,VNM
M-15955,2023-08-11,VNM
M-15956,2023-08-11,VNM
M-15957,2023-08-11,VNM
M-15958,2023-08-11,VNM
M-15959,2023-08-11,VNM
M-15960,2023-08-11,THA
M-15961,2023-08-11,VNM
M-15962,2023-08-11,VNM
M-15963,2023-08-11,VNM
M-15964,2023-08-11,VNM
M-15965,2023-08-11,VNM
M-15966,2023-08-11,VNM
M-15967,2023-08-11,VNM
M-15968,2023-08-11,VNM
M-15969,2023-08-11,VNM
M-15970,2023-08-11,VNM
M-15971,2023-08-11,VNM
M-15972,2023-08-11,VNM
M-15973,2023-08-11,VNM
M-15974,2023-08-11,VNM
M-15975,2023-08-11,VNM
M-15976,2023-08-11,VNM
M-15977,2023-08-11,VNM
M-15978,2023-08-11,VNM
M-15979,2023-08-11,LAO
M-15980,2023-08-11,VNM
M-15981,2023-08-11,VNM
M-15982,2023-08-11,VNM
M-15983,2023-08-11,VNM
M-15984,2023-08-11,VNM
M-15985,2023-08-11,VNM
M-15986,2023-08-11,VNM
M-15987,2023-08-11,VNM
M-15988,2023-08-11,VNM
M-15989,2023-08-11,LAO
M-15990,2023-08-11,LAO
M-15991,2023-08-11,VNM
M-15992,2023-08-11,VNM
M-15993,2023-08-11,VNM
M-15994,2023-08-11,VNM
M-15995,2023-08-11,VNM
M-15996,2023-08-11,VNM
M-15997,2023-08-11,VNM
M-15998,2023-08-11,VNM
M-15999,2023-08-11,VNM
M-16000,2023-08-11,VNM
M-16001,2023-08-11,VNM
M-16002,2023-08-11,VNM
M-16003,2023-08-11,VNM
M-16004,2023-08-11,VNM
M-16005,2023-08-11,VNM
M-16006,2023-08-11,VNM
M-16007,2023-08-11,VNM
M-16008,2023-08-11,VNM
M-16009,2023-08-11,THA
M-16010,2023-08-11,KHM
M-16011,2023-08-11,VNM
M-16012,2023-08-11,VNM
M-16013,2023-08-11,VNM
M-16014,2023-08-11,VNM
M-16015,2023-08-11,VNM
M-16016,2023-08-11,VNM
M-16017,2023-08-11,VNM
M-16018,2023-08-11,VNM
M-16019,2023-08-11,VNM
M-16020,2023-08-11,VNM
M-16021,2023-08-11,VNM
M-16022,2023-08-11,VNM
M-16023,2023-08-11,VNM
M-16024,2023-08-11,VNM
M-16025,2023-08-11,VNM
M-16026,2023-08-11,THA
M-16027,2023-08-11,VNM
M-16028,2023-08-11,VNM
M-16029,2023-08-11,KHM
M-16030,2023-08-11,VNM
M-16031,2023-08-11,KHM
M-16032,2023-08-11,VNM
M-16033,2023-08-11,VNM
M-16034,2023-08-11,VNM
M-16035,2023-08-11,VNM
M-16036,2023-08-11,LAO
M-16037,2023-08-11,VNM
M-16038,2023-08-11,KHM
M-16039,2023-08-11,VNM
M-16040,2023-08-11,VNM
M-16041,2023-08-11,VNM
M-16042,2023-08-11,KHM
M-16043,2023-08-11,VNM
M-16044,2023-08-11,VNM
M-16045,2023-08-11,VNM
M-16046,2023-08-11,KHM
M-16047,2023-08-11,VNM
M-16048,2023-08-11,VNM
M-16049,2023-08-11,LAO
M-16050,2023-08-11,THA
M-16051,2023-08-11,THA
M-16052,2023-08-11,VNM
M-16053,2023-08-11,THA
M-16054,2023-08-11,LAO
M-16055,2023-08-11,THA
M-16056,2023-08-11,VNM
M-16057,2023-08-11,THA
M-16058,2023-08-11,VNM
M-16059,2023-08-11,VNM
M-16060,2023-08-11,VNM
M-16061,2023-08-11,VNM
M-16062,2023-08-11,VNM
M-16063,2023-08-11,VNM
M-16064,2023-08-11,VNM
M-16065,2023-08-11,VNM
M-16066,2023-08-11,VNM
M-16067,2023-08-11,VNM
M-16068,2023-08-11,VNM
M-16069,2023-08-11,VNM
M-16070,2023-08-11,VNM
M-16071,2023-08-11,VNM
M-16072,2023-08-11,VNM
M-16073,2023-08-11,VNM
M-16074,2023-08-11,VNM
M-16075,2023-08-11,VNM
M-16076,2023-08-11,VNM
M-16077,2023-08-11,VNM
M-16078,2023-08-11,LAO
M-16079,2023-08-11,LAO
M-16080,2023-08-11,VNM
M-16081,2023-08-11,VNM
M-16082,2023-08-11,VNM
M-16083,2023-08-11,VNM
M-16084,2023-08-11,VNM
M-16085,2023-08-11,VNM
M-16086,2023-08-11,VNM
M-16087,2023-08-11,VNM
M-16088,2023-08-11,VNM
M-16089,2023-08-11,VNM
M-16090,2023-08-11,VNM
M-16091,2023-08-11,VNM
M-16092,2023-08-11,VNM
M-16093,2023-08-11,VNM
M-16094,2023-08-11,VNM
M-16095,2023-08-11,THA
M-16096,2023-08-11,VNM
M-16097,2023-08-11,THA
M-16098,2023-08-11,VNM
M-16099,2023-08-11,VNM
M-16100,2023-08-11,VNM
M-16101,2023-08-11,VNM
M-16102,2023-08-11,VNM
M-16103,2023-08-11,VNM
M-16104,2023-08-11,VNM
M-16105,2023-08-11,VNM
M-16106,2023-08-11,VNM
M-16107,2023-08-11,VNM
M-16108,2023-08-11,VNM
M-16109,2023-08-11,VNM
M-16110,2023-08-11,VNM
M-16111,2023-08-11,THA
M-16112,2023-08-11,VNM
M-16113,2023-08-11,VNM
M-16114,2023-08-11,VNM
M-16115,2023-08-11,VNM
M-16116,2023-08-11,VNM
M-16117,2023-08-11,VNM
M-16118,2023-08-11,VNM
M-16119,2023-08-11,VNM
M-16120,2023-08-11,VNM
M-16121,2023-08-11,VNM
M-16122,2023-08-11,VNM
M-16123,2023-08-11,VNM
M-16124,2023-08-11,VNM
M-16125,2023-08-11,VNM
M-16126,2023-08-11,VNM
M-16127,2023-08-11,VNM
M-16128,2023-08-11,VNM
M-16129,2023-08-11,VNM
M-16130,2023-08-11,KHM
M-16131,2023-08-11,KHM
M-16132,2023-08-11,THA
M-16133,2023-08-11,VNM
M-16134,2023-08-11,VNM
M-16135,2023-08-11,VNM
M-16136,2023-08-11,CHN
M-16137,2023-08-11,VNM
M-16138,2023-08-11,THA
M-16139,2023-08-11,VNM
M-16140,2023-08-11,VNM
M-16141,2023-08-11,VNM
M-16142,2023-08-11,VNM
M-16143,2023-08-11,VNM
M-16144,2023-08-11,VNM
M-16145,2023-08-11,VNM
M-16146,2023-08-11,VNM
M-16147,2023-08-11,VNM
M-16148,2023-08-11,VNM
M-16149,2023-08-11,VNM
M-16150,2023-08-11,VNM
M-16151,2023-08-11,THA
M-16152,2023-08-11,VNM
M-16153,2023-08-11,VNM
M-16154,2023-08-11,VNM
M-16155,2023-08-11,THA
M-16156,2023-08-11,VNM
M-16157,2023-08-11,KHM
M-16158,2023-08-11,KHM
M-16159,2023-08-11,VNM
M-16160,2023-08-11,VNM
M-16161,2023-08-11,VNM
M-16162,2023-08-11,VNM
M-16163,2023-08-11,THA
M-16164,2023-08-11,VNM
M-16165,2023-08-11,VNM
M-16166,2023-08-11,VNM
M-16167,2023-08-11,VNM
M-16168,2023-08-11,VNM
M-16169,2023-08-11,VNM
M-16170,2023-08-11,VNM
M-16171,2023-08-11,VNM
M-16172,2023-08-11,VNM
M-16173,2023-08-11,THA
M-16174,2023-08-11,VNM
M-16175,2023-08-11,THA
M-16176,2023-08-11,THA
M-16177,2023-08-11,KHM
M-16178,2023-08-11,VNM
M-16179,2023-08-11,VNM
M-16180,2023-08-11,THA
M-16181,2023-08-11,VNM
M-16182,2023-08-11,VNM
M-16183,2023-08-11,THA
M-16184,2023-08-11,VNM
M-16185,2023-08-11,VNM
M-16186,2023-08-11,VNM
M-16187,2023-08-11,VNM
M-16188,2023-08-11,KHM
M-16189,2023-08-11,THA
M-16190,2023-08-11,VNM
M-16191,2023-08-11,VNM
M-16192,2023-08-11,VNM
M-16193,2023-08-11,VNM
M-16194,2023-08-11,VNM
M-16195,2023-08-11,VNM
M-16196,2023-08-11,VNM
M-16197,2023-08-11,VNM
M-16198,2023-08-11,KHM
M-16199,2023-08-11,THA
M-16200,2023-08-11,THA
M-16201,2023-08-11,VNM
M-16202,2023-08-11,VNM
M-16203,2023-08-11,VNM
M-16204,2023-08-11,VNM
M-16205,2023-08-11,VNM
M-16206,2023-08-11,VNM
M-16207,2023-08-11,VNM
M-16208,2023-08-11,VNM
M-16209,2023-08-11,VNM
M-16210,2023-08-11,KHM
M-16211,2023-08-11,KHM
M-16212,2023-08-11,VNM
M-16213,2023-08-11,VNM
M-16214,2023-08-11,VNM
M-16215,2023-08-11,VNM
M-16216,2023-08-11,VNM
M-16217,2023-08-11,VNM
M-16218,2023-08-11,KHM
M-16219,2023-08-11,VNM
M-16220,2023-08-11,VNM
M-16221,2023-08-11,VNM
M-16222,2023-08-11,THA
M-16223,2023-08-11,THA
M-16224,2023-08-11,VNM
M-16225,2023-08-11,VNM
M-16226,2023-08-11,VNM
M-16227,2023-08-11,VNM
M-16228,2023-08-11,VNM
M-16229,2023-08-11,KHM
M-16230,2023-08-11,VNM
M-16231,2023-08-11,VNM
M-16232,2023-08-11,VNM
M-16233,2023-08-11,VNM
M-16234,2023-08-11,VNM
M-16235,2023-08-11,VNM
M-16236,2023-08-11,VNM
M-16237,2023-08-11,VNM
M-16238,2023-08-11,VNM
M-16239,2023-08-11,LAO
M-16240,2023-08-11,VNM
M-16241,2023-08-11,VNM
M-16242,2023-08-11,VNM
M-16243,2023-08-11,KHM
M-16244,2023-08-11,THA
M-16245,2023-08-11,VNM
M-16246,2023-08-11,VNM
M-16247,2023-08-11,VNM
M-16248,2023-08-11,VNM
M-16249,2023-08-11,VNM
M-16250,2023-08-11,VNM
M-16251,2023-08-11,VNM
M-16252,2023-08-11,VNM
M-16253,2023-08-11,VNM
M-16254,2023-08-11,VNM
M-16255,2023-08-11,VNM
M-16256,2023-08-11,VNM
M-16257,2023-08-11,LAO
M-16258,2023-08-11,VNM
M-16259,2023-08-11,THA
M-16260,2023-08-11,VNM
M-16261,2023-08-11,VNM
M-16262,2023-08-11,THA
M-16263,2023-08-11,KHM
M-16264,2023-08-11,VNM
M-16265,2023-08-11,VNM
M-16266,2023-08-11,VNM
M-16267,2023-08-11,KHM
M-16268,2023-08-11,VNM
M-16269,2023-08-11,VNM
M-16270,2023-08-11,VNM
M-16271,2023-08-11,KHM
M-16272,2023-08-11,VNM
M-16273,2023-08-11,VNM
M-16274,2023-08-11,VNM
M-16275,2023-08-11,VNM
M-16276,2023-08-11,VNM
M-16277,2023-08-11,THA
M-16278,2023-08-11,THA
M-16279,2023-08-11,VNM
M-16280,2023-08-11,VNM
M-16281,2023-08-11,VNM
M-16282,2023-08-11,KHM
M-16283,2023-08-11,VNM
M-16284,2023-08-11,VNM
M-16285,2023-08-11,VNM
M-16286,2023-08-11,VNM
M-16287,2023-08-11,VNM
M-16288,2023-08-11,VNM
M-16289,2023-08-11,THA
M-16290,2023-08-11,VNM
M-16291,2023-08-11,VNM
M-16292,2023-08-11,VNM
M-16293,2023-08-11,VNM
M-16294,2023-08-11,VNM
M-16295,2023-08-11,THA
M-16296,2023-08-11,VNM
M-16297,2023-08-11,VNM
M-16298,2023-08-11,VNM
M-16299,2023-08-11,LAO
M-16300,2023-08-11,VNM
M-16301,2023-08-11,VNM
M-16302,2023-08-11,VNM
M-16303,2023-08-11,VNM
M-16304,2023-08-11,VNM
M-16305,2023-08-11,VNM
M-16306,2023-08-11,VNM
M-16307,2023-08-11,VNM
M-16308,2023-08-11,VNM
M-16309,2023-08-11,VNM
M-16310,2023-08-11,VNM
M-16311,2023-08-11,VNM
M-16312,2023-08-11,VNM
M-16313,2023-08-11,VNM
M-16314,2023-08-11,VNM
M-16315,2023-08-11,VNM
M-16316,2023-08-11,VNM
M-16317,2023-08-11,VNM
M-16318,2023-08-11,VNM
M-16319,2023-08-11,VNM
M-16320,2023-08-11,VNM
M-16321,2023-08-11,VNM
